[2026-02-05 15:44:07] WARN: Unable to parse time value | {"context":"ExcelParser","value":"W"}
[2026-02-05 15:44:07] WARN: Unable to parse time value | {"context":"ExcelParser","value":"W"}
[2026-02-05 15:44:07] WARN: Unable to parse time value | {"context":"ExcelParser","value":"A"}
[2026-02-05 15:44:07] WARN: Unable to parse time value | {"context":"ExcelParser","value":"W"}
[2026-02-05 15:44:07] WARN: Unable to parse time value | {"context":"ExcelParser","value":"W"}
[2026-02-05 15:44:07] WARN: Unable to parse time value | {"context":"ExcelParser","value":"NS"}
[2026-02-05 15:44:07] WARN: Unable to parse time value | {"context":"ExcelParser","value":"NS"}
[2026-02-05 15:44:07] WARN: Unable to parse time value | {"context":"ExcelParser","value":"NS"}
[2026-02-05 15:44:07] WARN: Unable to parse time value | {"context":"ExcelParser","value":"E"}
[2026-02-05 15:44:07] WARN: Unable to parse time value | {"context":"ExcelParser","value":"W"}
[2026-02-05 15:44:07] WARN: Unable to parse time value | {"context":"ExcelParser","value":"W"}
[2026-02-05 15:44:07] WARN: Unable to parse time value | {"context":"ExcelParser","value":"L"}
[2026-02-05 15:44:07] WARN: Unable to parse time value | {"context":"ExcelParser","value":"L"}
[2026-02-05 15:44:07] WARN: Unable to parse time value | {"context":"ExcelParser","value":"NS"}
[2026-02-05 15:44:07] WARN: Unable to parse time value | {"context":"ExcelParser","value":"NS"}
[2026-02-05 15:44:07] WARN: Unable to parse time value | {"context":"ExcelParser","value":"L"}
[2026-02-05 15:44:07] WARN: Unable to parse time value | {"context":"ExcelParser","value":"W"}
[2026-02-05 15:44:07] WARN: Unable to parse time value | {"context":"ExcelParser","value":"L"}
[2026-02-05 15:44:07] WARN: Unable to parse time value | {"context":"ExcelParser","value":"W"}
[2026-02-05 15:44:07] WARN: Unable to parse time value | {"context":"ExcelParser","value":"L"}
[2026-02-05 15:44:07] WARN: Unable to parse time value | {"context":"ExcelParser","value":"NS"}
[2026-02-05 15:44:07] WARN: Unable to parse time value | {"context":"ExcelParser","value":"NS"}
[2026-02-05 15:44:07] WARN: Unable to parse time value | {"context":"ExcelParser","value":"W"}
[2026-02-05 15:44:07] WARN: Unable to parse time value | {"context":"ExcelParser","value":"L"}
[2026-02-05 15:44:07] WARN: Unable to parse time value | {"context":"ExcelParser","value":"W"}
[2026-02-05 15:44:07] WARN: Unable to parse time value | {"context":"ExcelParser","value":"W"}
[2026-02-05 15:44:07] WARN: Unable to parse time value | {"context":"ExcelParser","value":"L"}
[2026-02-05 15:44:07] WARN: Unable to parse time value | {"context":"ExcelParser","value":"NS"}
[2026-02-05 15:44:07] WARN: Unable to parse time value | {"context":"ExcelParser","value":"NS"}
[2026-02-05 15:44:07] WARN: Unable to parse time value | {"context":"ExcelParser","value":"NS"}
[2026-02-05 15:44:07] WARN: Unable to parse time value | {"context":"ExcelParser","value":"W"}
[2026-02-05 15:44:07] WARN: Unable to parse time value | {"context":"ExcelParser","value":"W"}
[2026-02-05 15:44:07] WARN: Unable to parse time value | {"context":"ExcelParser","value":"A"}
[2026-02-05 15:44:07] WARN: Unable to parse time value | {"context":"ExcelParser","value":"W"}
[2026-02-05 15:44:07] WARN: Unable to parse time value | {"context":"ExcelParser","value":"W"}
[2026-02-05 15:44:07] WARN: Unable to parse time value | {"context":"ExcelParser","value":"NS"}
[2026-02-05 15:44:07] WARN: Unable to parse time value | {"context":"ExcelParser","value":"NS"}
[2026-02-05 15:44:07] WARN: Unable to parse time value | {"context":"ExcelParser","value":"W"}
[2026-02-05 15:44:07] WARN: Unable to parse time value | {"context":"ExcelParser","value":"W"}
[2026-02-05 15:44:07] WARN: Unable to parse time value | {"context":"ExcelParser","value":"W"}
[2026-02-05 15:44:07] WARN: Unable to parse time value | {"context":"ExcelParser","value":"W"}
[2026-02-05 15:44:07] WARN: Unable to parse time value | {"context":"ExcelParser","value":"W"}
[2026-02-05 15:44:07] WARN: Unable to parse time value | {"context":"ExcelParser","value":"NS"}
[2026-02-05 15:44:07] WARN: Unable to parse time value | {"context":"ExcelParser","value":"NS"}
[2026-02-05 15:44:07] WARN: Unable to parse time value | {"context":"ExcelParser","value":"W"}
[2026-02-05 15:44:07] WARN: Unable to parse time value | {"context":"ExcelParser","value":"W"}
[2026-02-05 15:44:07] WARN: Unable to parse time value | {"context":"ExcelParser","value":"W"}
[2026-02-05 15:44:07] WARN: Unable to parse time value | {"context":"ExcelParser","value":"W"}
[2026-02-05 15:44:07] WARN: Unable to parse time value | {"context":"ExcelParser","value":"W"}
[2026-02-05 15:44:07] WARN: Unable to parse time value | {"context":"ExcelParser","value":"NS"}
[2026-02-05 15:44:07] WARN: Unable to parse time value | {"context":"ExcelParser","value":"NS"}
[2026-02-05 15:44:07] WARN: Unable to parse time value | {"context":"ExcelParser","value":"NS"}
[2026-02-05 15:44:07] WARN: Unable to parse time value | {"context":"ExcelParser","value":"W"}
[2026-02-05 15:44:07] WARN: Unable to parse time value | {"context":"ExcelParser","value":"L"}
[2026-02-05 15:44:07] WARN: Unable to parse time value | {"context":"ExcelParser","value":"W"}
[2026-02-05 15:44:07] WARN: Unable to parse time value | {"context":"ExcelParser","value":"W"}
[2026-02-05 15:44:07] WARN: Unable to parse time value | {"context":"ExcelParser","value":"W"}
[2026-02-05 15:44:07] WARN: Unable to parse time value | {"context":"ExcelParser","value":"NS"}
[2026-02-05 15:44:07] WARN: Unable to parse time value | {"context":"ExcelParser","value":"NS"}
[2026-02-05 15:44:07] WARN: Unable to parse time value | {"context":"ExcelParser","value":"W"}
[2026-02-05 15:44:07] WARN: Unable to parse time value | {"context":"ExcelParser","value":"A"}
[2026-02-05 15:44:07] WARN: Unable to parse time value | {"context":"ExcelParser","value":"A"}
[2026-02-05 15:44:07] WARN: Unable to parse time value | {"context":"ExcelParser","value":"A"}
[2026-02-05 15:44:07] WARN: Unable to parse time value | {"context":"ExcelParser","value":"W"}
[2026-02-05 15:44:07] WARN: Unable to parse time value | {"context":"ExcelParser","value":"NS"}
[2026-02-05 15:44:07] WARN: Unable to parse time value | {"context":"ExcelParser","value":"NS"}
[2026-02-05 15:44:07] WARN: Unable to parse time value | {"context":"ExcelParser","value":"W"}
[2026-02-05 15:44:07] WARN: Unable to parse time value | {"context":"ExcelParser","value":"W"}
[2026-02-05 15:44:07] WARN: Unable to parse time value | {"context":"ExcelParser","value":"A"}
[2026-02-05 15:44:07] WARN: Unable to parse time value | {"context":"ExcelParser","value":"L"}
[2026-02-05 15:44:07] WARN: Unable to parse time value | {"context":"ExcelParser","value":"W"}
[2026-02-05 15:44:07] WARN: Unable to parse time value | {"context":"ExcelParser","value":"NS"}
[2026-02-05 15:44:07] WARN: Unable to parse time value | {"context":"ExcelParser","value":"NS"}
[2026-02-05 15:44:07] WARN: Unable to parse time value | {"context":"ExcelParser","value":"NS"}
[2026-02-05 15:44:07] WARN: Unable to parse time value | {"context":"ExcelParser","value":"W"}
[2026-02-05 15:44:07] WARN: Unable to parse time value | {"context":"ExcelParser","value":"W"}
[2026-02-05 15:44:07] WARN: Unable to parse time value | {"context":"ExcelParser","value":"W"}
[2026-02-05 15:44:07] WARN: Unable to parse time value | {"context":"ExcelParser","value":"W"}
[2026-02-05 15:44:07] WARN: Unable to parse time value | {"context":"ExcelParser","value":"W"}
[2026-02-05 15:44:07] WARN: Unable to parse time value | {"context":"ExcelParser","value":"NS"}
[2026-02-05 15:44:07] WARN: Unable to parse time value | {"context":"ExcelParser","value":"NS"}
[2026-02-05 15:44:07] WARN: Unable to parse time value | {"context":"ExcelParser","value":"W"}
[2026-02-05 15:44:07] WARN: Unable to parse time value | {"context":"ExcelParser","value":"A"}
[2026-02-05 15:44:07] WARN: Unable to parse time value | {"context":"ExcelParser","value":"A"}
[2026-02-05 15:44:07] WARN: Unable to parse time value | {"context":"ExcelParser","value":"W"}
[2026-02-05 15:44:07] WARN: Unable to parse time value | {"context":"ExcelParser","value":"A"}
[2026-02-05 15:44:07] WARN: Unable to parse time value | {"context":"ExcelParser","value":"NS"}
[2026-02-05 15:44:07] WARN: Unable to parse time value | {"context":"ExcelParser","value":"NS"}
[2026-02-05 15:44:07] WARN: Unable to parse time value | {"context":"ExcelParser","value":"W"}
[2026-02-05 15:44:07] WARN: Unable to parse time value | {"context":"ExcelParser","value":"W"}
[2026-02-05 15:44:07] WARN: Unable to parse time value | {"context":"ExcelParser","value":"W"}
[2026-02-05 15:44:07] WARN: Unable to parse time value | {"context":"ExcelParser","value":"W"}
[2026-02-05 15:44:07] WARN: Unable to parse time value | {"context":"ExcelParser","value":"W"}
[2026-02-05 15:44:07] WARN: Unable to parse time value | {"context":"ExcelParser","value":"NS"}
[2026-02-05 15:44:07] WARN: Unable to parse time value | {"context":"ExcelParser","value":"NS"}
[2026-02-05 15:44:07] WARN: Unable to parse time value | {"context":"ExcelParser","value":"NS"}
[2026-02-05 15:44:07] WARN: Unable to parse time value | {"context":"ExcelParser","value":"W"}
[2026-02-05 15:44:07] WARN: Unable to parse time value | {"context":"ExcelParser","value":"W"}
[2026-02-05 15:44:07] WARN: Unable to parse time value | {"context":"ExcelParser","value":"L"}
[2026-02-05 15:44:07] WARN: Unable to parse time value | {"context":"ExcelParser","value":"W"}
[2026-02-05 15:44:07] WARN: Unable to parse time value | {"context":"ExcelParser","value":"L"}
[2026-02-05 15:44:07] WARN: Unable to parse time value | {"context":"ExcelParser","value":"NS"}
[2026-02-05 15:44:07] WARN: Unable to parse time value | {"context":"ExcelParser","value":"NS"}
[2026-02-05 15:44:07] WARN: Unable to parse time value | {"context":"ExcelParser","value":"A"}
[2026-02-05 15:44:07] WARN: Unable to parse time value | {"context":"ExcelParser","value":"A"}
[2026-02-05 15:44:07] WARN: Unable to parse time value | {"context":"ExcelParser","value":"W"}
[2026-02-05 15:44:07] WARN: Unable to parse time value | {"context":"ExcelParser","value":"A"}
[2026-02-05 15:44:07] WARN: Unable to parse time value | {"context":"ExcelParser","value":"A"}
[2026-02-05 15:44:07] WARN: Unable to parse time value | {"context":"ExcelParser","value":"NS"}
[2026-02-05 15:44:07] WARN: Unable to parse time value | {"context":"ExcelParser","value":"NS"}
[2026-02-05 15:44:07] WARN: Unable to parse time value | {"context":"ExcelParser","value":"W"}
[2026-02-05 15:44:07] WARN: Unable to parse time value | {"context":"ExcelParser","value":"A"}
[2026-02-05 15:44:07] WARN: Unable to parse time value | {"context":"ExcelParser","value":"L"}
[2026-02-05 15:44:07] WARN: Unable to parse time value | {"context":"ExcelParser","value":"W"}
[2026-02-05 15:44:07] WARN: Unable to parse time value | {"context":"ExcelParser","value":"W"}
[2026-02-05 15:44:07] WARN: Unable to parse time value | {"context":"ExcelParser","value":"NS"}
[2026-02-05 15:44:07] WARN: Unable to parse time value | {"context":"ExcelParser","value":"NS"}
[2026-02-05 15:44:07] WARN: Unable to parse time value | {"context":"ExcelParser","value":"NS"}
[2026-02-05 15:44:07] WARN: Unable to parse time value | {"context":"ExcelParser","value":"W"}
[2026-02-05 15:44:07] WARN: Unable to parse time value | {"context":"ExcelParser","value":"W"}
[2026-02-05 15:44:07] WARN: Unable to parse time value | {"context":"ExcelParser","value":"W"}
[2026-02-05 15:44:07] WARN: Unable to parse time value | {"context":"ExcelParser","value":"W"}
[2026-02-05 15:44:07] WARN: Unable to parse time value | {"context":"ExcelParser","value":"W"}
[2026-02-05 15:44:07] WARN: Unable to parse time value | {"context":"ExcelParser","value":"NS"}
[2026-02-05 15:44:07] WARN: Unable to parse time value | {"context":"ExcelParser","value":"NS"}
[2026-02-05 15:44:07] WARN: Unable to parse time value | {"context":"ExcelParser","value":"W"}
[2026-02-05 15:44:07] WARN: Unable to parse time value | {"context":"ExcelParser","value":"W"}
[2026-02-05 15:44:07] WARN: Unable to parse time value | {"context":"ExcelParser","value":"W"}
[2026-02-05 15:44:07] WARN: Unable to parse time value | {"context":"ExcelParser","value":"W"}
[2026-02-05 15:44:07] WARN: Unable to parse time value | {"context":"ExcelParser","value":"W"}
[2026-02-05 15:44:07] WARN: Unable to parse time value | {"context":"ExcelParser","value":"NS"}
[2026-02-05 15:44:07] WARN: Unable to parse time value | {"context":"ExcelParser","value":"NS"}
[2026-02-05 15:44:07] WARN: Unable to parse time value | {"context":"ExcelParser","value":"W"}
[2026-02-05 15:44:07] WARN: Unable to parse time value | {"context":"ExcelParser","value":"W"}
[2026-02-05 15:44:07] WARN: Unable to parse time value | {"context":"ExcelParser","value":"A"}
[2026-02-05 15:44:07] WARN: Unable to parse time value | {"context":"ExcelParser","value":"W"}
[2026-02-05 15:44:07] WARN: Unable to parse time value | {"context":"ExcelParser","value":"W"}
[2026-02-05 15:44:07] WARN: Unable to parse time value | {"context":"ExcelParser","value":"NS"}
[2026-02-05 15:44:07] WARN: Unable to parse time value | {"context":"ExcelParser","value":"NS"}
[2026-02-05 15:44:07] WARN: Unable to parse time value | {"context":"ExcelParser","value":"NS"}
[2026-02-05 15:44:07] WARN: Unable to parse time value | {"context":"ExcelParser","value":"W"}
[2026-02-05 15:44:07] WARN: Unable to parse time value | {"context":"ExcelParser","value":"L"}
[2026-02-05 15:44:07] WARN: Unable to parse time value | {"context":"ExcelParser","value":"L"}
[2026-02-05 15:44:07] WARN: Unable to parse time value | {"context":"ExcelParser","value":"W"}
[2026-02-05 15:44:07] WARN: Unable to parse time value | {"context":"ExcelParser","value":"L"}
[2026-02-05 15:44:07] WARN: Unable to parse time value | {"context":"ExcelParser","value":"NS"}
[2026-02-05 15:44:07] WARN: Unable to parse time value | {"context":"ExcelParser","value":"NS"}
[2026-02-05 15:44:07] WARN: Unable to parse time value | {"context":"ExcelParser","value":"W"}
[2026-02-05 15:44:07] WARN: Unable to parse time value | {"context":"ExcelParser","value":"W"}
[2026-02-05 15:44:07] WARN: Unable to parse time value | {"context":"ExcelParser","value":"W"}
[2026-02-05 15:44:07] WARN: Unable to parse time value | {"context":"ExcelParser","value":"W"}
[2026-02-05 15:44:07] WARN: Unable to parse time value | {"context":"ExcelParser","value":"L"}
[2026-02-05 15:44:07] WARN: Unable to parse time value | {"context":"ExcelParser","value":"NS"}
[2026-02-05 15:44:07] WARN: Unable to parse time value | {"context":"ExcelParser","value":"NS"}
[2026-02-05 15:44:07] WARN: Unable to parse time value | {"context":"ExcelParser","value":"W"}
[2026-02-05 15:44:07] WARN: Unable to parse time value | {"context":"ExcelParser","value":"W"}
[2026-02-05 15:44:07] WARN: Unable to parse time value | {"context":"ExcelParser","value":"W"}
[2026-02-05 15:44:07] WARN: Unable to parse time value | {"context":"ExcelParser","value":"W"}
[2026-02-05 15:44:07] WARN: Unable to parse time value | {"context":"ExcelParser","value":"W"}
[2026-02-05 15:44:07] WARN: Unable to parse time value | {"context":"ExcelParser","value":"NS"}
[2026-02-05 15:44:07] WARN: Unable to parse time value | {"context":"ExcelParser","value":"NS"}
[2026-02-05 15:44:07] WARN: Unable to parse time value | {"context":"ExcelParser","value":"NS"}
[2026-02-05 15:44:07] WARN: Unable to parse time value | {"context":"ExcelParser","value":"W"}
[2026-02-05 15:44:07] WARN: Unable to parse time value | {"context":"ExcelParser","value":"W"}
[2026-02-05 15:44:07] WARN: Unable to parse time value | {"context":"ExcelParser","value":"W"}
[2026-02-05 15:44:07] WARN: Unable to parse time value | {"context":"ExcelParser","value":"W"}
[2026-02-05 15:44:07] WARN: Unable to parse time value | {"context":"ExcelParser","value":"W"}
[2026-02-05 15:44:07] WARN: Unable to parse time value | {"context":"ExcelParser","value":"NS"}
[2026-02-05 15:44:07] WARN: Unable to parse time value | {"context":"ExcelParser","value":"NS"}
[2026-02-05 15:44:07] WARN: Unable to parse time value | {"context":"ExcelParser","value":"W"}
[2026-02-05 15:44:07] WARN: Unable to parse time value | {"context":"ExcelParser","value":"A"}
[2026-02-05 15:44:07] WARN: Unable to parse time value | {"context":"ExcelParser","value":"W"}
[2026-02-05 15:44:07] WARN: Unable to parse time value | {"context":"ExcelParser","value":"A"}
[2026-02-05 15:44:07] WARN: Unable to parse time value | {"context":"ExcelParser","value":"L"}
[2026-02-05 15:44:07] WARN: Unable to parse time value | {"context":"ExcelParser","value":"NS"}
[2026-02-05 15:44:07] WARN: Unable to parse time value | {"context":"ExcelParser","value":"NS"}
[2026-02-05 15:44:07] WARN: Unable to parse time value | {"context":"ExcelParser","value":"W"}
[2026-02-05 15:44:07] WARN: Unable to parse time value | {"context":"ExcelParser","value":"W"}
[2026-02-05 15:44:07] WARN: Unable to parse time value | {"context":"ExcelParser","value":"W"}
[2026-02-05 15:44:07] WARN: Unable to parse time value | {"context":"ExcelParser","value":"W"}
[2026-02-05 15:44:07] WARN: Unable to parse time value | {"context":"ExcelParser","value":"W"}
[2026-02-05 15:44:07] WARN: Unable to parse time value | {"context":"ExcelParser","value":"NS"}
[2026-02-05 15:44:07] WARN: Unable to parse time value | {"context":"ExcelParser","value":"NS"}
[2026-02-05 15:44:07] WARN: Unable to parse time value | {"context":"ExcelParser","value":"NS"}
[2026-02-05 15:44:07] WARN: Unable to parse time value | {"context":"ExcelParser","value":"W"}
[2026-02-05 15:44:07] WARN: Unable to parse time value | {"context":"ExcelParser","value":"W"}
[2026-02-05 15:44:07] WARN: Unable to parse time value | {"context":"ExcelParser","value":"W"}
[2026-02-05 15:44:07] WARN: Unable to parse time value | {"context":"ExcelParser","value":"W"}
[2026-02-05 15:44:07] WARN: Unable to parse time value | {"context":"ExcelParser","value":"W"}
[2026-02-05 15:44:07] WARN: Unable to parse time value | {"context":"ExcelParser","value":"NS"}
[2026-02-05 15:44:07] WARN: Unable to parse time value | {"context":"ExcelParser","value":"NS"}
[2026-02-05 15:44:07] WARN: Unable to parse time value | {"context":"ExcelParser","value":"W"}
[2026-02-05 15:44:07] WARN: Unable to parse time value | {"context":"ExcelParser","value":"W"}
[2026-02-05 15:44:07] WARN: Unable to parse time value | {"context":"ExcelParser","value":"A"}
[2026-02-05 15:44:07] WARN: Unable to parse time value | {"context":"ExcelParser","value":"A"}
[2026-02-05 15:44:07] WARN: Unable to parse time value | {"context":"ExcelParser","value":"L"}
[2026-02-05 15:44:07] WARN: Unable to parse time value | {"context":"ExcelParser","value":"NS"}
[2026-02-05 15:44:07] WARN: Unable to parse time value | {"context":"ExcelParser","value":"NS"}
[2026-02-05 15:44:07] WARN: Unable to parse time value | {"context":"ExcelParser","value":"W"}
[2026-02-05 15:44:07] WARN: Unable to parse time value | {"context":"ExcelParser","value":"A"}
[2026-02-05 15:44:07] WARN: Unable to parse time value | {"context":"ExcelParser","value":"W"}
[2026-02-05 15:44:07] WARN: Unable to parse time value | {"context":"ExcelParser","value":"W"}
[2026-02-05 15:44:07] WARN: Unable to parse time value | {"context":"ExcelParser","value":"LE"}
[2026-02-05 15:44:07] WARN: Unable to parse time value | {"context":"ExcelParser","value":"NS"}
[2026-02-05 15:44:07] WARN: Unable to parse time value | {"context":"ExcelParser","value":"NS"}
[2026-02-05 15:44:07] WARN: Unable to parse time value | {"context":"ExcelParser","value":"NS"}
[2026-02-05 15:44:07] WARN: Unable to parse time value | {"context":"ExcelParser","value":"W"}
[2026-02-05 15:44:07] WARN: Unable to parse time value | {"context":"ExcelParser","value":"W"}
[2026-02-05 15:44:07] WARN: Unable to parse time value | {"context":"ExcelParser","value":"E"}
[2026-02-05 15:44:07] WARN: Unable to parse time value | {"context":"ExcelParser","value":"W"}
[2026-02-05 15:44:07] WARN: Unable to parse time value | {"context":"ExcelParser","value":"E"}
[2026-02-05 15:44:07] WARN: Unable to parse time value | {"context":"ExcelParser","value":"NS"}
[2026-02-05 15:44:07] WARN: Unable to parse time value | {"context":"ExcelParser","value":"NS"}
[2026-02-05 15:44:07] WARN: Unable to parse time value | {"context":"ExcelParser","value":"E"}
[2026-02-05 15:44:07] WARN: Unable to parse time value | {"context":"ExcelParser","value":"W"}
[2026-02-05 15:44:07] WARN: Unable to parse time value | {"context":"ExcelParser","value":"LE"}
[2026-02-05 15:44:07] WARN: Unable to parse time value | {"context":"ExcelParser","value":"E"}
[2026-02-05 15:44:07] WARN: Unable to parse time value | {"context":"ExcelParser","value":"E"}
[2026-02-05 15:44:07] WARN: Unable to parse time value | {"context":"ExcelParser","value":"NS"}
[2026-02-05 15:44:07] WARN: Unable to parse time value | {"context":"ExcelParser","value":"NS"}
[2026-02-05 15:44:07] WARN: Unable to parse time value | {"context":"ExcelParser","value":"E"}
[2026-02-05 15:44:07] WARN: Unable to parse time value | {"context":"ExcelParser","value":"W"}
[2026-02-05 15:44:07] WARN: Unable to parse time value | {"context":"ExcelParser","value":"A"}
[2026-02-05 15:44:07] WARN: Unable to parse time value | {"context":"ExcelParser","value":"W"}
[2026-02-05 15:44:07] WARN: Unable to parse time value | {"context":"ExcelParser","value":"E"}
[2026-02-05 15:44:07] WARN: Unable to parse time value | {"context":"ExcelParser","value":"NS"}
[2026-02-05 15:44:07] WARN: Unable to parse time value | {"context":"ExcelParser","value":"NS"}
[2026-02-05 15:44:07] WARN: Unable to parse time value | {"context":"ExcelParser","value":"NS"}
[2026-02-05 15:44:07] WARN: Unable to parse time value | {"context":"ExcelParser","value":"W"}
[2026-02-05 15:44:07] WARN: Unable to parse time value | {"context":"ExcelParser","value":"W"}
[2026-02-05 15:44:07] WARN: Unable to parse time value | {"context":"ExcelParser","value":"W"}
[2026-02-05 15:44:07] WARN: Unable to parse time value | {"context":"ExcelParser","value":"W"}
[2026-02-05 15:44:07] WARN: Unable to parse time value | {"context":"ExcelParser","value":"W"}
[2026-02-05 15:44:07] WARN: Unable to parse time value | {"context":"ExcelParser","value":"NS"}
[2026-02-05 15:44:07] WARN: Unable to parse time value | {"context":"ExcelParser","value":"NS"}
[2026-02-05 15:44:07] WARN: Unable to parse time value | {"context":"ExcelParser","value":"W"}
[2026-02-05 15:44:07] WARN: Unable to parse time value | {"context":"ExcelParser","value":"W"}
[2026-02-05 15:44:07] WARN: Unable to parse time value | {"context":"ExcelParser","value":"W"}
[2026-02-05 15:44:07] WARN: Unable to parse time value | {"context":"ExcelParser","value":"W"}
[2026-02-05 15:44:07] WARN: Unable to parse time value | {"context":"ExcelParser","value":"W"}
[2026-02-05 15:44:07] WARN: Unable to parse time value | {"context":"ExcelParser","value":"NS"}
[2026-02-05 15:44:07] WARN: Unable to parse time value | {"context":"ExcelParser","value":"NS"}
[2026-02-05 15:44:07] WARN: Unable to parse time value | {"context":"ExcelParser","value":"W"}
[2026-02-05 15:44:07] WARN: Unable to parse time value | {"context":"ExcelParser","value":"W"}
[2026-02-05 15:44:07] WARN: Unable to parse time value | {"context":"ExcelParser","value":"W"}
[2026-02-05 15:44:07] WARN: Unable to parse time value | {"context":"ExcelParser","value":"W"}
[2026-02-05 15:44:07] WARN: Unable to parse time value | {"context":"ExcelParser","value":"W"}
[2026-02-05 15:44:07] WARN: Unable to parse time value | {"context":"ExcelParser","value":"NS"}
[2026-02-05 15:44:07] WARN: Unable to parse time value | {"context":"ExcelParser","value":"NS"}
[2026-02-05 15:44:07] WARN: Unable to parse time value | {"context":"ExcelParser","value":"NS"}
[2026-02-05 15:44:07] WARN: Unable to parse time value | {"context":"ExcelParser","value":"W"}
[2026-02-05 15:44:07] WARN: Unable to parse time value | {"context":"ExcelParser","value":"W"}
[2026-02-05 15:44:07] WARN: Unable to parse time value | {"context":"ExcelParser","value":"W"}
[2026-02-05 15:44:07] WARN: Unable to parse time value | {"context":"ExcelParser","value":"W"}
[2026-02-05 15:44:07] WARN: Unable to parse time value | {"context":"ExcelParser","value":"W"}
[2026-02-05 15:44:07] WARN: Unable to parse time value | {"context":"ExcelParser","value":"NS"}
[2026-02-05 15:44:07] WARN: Unable to parse time value | {"context":"ExcelParser","value":"NS"}
[2026-02-05 15:44:07] WARN: Unable to parse time value | {"context":"ExcelParser","value":"W"}
[2026-02-05 15:44:07] WARN: Unable to parse time value | {"context":"ExcelParser","value":"W"}
[2026-02-05 15:44:07] WARN: Unable to parse time value | {"context":"ExcelParser","value":"W"}
[2026-02-05 15:44:07] WARN: Unable to parse time value | {"context":"ExcelParser","value":"W"}
[2026-02-05 15:44:07] WARN: Unable to parse time value | {"context":"ExcelParser","value":"W"}
[2026-02-05 15:44:07] WARN: Unable to parse time value | {"context":"ExcelParser","value":"NS"}
[2026-02-05 15:44:07] WARN: Unable to parse time value | {"context":"ExcelParser","value":"NS"}
[2026-02-05 15:44:07] WARN: Unable to parse time value | {"context":"ExcelParser","value":"W"}
[2026-02-05 15:44:07] WARN: Unable to parse time value | {"context":"ExcelParser","value":"W"}
[2026-02-05 15:44:07] WARN: Unable to parse time value | {"context":"ExcelParser","value":"W"}
[2026-02-05 15:44:07] WARN: Unable to parse time value | {"context":"ExcelParser","value":"W"}
[2026-02-05 15:44:07] WARN: Unable to parse time value | {"context":"ExcelParser","value":"W"}
[2026-02-05 15:44:07] WARN: Unable to parse time value | {"context":"ExcelParser","value":"NS"}
[2026-02-05 15:44:07] WARN: Unable to parse time value | {"context":"ExcelParser","value":"NS"}
[2026-02-05 15:44:07] WARN: Unable to parse time value | {"context":"ExcelParser","value":"NS"}
[2026-02-05 15:44:07] WARN: Unable to parse time value | {"context":"ExcelParser","value":"W"}
[2026-02-05 15:44:07] WARN: Unable to parse time value | {"context":"ExcelParser","value":"W"}
[2026-02-05 15:44:07] WARN: Unable to parse time value | {"context":"ExcelParser","value":"W"}
[2026-02-05 15:44:07] WARN: Unable to parse time value | {"context":"ExcelParser","value":"W"}
[2026-02-05 15:44:07] WARN: Unable to parse time value | {"context":"ExcelParser","value":"W"}
[2026-02-05 15:44:07] WARN: Unable to parse time value | {"context":"ExcelParser","value":"NS"}
[2026-02-05 15:44:07] WARN: Unable to parse time value | {"context":"ExcelParser","value":"NS"}
[2026-02-05 15:44:07] WARN: Unable to parse time value | {"context":"ExcelParser","value":"W"}
[2026-02-05 15:44:07] WARN: Unable to parse time value | {"context":"ExcelParser","value":"W"}
[2026-02-05 15:44:07] WARN: Unable to parse time value | {"context":"ExcelParser","value":"W"}
[2026-02-05 15:44:07] WARN: Unable to parse time value | {"context":"ExcelParser","value":"W"}
[2026-02-05 15:44:07] WARN: Unable to parse time value | {"context":"ExcelParser","value":"W"}
[2026-02-05 15:44:07] WARN: Unable to parse time value | {"context":"ExcelParser","value":"NS"}
[2026-02-05 15:44:07] WARN: Unable to parse time value | {"context":"ExcelParser","value":"NS"}
[2026-02-05 15:44:07] WARN: Unable to parse time value | {"context":"ExcelParser","value":"W"}
[2026-02-05 15:44:07] WARN: Unable to parse time value | {"context":"ExcelParser","value":"W"}
[2026-02-05 15:44:07] WARN: Unable to parse time value | {"context":"ExcelParser","value":"W"}
[2026-02-05 15:44:07] WARN: Unable to parse time value | {"context":"ExcelParser","value":"W"}
[2026-02-05 15:44:07] WARN: Unable to parse time value | {"context":"ExcelParser","value":"W"}
[2026-02-05 15:44:07] WARN: Unable to parse time value | {"context":"ExcelParser","value":"NS"}
[2026-02-05 15:44:07] WARN: Unable to parse time value | {"context":"ExcelParser","value":"NS"}
[2026-02-05 15:44:07] WARN: Unable to parse time value | {"context":"ExcelParser","value":"NS"}
[2026-02-05 15:44:07] WARN: Unable to parse time value | {"context":"ExcelParser","value":"L"}
[2026-02-05 15:44:07] WARN: Unable to parse time value | {"context":"ExcelParser","value":"W"}
[2026-02-05 15:44:07] WARN: Unable to parse time value | {"context":"ExcelParser","value":"W"}
[2026-02-05 15:44:07] WARN: Unable to parse time value | {"context":"ExcelParser","value":"W"}
[2026-02-05 15:44:07] WARN: Unable to parse time value | {"context":"ExcelParser","value":"W"}
[2026-02-05 15:44:07] WARN: Unable to parse time value | {"context":"ExcelParser","value":"NS"}
[2026-02-05 15:44:07] WARN: Unable to parse time value | {"context":"ExcelParser","value":"NS"}
[2026-02-05 15:44:07] WARN: Unable to parse time value | {"context":"ExcelParser","value":"W"}
[2026-02-05 15:44:07] WARN: Unable to parse time value | {"context":"ExcelParser","value":"W"}
[2026-02-05 15:44:07] WARN: Unable to parse time value | {"context":"ExcelParser","value":"A"}
[2026-02-05 15:44:07] WARN: Unable to parse time value | {"context":"ExcelParser","value":"A"}
[2026-02-05 15:44:07] WARN: Unable to parse time value | {"context":"ExcelParser","value":"L"}
[2026-02-05 15:44:07] WARN: Unable to parse time value | {"context":"ExcelParser","value":"NS"}
[2026-02-05 15:44:07] WARN: Unable to parse time value | {"context":"ExcelParser","value":"NS"}
[2026-02-05 15:44:07] WARN: Unable to parse time value | {"context":"ExcelParser","value":"W"}
[2026-02-05 15:44:07] WARN: Unable to parse time value | {"context":"ExcelParser","value":"L"}
[2026-02-05 15:44:07] WARN: Unable to parse time value | {"context":"ExcelParser","value":"A"}
[2026-02-05 15:44:07] WARN: Unable to parse time value | {"context":"ExcelParser","value":"W"}
[2026-02-05 15:44:07] WARN: Unable to parse time value | {"context":"ExcelParser","value":"W"}
[2026-02-05 15:44:07] WARN: Unable to parse time value | {"context":"ExcelParser","value":"NS"}
[2026-02-05 15:44:07] WARN: Unable to parse time value | {"context":"ExcelParser","value":"NS"}
[2026-02-05 15:44:07] WARN: Unable to parse time value | {"context":"ExcelParser","value":"NS"}
[2026-02-05 15:44:07] WARN: Unable to parse time value | {"context":"ExcelParser","value":"W"}
[2026-02-05 15:44:07] WARN: Unable to parse time value | {"context":"ExcelParser","value":"W"}
[2026-02-05 15:44:07] WARN: Unable to parse time value | {"context":"ExcelParser","value":"W"}
[2026-02-05 15:44:07] WARN: Unable to parse time value | {"context":"ExcelParser","value":"W"}
[2026-02-05 15:44:07] WARN: Unable to parse time value | {"context":"ExcelParser","value":"W"}
[2026-02-05 15:44:07] WARN: Unable to parse time value | {"context":"ExcelParser","value":"NS"}
[2026-02-05 15:44:07] WARN: Unable to parse time value | {"context":"ExcelParser","value":"NS"}
[2026-02-05 15:44:07] WARN: Unable to parse time value | {"context":"ExcelParser","value":"W"}
[2026-02-05 15:44:07] WARN: Unable to parse time value | {"context":"ExcelParser","value":"W"}
[2026-02-05 15:44:07] WARN: Unable to parse time value | {"context":"ExcelParser","value":"A"}
[2026-02-05 15:44:07] WARN: Unable to parse time value | {"context":"ExcelParser","value":"L"}
[2026-02-05 15:44:07] WARN: Unable to parse time value | {"context":"ExcelParser","value":"W"}
[2026-02-05 15:44:07] WARN: Unable to parse time value | {"context":"ExcelParser","value":"NS"}
[2026-02-05 15:44:07] WARN: Unable to parse time value | {"context":"ExcelParser","value":"NS"}
[2026-02-05 15:44:07] WARN: Unable to parse time value | {"context":"ExcelParser","value":"W"}
[2026-02-05 15:44:07] WARN: Unable to parse time value | {"context":"ExcelParser","value":"W"}
[2026-02-05 15:44:07] WARN: Unable to parse time value | {"context":"ExcelParser","value":"W"}
[2026-02-05 15:44:07] WARN: Unable to parse time value | {"context":"ExcelParser","value":"W"}
[2026-02-05 15:44:07] WARN: Unable to parse time value | {"context":"ExcelParser","value":"W"}
[2026-02-05 15:44:07] WARN: Unable to parse time value | {"context":"ExcelParser","value":"NS"}
[2026-02-05 15:44:07] WARN: Unable to parse time value | {"context":"ExcelParser","value":"NS"}
[2026-02-05 15:44:07] WARN: Unable to parse time value | {"context":"ExcelParser","value":"NS"}
[2026-02-05 15:44:07] WARN: Unable to parse time value | {"context":"ExcelParser","value":"W"}
[2026-02-05 15:44:07] WARN: Unable to parse time value | {"context":"ExcelParser","value":"W"}
[2026-02-05 15:44:07] WARN: Unable to parse time value | {"context":"ExcelParser","value":"W"}
[2026-02-05 15:44:07] WARN: Unable to parse time value | {"context":"ExcelParser","value":"W"}
[2026-02-05 15:44:07] WARN: Unable to parse time value | {"context":"ExcelParser","value":"W"}
[2026-02-05 15:44:07] WARN: Unable to parse time value | {"context":"ExcelParser","value":"NS"}
[2026-02-05 15:44:07] WARN: Unable to parse time value | {"context":"ExcelParser","value":"NS"}
[2026-02-05 15:44:07] WARN: Unable to parse time value | {"context":"ExcelParser","value":"W"}
[2026-02-05 15:44:07] WARN: Unable to parse time value | {"context":"ExcelParser","value":"W"}
[2026-02-05 15:44:07] WARN: Unable to parse time value | {"context":"ExcelParser","value":"W"}
[2026-02-05 15:44:07] WARN: Unable to parse time value | {"context":"ExcelParser","value":"W"}
[2026-02-05 15:44:07] WARN: Unable to parse time value | {"context":"ExcelParser","value":"W"}
[2026-02-05 15:44:07] WARN: Unable to parse time value | {"context":"ExcelParser","value":"NS"}
[2026-02-05 15:44:07] WARN: Unable to parse time value | {"context":"ExcelParser","value":"NS"}
[2026-02-05 15:44:07] WARN: Unable to parse time value | {"context":"ExcelParser","value":"W"}
[2026-02-05 15:44:07] WARN: Unable to parse time value | {"context":"ExcelParser","value":"L"}
[2026-02-05 15:44:07] WARN: Unable to parse time value | {"context":"ExcelParser","value":"W"}
[2026-02-05 15:44:07] WARN: Unable to parse time value | {"context":"ExcelParser","value":"W"}
[2026-02-05 15:44:07] WARN: Unable to parse time value | {"context":"ExcelParser","value":"W"}
[2026-02-05 15:44:07] WARN: Unable to parse time value | {"context":"ExcelParser","value":"NS"}
[2026-02-05 15:44:07] WARN: Unable to parse time value | {"context":"ExcelParser","value":"NS"}
[2026-02-05 15:44:07] WARN: Unable to parse time value | {"context":"ExcelParser","value":"NS"}
[2026-02-05 15:44:07] WARN: Unable to parse time value | {"context":"ExcelParser","value":"W"}
[2026-02-05 15:44:07] WARN: Unable to parse time value | {"context":"ExcelParser","value":"W"}
[2026-02-05 15:44:07] WARN: Unable to parse time value | {"context":"ExcelParser","value":"W"}
[2026-02-05 15:44:07] WARN: Unable to parse time value | {"context":"ExcelParser","value":"W"}
[2026-02-05 15:44:07] WARN: Unable to parse time value | {"context":"ExcelParser","value":"W"}
[2026-02-05 15:44:07] WARN: Unable to parse time value | {"context":"ExcelParser","value":"NS"}
[2026-02-05 15:44:07] WARN: Unable to parse time value | {"context":"ExcelParser","value":"NS"}
[2026-02-05 15:44:07] WARN: Unable to parse time value | {"context":"ExcelParser","value":"A"}
[2026-02-05 15:44:07] WARN: Unable to parse time value | {"context":"ExcelParser","value":"W"}
[2026-02-05 15:44:07] WARN: Unable to parse time value | {"context":"ExcelParser","value":"W"}
[2026-02-05 15:44:07] WARN: Unable to parse time value | {"context":"ExcelParser","value":"W"}
[2026-02-05 15:44:07] WARN: Unable to parse time value | {"context":"ExcelParser","value":"W"}
[2026-02-05 15:44:07] WARN: Unable to parse time value | {"context":"ExcelParser","value":"NS"}
[2026-02-05 15:44:07] WARN: Unable to parse time value | {"context":"ExcelParser","value":"NS"}
[2026-02-05 15:44:07] WARN: Unable to parse time value | {"context":"ExcelParser","value":"W"}
[2026-02-05 15:44:07] WARN: Unable to parse time value | {"context":"ExcelParser","value":"W"}
[2026-02-05 15:44:07] WARN: Unable to parse time value | {"context":"ExcelParser","value":"W"}
[2026-02-05 15:44:07] WARN: Unable to parse time value | {"context":"ExcelParser","value":"A"}
[2026-02-05 15:44:07] WARN: Unable to parse time value | {"context":"ExcelParser","value":"W"}
[2026-02-05 15:44:07] WARN: Unable to parse time value | {"context":"ExcelParser","value":"NS"}
[2026-02-05 15:44:07] WARN: Unable to parse time value | {"context":"ExcelParser","value":"NS"}
[2026-02-05 15:44:07] WARN: Unable to parse time value | {"context":"ExcelParser","value":"NS"}
[2026-02-05 15:44:07] WARN: Unable to parse time value | {"context":"ExcelParser","value":"W"}
[2026-02-05 15:44:07] WARN: Unable to parse time value | {"context":"ExcelParser","value":"W"}
[2026-02-05 15:44:07] WARN: Unable to parse time value | {"context":"ExcelParser","value":"W"}
[2026-02-05 15:44:07] WARN: Unable to parse time value | {"context":"ExcelParser","value":"W"}
[2026-02-05 15:44:07] WARN: Unable to parse time value | {"context":"ExcelParser","value":"W"}
[2026-02-05 15:44:07] WARN: Unable to parse time value | {"context":"ExcelParser","value":"NS"}
[2026-02-05 15:44:07] WARN: Unable to parse time value | {"context":"ExcelParser","value":"NS"}
[2026-02-05 15:44:07] WARN: Unable to parse time value | {"context":"ExcelParser","value":"W"}
[2026-02-05 15:44:07] WARN: Unable to parse time value | {"context":"ExcelParser","value":"W"}
[2026-02-05 15:44:07] WARN: Unable to parse time value | {"context":"ExcelParser","value":"W"}
[2026-02-05 15:44:07] WARN: Unable to parse time value | {"context":"ExcelParser","value":"W"}
[2026-02-05 15:44:07] WARN: Unable to parse time value | {"context":"ExcelParser","value":"L"}
[2026-02-05 15:44:07] WARN: Unable to parse time value | {"context":"ExcelParser","value":"NS"}
[2026-02-05 15:44:07] WARN: Unable to parse time value | {"context":"ExcelParser","value":"NS"}
[2026-02-05 15:44:07] WARN: Unable to parse time value | {"context":"ExcelParser","value":"W"}
[2026-02-05 15:44:07] WARN: Unable to parse time value | {"context":"ExcelParser","value":"W"}
[2026-02-05 15:44:07] WARN: Unable to parse time value | {"context":"ExcelParser","value":"W"}
[2026-02-05 15:44:07] WARN: Unable to parse time value | {"context":"ExcelParser","value":"W"}
[2026-02-05 15:44:07] WARN: Unable to parse time value | {"context":"ExcelParser","value":"A"}
[2026-02-05 15:44:07] WARN: Unable to parse time value | {"context":"ExcelParser","value":"NS"}
[2026-02-05 15:44:07] WARN: Unable to parse time value | {"context":"ExcelParser","value":"NS"}
[2026-02-05 15:44:07] WARN: Unable to parse time value | {"context":"ExcelParser","value":"NS"}
[2026-02-05 15:44:07] WARN: Unable to parse time value | {"context":"ExcelParser","value":"W"}
[2026-02-05 15:44:07] WARN: Unable to parse time value | {"context":"ExcelParser","value":"W"}
[2026-02-05 15:44:07] WARN: Unable to parse time value | {"context":"ExcelParser","value":"W"}
[2026-02-05 15:44:07] WARN: Unable to parse time value | {"context":"ExcelParser","value":"W"}
[2026-02-05 15:44:07] WARN: Unable to parse time value | {"context":"ExcelParser","value":"W"}
[2026-02-05 15:44:07] WARN: Unable to parse time value | {"context":"ExcelParser","value":"NS"}
[2026-02-05 15:44:07] WARN: Unable to parse time value | {"context":"ExcelParser","value":"NS"}
[2026-02-05 15:44:07] WARN: Unable to parse time value | {"context":"ExcelParser","value":"A"}
[2026-02-05 15:44:07] WARN: Unable to parse time value | {"context":"ExcelParser","value":"W"}
[2026-02-05 15:44:07] WARN: Unable to parse time value | {"context":"ExcelParser","value":"A"}
[2026-02-05 15:44:07] WARN: Unable to parse time value | {"context":"ExcelParser","value":"W"}
[2026-02-05 15:44:07] WARN: Unable to parse time value | {"context":"ExcelParser","value":"L"}
[2026-02-05 15:44:07] WARN: Unable to parse time value | {"context":"ExcelParser","value":"NS"}
[2026-02-05 15:44:07] WARN: Unable to parse time value | {"context":"ExcelParser","value":"NS"}
[2026-02-05 15:44:07] WARN: Unable to parse time value | {"context":"ExcelParser","value":"W"}
[2026-02-05 15:44:07] WARN: Unable to parse time value | {"context":"ExcelParser","value":"W"}
[2026-02-05 15:44:07] WARN: Unable to parse time value | {"context":"ExcelParser","value":"A"}
[2026-02-05 15:44:07] WARN: Unable to parse time value | {"context":"ExcelParser","value":"A"}
[2026-02-05 15:44:07] WARN: Unable to parse time value | {"context":"ExcelParser","value":"W"}
[2026-02-05 15:44:07] WARN: Unable to parse time value | {"context":"ExcelParser","value":"NS"}
[2026-02-05 15:44:07] WARN: Unable to parse time value | {"context":"ExcelParser","value":"NS"}
[2026-02-05 15:44:07] WARN: Unable to parse time value | {"context":"ExcelParser","value":"NS"}
[2026-02-05 15:44:07] WARN: Unable to parse time value | {"context":"ExcelParser","value":"W"}
[2026-02-05 15:44:07] WARN: Unable to parse time value | {"context":"ExcelParser","value":"W"}
[2026-02-05 15:44:07] WARN: Unable to parse time value | {"context":"ExcelParser","value":"A"}
[2026-02-05 15:44:07] WARN: Unable to parse time value | {"context":"ExcelParser","value":"A"}
[2026-02-05 15:44:07] WARN: Unable to parse time value | {"context":"ExcelParser","value":"A"}
[2026-02-05 15:44:07] WARN: Unable to parse time value | {"context":"ExcelParser","value":"NS"}
[2026-02-05 15:44:07] WARN: Unable to parse time value | {"context":"ExcelParser","value":"NS"}
[2026-02-05 15:44:07] WARN: Unable to parse time value | {"context":"ExcelParser","value":"W"}
[2026-02-05 15:44:07] WARN: Unable to parse time value | {"context":"ExcelParser","value":"A"}
[2026-02-05 15:44:07] WARN: Unable to parse time value | {"context":"ExcelParser","value":"A"}
[2026-02-05 15:44:07] WARN: Unable to parse time value | {"context":"ExcelParser","value":"A"}
[2026-02-05 15:44:07] WARN: Unable to parse time value | {"context":"ExcelParser","value":"A"}
[2026-02-05 15:44:07] WARN: Unable to parse time value | {"context":"ExcelParser","value":"NS"}
[2026-02-05 15:44:07] WARN: Unable to parse time value | {"context":"ExcelParser","value":"NS"}
[2026-02-05 15:44:07] WARN: Unable to parse time value | {"context":"ExcelParser","value":"W"}
[2026-02-05 15:44:07] WARN: Unable to parse time value | {"context":"ExcelParser","value":"W"}
[2026-02-05 15:44:07] WARN: Unable to parse time value | {"context":"ExcelParser","value":"W"}
[2026-02-05 15:44:07] WARN: Unable to parse time value | {"context":"ExcelParser","value":"W"}
[2026-02-05 15:44:07] WARN: Unable to parse time value | {"context":"ExcelParser","value":"W"}
[2026-02-05 15:44:07] WARN: Unable to parse time value | {"context":"ExcelParser","value":"NS"}
[2026-02-05 15:44:07] WARN: Unable to parse time value | {"context":"ExcelParser","value":"NS"}
[2026-02-05 15:44:07] WARN: Unable to parse time value | {"context":"ExcelParser","value":"NS"}
[2026-02-05 15:44:07] WARN: Unable to parse time value | {"context":"ExcelParser","value":"W"}
[2026-02-05 15:44:07] WARN: Unable to parse time value | {"context":"ExcelParser","value":"W"}
[2026-02-05 15:44:07] WARN: Unable to parse time value | {"context":"ExcelParser","value":"W"}
[2026-02-05 15:44:07] WARN: Unable to parse time value | {"context":"ExcelParser","value":"W"}
[2026-02-05 15:44:07] WARN: Unable to parse time value | {"context":"ExcelParser","value":"W"}
[2026-02-05 15:44:07] WARN: Unable to parse time value | {"context":"ExcelParser","value":"NS"}
[2026-02-05 15:44:07] WARN: Unable to parse time value | {"context":"ExcelParser","value":"NS"}
[2026-02-05 15:44:07] WARN: Unable to parse time value | {"context":"ExcelParser","value":"W"}
[2026-02-05 15:44:07] WARN: Unable to parse time value | {"context":"ExcelParser","value":"W"}
[2026-02-05 15:44:07] WARN: Unable to parse time value | {"context":"ExcelParser","value":"W"}
[2026-02-05 15:44:07] WARN: Unable to parse time value | {"context":"ExcelParser","value":"W"}
[2026-02-05 15:44:07] WARN: Unable to parse time value | {"context":"ExcelParser","value":"W"}
[2026-02-05 15:44:07] WARN: Unable to parse time value | {"context":"ExcelParser","value":"NS"}
[2026-02-05 15:44:07] WARN: Unable to parse time value | {"context":"ExcelParser","value":"NS"}
[2026-02-05 15:44:07] WARN: Unable to parse time value | {"context":"ExcelParser","value":"W"}
[2026-02-05 15:44:07] WARN: Unable to parse time value | {"context":"ExcelParser","value":"A"}
[2026-02-05 15:44:07] WARN: Unable to parse time value | {"context":"ExcelParser","value":"W"}
[2026-02-05 15:44:07] WARN: Unable to parse time value | {"context":"ExcelParser","value":"W"}
[2026-02-05 15:44:07] WARN: Unable to parse time value | {"context":"ExcelParser","value":"W"}
[2026-02-05 15:44:07] WARN: Unable to parse time value | {"context":"ExcelParser","value":"NS"}
[2026-02-05 15:44:07] WARN: Unable to parse time value | {"context":"ExcelParser","value":"NS"}
[2026-02-05 15:44:07] WARN: Unable to parse time value | {"context":"ExcelParser","value":"NS"}
[2026-02-05 15:44:07] WARN: Unable to parse time value | {"context":"ExcelParser","value":"W"}
[2026-02-05 15:44:07] WARN: Unable to parse time value | {"context":"ExcelParser","value":"W"}
[2026-02-05 15:44:07] WARN: Unable to parse time value | {"context":"ExcelParser","value":"W"}
[2026-02-05 15:44:07] WARN: Unable to parse time value | {"context":"ExcelParser","value":"W"}
[2026-02-05 15:44:07] WARN: Unable to parse time value | {"context":"ExcelParser","value":"W"}
[2026-02-05 15:44:07] WARN: Unable to parse time value | {"context":"ExcelParser","value":"NS"}
[2026-02-05 15:44:07] WARN: Unable to parse time value | {"context":"ExcelParser","value":"NS"}
[2026-02-05 15:44:07] WARN: Unable to parse time value | {"context":"ExcelParser","value":"W"}
[2026-02-05 15:44:07] WARN: Unable to parse time value | {"context":"ExcelParser","value":"L"}
[2026-02-05 15:44:07] WARN: Unable to parse time value | {"context":"ExcelParser","value":"W"}
[2026-02-05 15:44:07] WARN: Unable to parse time value | {"context":"ExcelParser","value":"W"}
[2026-02-05 15:44:07] WARN: Unable to parse time value | {"context":"ExcelParser","value":"W"}
[2026-02-05 15:44:07] WARN: Unable to parse time value | {"context":"ExcelParser","value":"NS"}
[2026-02-05 15:44:07] WARN: Unable to parse time value | {"context":"ExcelParser","value":"NS"}
[2026-02-05 15:44:07] WARN: Unable to parse time value | {"context":"ExcelParser","value":"W"}
[2026-02-05 15:44:07] WARN: Unable to parse time value | {"context":"ExcelParser","value":"W"}
[2026-02-05 15:44:07] WARN: Unable to parse time value | {"context":"ExcelParser","value":"W"}
[2026-02-05 15:44:07] WARN: Unable to parse time value | {"context":"ExcelParser","value":"W"}
[2026-02-05 15:44:07] WARN: Unable to parse time value | {"context":"ExcelParser","value":"W"}
[2026-02-05 15:44:07] WARN: Unable to parse time value | {"context":"ExcelParser","value":"NS"}
[2026-02-05 15:44:07] WARN: Unable to parse time value | {"context":"ExcelParser","value":"NS"}
[2026-02-05 15:44:07] WARN: Unable to parse time value | {"context":"ExcelParser","value":"NS"}
[2026-02-05 15:44:07] WARN: Unable to parse time value | {"context":"ExcelParser","value":"W"}
[2026-02-05 15:44:07] WARN: Unable to parse time value | {"context":"ExcelParser","value":"W"}
[2026-02-05 15:44:07] WARN: Unable to parse time value | {"context":"ExcelParser","value":"W"}
[2026-02-05 15:44:07] WARN: Unable to parse time value | {"context":"ExcelParser","value":"W"}
[2026-02-05 15:44:07] WARN: Unable to parse time value | {"context":"ExcelParser","value":"W"}
[2026-02-05 15:44:07] WARN: Unable to parse time value | {"context":"ExcelParser","value":"NS"}
[2026-02-05 15:44:07] WARN: Unable to parse time value | {"context":"ExcelParser","value":"NS"}
[2026-02-05 15:44:07] WARN: Unable to parse time value | {"context":"ExcelParser","value":"W"}
[2026-02-05 15:44:07] WARN: Unable to parse time value | {"context":"ExcelParser","value":"W"}
[2026-02-05 15:44:07] WARN: Unable to parse time value | {"context":"ExcelParser","value":"W"}
[2026-02-05 15:44:07] WARN: Unable to parse time value | {"context":"ExcelParser","value":"W"}
[2026-02-05 15:44:07] WARN: Unable to parse time value | {"context":"ExcelParser","value":"W"}
[2026-02-05 15:44:07] WARN: Unable to parse time value | {"context":"ExcelParser","value":"NS"}
[2026-02-05 15:44:07] WARN: Unable to parse time value | {"context":"ExcelParser","value":"NS"}
[2026-02-05 15:44:07] WARN: Unable to parse time value | {"context":"ExcelParser","value":"W"}
[2026-02-05 15:44:07] WARN: Unable to parse time value | {"context":"ExcelParser","value":"W"}
[2026-02-05 15:44:07] WARN: Unable to parse time value | {"context":"ExcelParser","value":"A"}
[2026-02-05 15:44:07] WARN: Unable to parse time value | {"context":"ExcelParser","value":"W"}
[2026-02-05 15:44:07] WARN: Unable to parse time value | {"context":"ExcelParser","value":"W"}
[2026-02-05 15:44:07] WARN: Unable to parse time value | {"context":"ExcelParser","value":"NS"}
[2026-02-05 15:44:07] WARN: Unable to parse time value | {"context":"ExcelParser","value":"NS"}
[2026-02-05 15:44:07] WARN: Unable to parse time value | {"context":"ExcelParser","value":"NS"}
[2026-02-05 15:44:07] WARN: Unable to parse time value | {"context":"ExcelParser","value":"W"}
[2026-02-05 15:44:07] WARN: Unable to parse time value | {"context":"ExcelParser","value":"W"}
[2026-02-05 15:44:07] WARN: Unable to parse time value | {"context":"ExcelParser","value":"W"}
[2026-02-05 15:44:07] WARN: Unable to parse time value | {"context":"ExcelParser","value":"W"}
[2026-02-05 15:44:07] WARN: Unable to parse time value | {"context":"ExcelParser","value":"W"}
[2026-02-05 15:44:07] WARN: Unable to parse time value | {"context":"ExcelParser","value":"NS"}
[2026-02-05 15:44:07] WARN: Unable to parse time value | {"context":"ExcelParser","value":"NS"}
[2026-02-05 15:44:07] WARN: Unable to parse time value | {"context":"ExcelParser","value":"W"}
[2026-02-05 15:44:07] WARN: Unable to parse time value | {"context":"ExcelParser","value":"W"}
[2026-02-05 15:44:07] WARN: Unable to parse time value | {"context":"ExcelParser","value":"W"}
[2026-02-05 15:44:07] WARN: Unable to parse time value | {"context":"ExcelParser","value":"W"}
[2026-02-05 15:44:07] WARN: Unable to parse time value | {"context":"ExcelParser","value":"W"}
[2026-02-05 15:44:07] WARN: Unable to parse time value | {"context":"ExcelParser","value":"NS"}
[2026-02-05 15:44:07] WARN: Unable to parse time value | {"context":"ExcelParser","value":"NS"}
[2026-02-05 15:44:07] WARN: Unable to parse time value | {"context":"ExcelParser","value":"W"}
[2026-02-05 15:44:07] WARN: Unable to parse time value | {"context":"ExcelParser","value":"W"}
[2026-02-05 15:44:07] WARN: Unable to parse time value | {"context":"ExcelParser","value":"W"}
[2026-02-05 15:44:07] WARN: Unable to parse time value | {"context":"ExcelParser","value":"W"}
[2026-02-05 15:44:07] WARN: Unable to parse time value | {"context":"ExcelParser","value":"W"}
[2026-02-05 15:44:07] WARN: Unable to parse time value | {"context":"ExcelParser","value":"NS"}
[2026-02-05 15:44:07] WARN: Unable to parse time value | {"context":"ExcelParser","value":"NS"}
[2026-02-05 15:44:07] WARN: Unable to parse time value | {"context":"ExcelParser","value":"NS"}
[2026-02-05 15:44:07] WARN: Unable to parse time value | {"context":"ExcelParser","value":"A"}
[2026-02-05 15:44:07] WARN: Unable to parse time value | {"context":"ExcelParser","value":"A"}
[2026-02-05 15:44:07] WARN: Unable to parse time value | {"context":"ExcelParser","value":"A"}
[2026-02-05 15:44:07] WARN: Unable to parse time value | {"context":"ExcelParser","value":"A"}
[2026-02-05 15:44:07] WARN: Unable to parse time value | {"context":"ExcelParser","value":"A"}
[2026-02-05 15:44:07] WARN: Unable to parse time value | {"context":"ExcelParser","value":"NS"}
[2026-02-05 15:44:07] WARN: Unable to parse time value | {"context":"ExcelParser","value":"NS"}
[2026-02-05 15:44:07] WARN: Unable to parse time value | {"context":"ExcelParser","value":"A"}
[2026-02-05 15:44:07] WARN: Unable to parse time value | {"context":"ExcelParser","value":"A"}
[2026-02-05 15:44:07] WARN: Unable to parse time value | {"context":"ExcelParser","value":"A"}
[2026-02-05 15:44:07] WARN: Unable to parse time value | {"context":"ExcelParser","value":"A"}
[2026-02-05 15:44:07] WARN: Unable to parse time value | {"context":"ExcelParser","value":"A"}
[2026-02-05 15:44:07] WARN: Unable to parse time value | {"context":"ExcelParser","value":"NS"}
[2026-02-05 15:44:07] WARN: Unable to parse time value | {"context":"ExcelParser","value":"NS"}
[2026-02-05 15:44:07] WARN: Unable to parse time value | {"context":"ExcelParser","value":"A"}
[2026-02-05 15:44:07] WARN: Unable to parse time value | {"context":"ExcelParser","value":"A"}
[2026-02-05 15:44:07] WARN: Unable to parse time value | {"context":"ExcelParser","value":"A"}
[2026-02-05 15:44:07] WARN: Unable to parse time value | {"context":"ExcelParser","value":"A"}
[2026-02-05 15:44:07] WARN: Unable to parse time value | {"context":"ExcelParser","value":"A"}
[2026-02-05 15:44:07] WARN: Unable to parse time value | {"context":"ExcelParser","value":"NS"}
[2026-02-05 15:44:07] WARN: Unable to parse time value | {"context":"ExcelParser","value":"A"}
[2026-02-05 15:44:07] WARN: Unable to parse time value | {"context":"ExcelParser","value":"NS"}
[2026-02-05 15:44:07] WARN: Unable to parse time value | {"context":"ExcelParser","value":"A"}
[2026-02-05 15:44:07] WARN: Unable to parse time value | {"context":"ExcelParser","value":"L"}
[2026-02-05 15:44:07] WARN: Unable to parse time value | {"context":"ExcelParser","value":"A"}
[2026-02-05 15:44:07] WARN: Unable to parse time value | {"context":"ExcelParser","value":"W"}
[2026-02-05 15:44:07] WARN: Unable to parse time value | {"context":"ExcelParser","value":"A"}
[2026-02-05 15:44:07] WARN: Unable to parse time value | {"context":"ExcelParser","value":"A"}
[2026-02-05 15:44:07] WARN: Unable to parse time value | {"context":"ExcelParser","value":"NS"}
[2026-02-05 15:44:07] WARN: Unable to parse time value | {"context":"ExcelParser","value":"W"}
[2026-02-05 15:44:07] WARN: Unable to parse time value | {"context":"ExcelParser","value":"A"}
[2026-02-05 15:44:07] WARN: Unable to parse time value | {"context":"ExcelParser","value":"A"}
[2026-02-05 15:44:07] WARN: Unable to parse time value | {"context":"ExcelParser","value":"A"}
[2026-02-05 15:44:07] WARN: Unable to parse time value | {"context":"ExcelParser","value":"L"}
[2026-02-05 15:44:07] WARN: Unable to parse time value | {"context":"ExcelParser","value":"A"}
[2026-02-05 15:44:07] WARN: Unable to parse time value | {"context":"ExcelParser","value":"NS"}
[2026-02-05 15:44:07] WARN: Unable to parse time value | {"context":"ExcelParser","value":"A"}
[2026-02-05 15:44:07] WARN: Unable to parse time value | {"context":"ExcelParser","value":"L"}
[2026-02-05 15:44:07] WARN: Unable to parse time value | {"context":"ExcelParser","value":"A"}
[2026-02-05 15:44:07] WARN: Unable to parse time value | {"context":"ExcelParser","value":"W"}
[2026-02-05 15:44:07] WARN: Unable to parse time value | {"context":"ExcelParser","value":"A"}
[2026-02-05 15:44:07] WARN: Unable to parse time value | {"context":"ExcelParser","value":"W"}
[2026-02-05 15:44:07] WARN: Unable to parse time value | {"context":"ExcelParser","value":"NS"}
[2026-02-05 15:44:07] WARN: Unable to parse time value | {"context":"ExcelParser","value":"NS"}
[2026-02-05 15:44:07] WARN: Unable to parse time value | {"context":"ExcelParser","value":"W"}
[2026-02-05 15:44:07] WARN: Unable to parse time value | {"context":"ExcelParser","value":"E"}
[2026-02-05 15:44:07] WARN: Unable to parse time value | {"context":"ExcelParser","value":"E"}
[2026-02-05 15:44:07] WARN: Unable to parse time value | {"context":"ExcelParser","value":"W"}
[2026-02-05 15:44:07] WARN: Unable to parse time value | {"context":"ExcelParser","value":"E"}
[2026-02-05 15:44:07] WARN: Unable to parse time value | {"context":"ExcelParser","value":"NS"}
[2026-02-05 15:44:07] WARN: Unable to parse time value | {"context":"ExcelParser","value":"NS"}
[2026-02-05 15:44:07] WARN: Unable to parse time value | {"context":"ExcelParser","value":"W"}
[2026-02-05 15:44:07] WARN: Unable to parse time value | {"context":"ExcelParser","value":"E"}
[2026-02-05 15:44:07] WARN: Unable to parse time value | {"context":"ExcelParser","value":"LE"}
[2026-02-05 15:44:07] WARN: Unable to parse time value | {"context":"ExcelParser","value":"E"}
[2026-02-05 15:44:07] WARN: Unable to parse time value | {"context":"ExcelParser","value":"E"}
[2026-02-05 15:44:07] WARN: Unable to parse time value | {"context":"ExcelParser","value":"NS"}
[2026-02-05 15:44:07] WARN: Unable to parse time value | {"context":"ExcelParser","value":"NS"}
[2026-02-05 15:44:07] WARN: Unable to parse time value | {"context":"ExcelParser","value":"W"}
[2026-02-05 15:44:07] WARN: Unable to parse time value | {"context":"ExcelParser","value":"W"}
[2026-02-05 15:44:07] WARN: Unable to parse time value | {"context":"ExcelParser","value":"E"}
[2026-02-05 15:44:07] WARN: Unable to parse time value | {"context":"ExcelParser","value":"W"}
[2026-02-05 15:44:07] WARN: Unable to parse time value | {"context":"ExcelParser","value":"E"}
[2026-02-05 15:44:07] WARN: Unable to parse time value | {"context":"ExcelParser","value":"NS"}
[2026-02-05 15:44:07] WARN: Unable to parse time value | {"context":"ExcelParser","value":"NS"}
[2026-02-05 15:44:07] WARN: Unable to parse time value | {"context":"ExcelParser","value":"NS"}
[2026-02-05 15:44:07] WARN: Unable to parse time value | {"context":"ExcelParser","value":"W"}
[2026-02-05 15:44:07] WARN: Unable to parse time value | {"context":"ExcelParser","value":"W"}
[2026-02-05 15:44:07] WARN: Unable to parse time value | {"context":"ExcelParser","value":"W"}
[2026-02-05 15:44:07] WARN: Unable to parse time value | {"context":"ExcelParser","value":"W"}
[2026-02-05 15:44:07] WARN: Unable to parse time value | {"context":"ExcelParser","value":"L"}
[2026-02-05 15:44:07] WARN: Unable to parse time value | {"context":"ExcelParser","value":"NS"}
[2026-02-05 15:44:07] WARN: Unable to parse time value | {"context":"ExcelParser","value":"NS"}
[2026-02-05 15:44:07] WARN: Unable to parse time value | {"context":"ExcelParser","value":"W"}
[2026-02-05 15:44:07] WARN: Unable to parse time value | {"context":"ExcelParser","value":"W"}
[2026-02-05 15:44:07] WARN: Unable to parse time value | {"context":"ExcelParser","value":"L"}
[2026-02-05 15:44:07] WARN: Unable to parse time value | {"context":"ExcelParser","value":"L"}
[2026-02-05 15:44:07] WARN: Unable to parse time value | {"context":"ExcelParser","value":"L"}
[2026-02-05 15:44:07] WARN: Unable to parse time value | {"context":"ExcelParser","value":"NS"}
[2026-02-05 15:44:07] WARN: Unable to parse time value | {"context":"ExcelParser","value":"NS"}
[2026-02-05 15:44:07] WARN: Unable to parse time value | {"context":"ExcelParser","value":"W"}
[2026-02-05 15:44:07] WARN: Unable to parse time value | {"context":"ExcelParser","value":"L"}
[2026-02-05 15:44:07] WARN: Unable to parse time value | {"context":"ExcelParser","value":"A"}
[2026-02-05 15:44:07] WARN: Unable to parse time value | {"context":"ExcelParser","value":"A"}
[2026-02-05 15:44:07] WARN: Unable to parse time value | {"context":"ExcelParser","value":"L"}
[2026-02-05 15:44:07] WARN: Unable to parse time value | {"context":"ExcelParser","value":"NS"}
[2026-02-05 15:44:07] WARN: Unable to parse time value | {"context":"ExcelParser","value":"NS"}
[2026-02-05 15:44:07] WARN: Unable to parse time value | {"context":"ExcelParser","value":"NS"}
[2026-02-05 15:44:07] WARN: Unable to parse time value | {"context":"ExcelParser","value":"E"}
[2026-02-05 15:44:07] WARN: Unable to parse time value | {"context":"ExcelParser","value":"E"}
[2026-02-05 15:44:07] WARN: Unable to parse time value | {"context":"ExcelParser","value":"E"}
[2026-02-05 15:44:07] WARN: Unable to parse time value | {"context":"ExcelParser","value":"E"}
[2026-02-05 15:44:07] WARN: Unable to parse time value | {"context":"ExcelParser","value":"W"}
[2026-02-05 15:44:07] WARN: Unable to parse time value | {"context":"ExcelParser","value":"NS"}
[2026-02-05 15:44:07] WARN: Unable to parse time value | {"context":"ExcelParser","value":"NS"}
[2026-02-05 15:44:07] WARN: Unable to parse time value | {"context":"ExcelParser","value":"LE"}
[2026-02-05 15:44:07] WARN: Unable to parse time value | {"context":"ExcelParser","value":"E"}
[2026-02-05 15:44:07] WARN: Unable to parse time value | {"context":"ExcelParser","value":"E"}
[2026-02-05 15:44:07] WARN: Unable to parse time value | {"context":"ExcelParser","value":"A"}
[2026-02-05 15:44:07] WARN: Unable to parse time value | {"context":"ExcelParser","value":"E"}
[2026-02-05 15:44:07] WARN: Unable to parse time value | {"context":"ExcelParser","value":"NS"}
[2026-02-05 15:44:07] WARN: Unable to parse time value | {"context":"ExcelParser","value":"NS"}
[2026-02-05 15:44:07] WARN: Unable to parse time value | {"context":"ExcelParser","value":"E"}
[2026-02-05 15:44:07] WARN: Unable to parse time value | {"context":"ExcelParser","value":"E"}
[2026-02-05 15:44:07] WARN: Unable to parse time value | {"context":"ExcelParser","value":"A"}
[2026-02-05 15:44:07] WARN: Unable to parse time value | {"context":"ExcelParser","value":"E"}
[2026-02-05 15:44:07] WARN: Unable to parse time value | {"context":"ExcelParser","value":"A"}
[2026-02-05 15:44:07] WARN: Unable to parse time value | {"context":"ExcelParser","value":"NS"}
[2026-02-05 15:44:07] WARN: Unable to parse time value | {"context":"ExcelParser","value":"NS"}
[2026-02-05 15:44:07] WARN: Unable to parse time value | {"context":"ExcelParser","value":"NS"}
[2026-02-05 15:44:07] WARN: Unable to parse time value | {"context":"ExcelParser","value":"A"}
[2026-02-05 15:44:07] WARN: Unable to parse time value | {"context":"ExcelParser","value":"A"}
[2026-02-05 15:44:07] WARN: Unable to parse time value | {"context":"ExcelParser","value":"A"}
[2026-02-05 15:44:07] WARN: Unable to parse time value | {"context":"ExcelParser","value":"A"}
[2026-02-05 15:44:07] WARN: Unable to parse time value | {"context":"ExcelParser","value":"A"}
[2026-02-05 15:44:07] WARN: Unable to parse time value | {"context":"ExcelParser","value":"NS"}
[2026-02-05 15:44:07] WARN: Unable to parse time value | {"context":"ExcelParser","value":"NS"}
[2026-02-05 15:44:07] WARN: Unable to parse time value | {"context":"ExcelParser","value":"A"}
[2026-02-05 15:44:07] WARN: Unable to parse time value | {"context":"ExcelParser","value":"A"}
[2026-02-05 15:44:07] WARN: Unable to parse time value | {"context":"ExcelParser","value":"A"}
[2026-02-05 15:44:07] WARN: Unable to parse time value | {"context":"ExcelParser","value":"A"}
[2026-02-05 15:44:07] WARN: Unable to parse time value | {"context":"ExcelParser","value":"A"}
[2026-02-05 15:44:07] WARN: Unable to parse time value | {"context":"ExcelParser","value":"NS"}
[2026-02-05 15:44:07] WARN: Unable to parse time value | {"context":"ExcelParser","value":"NS"}
[2026-02-05 15:44:07] WARN: Unable to parse time value | {"context":"ExcelParser","value":"A"}
[2026-02-05 15:44:07] WARN: Unable to parse time value | {"context":"ExcelParser","value":"A"}
[2026-02-05 15:44:07] WARN: Unable to parse time value | {"context":"ExcelParser","value":"A"}
[2026-02-05 15:44:07] WARN: Unable to parse time value | {"context":"ExcelParser","value":"A"}
[2026-02-05 15:44:07] WARN: Unable to parse time value | {"context":"ExcelParser","value":"A"}
[2026-02-05 15:44:07] WARN: Unable to parse time value | {"context":"ExcelParser","value":"NS"}
[2026-02-05 15:44:07] WARN: Unable to parse time value | {"context":"ExcelParser","value":"NS"}
[2026-02-05 15:44:07] WARN: Unable to parse time value | {"context":"ExcelParser","value":"NS"}
[2026-02-05 15:44:07] WARN: Unable to parse time value | {"context":"ExcelParser","value":"W"}
[2026-02-05 15:44:07] WARN: Unable to parse time value | {"context":"ExcelParser","value":"W"}
[2026-02-05 15:44:07] WARN: Unable to parse time value | {"context":"ExcelParser","value":"W"}
[2026-02-05 15:44:07] WARN: Unable to parse time value | {"context":"ExcelParser","value":"W"}
[2026-02-05 15:44:07] WARN: Unable to parse time value | {"context":"ExcelParser","value":"W"}
[2026-02-05 15:44:07] WARN: Unable to parse time value | {"context":"ExcelParser","value":"NS"}
[2026-02-05 15:44:07] WARN: Unable to parse time value | {"context":"ExcelParser","value":"NS"}
[2026-02-05 15:44:07] WARN: Unable to parse time value | {"context":"ExcelParser","value":"W"}
[2026-02-05 15:44:07] WARN: Unable to parse time value | {"context":"ExcelParser","value":"W"}
[2026-02-05 15:44:07] WARN: Unable to parse time value | {"context":"ExcelParser","value":"W"}
[2026-02-05 15:44:07] WARN: Unable to parse time value | {"context":"ExcelParser","value":"W"}
[2026-02-05 15:44:07] WARN: Unable to parse time value | {"context":"ExcelParser","value":"W"}
[2026-02-05 15:44:07] WARN: Unable to parse time value | {"context":"ExcelParser","value":"NS"}
[2026-02-05 15:44:07] WARN: Unable to parse time value | {"context":"ExcelParser","value":"NS"}
[2026-02-05 15:44:07] WARN: Unable to parse time value | {"context":"ExcelParser","value":"W"}
[2026-02-05 15:44:07] WARN: Unable to parse time value | {"context":"ExcelParser","value":"W"}
[2026-02-05 15:44:07] WARN: Unable to parse time value | {"context":"ExcelParser","value":"W"}
[2026-02-05 15:44:07] WARN: Unable to parse time value | {"context":"ExcelParser","value":"W"}
[2026-02-05 15:44:07] WARN: Unable to parse time value | {"context":"ExcelParser","value":"W"}
[2026-02-05 15:44:07] WARN: Unable to parse time value | {"context":"ExcelParser","value":"NS"}
[2026-02-05 15:44:07] INFO: Import completed | {"context":"ImportAPI","importId":10,"newEmployees":0,"updatedRecords":0,"totalEmployees":75,"dateColumns":22,"fileType":"details"}
[2026-02-05 15:44:07] INFO: POST /upload | {"status":200,"duration":"184ms"}
[2026-02-05 15:44:11] INFO: GET / | {"status":200,"duration":"1ms"}
[2026-02-05 15:44:11] INFO: GET / | {"status":304,"duration":"1ms"}
[2026-02-05 15:44:11] INFO: GET / | {"status":304,"duration":"2ms"}
[2026-02-05 15:44:11] INFO: GET / | {"status":304,"duration":"1ms"}
[2026-02-05 15:44:11] INFO: GET / | {"status":200,"duration":"1ms","query":{"limit":"1000"}}
[2026-02-05 15:44:11] INFO: GET / | {"status":304,"duration":"1ms","query":{"limit":"1000"}}
[2026-02-05 15:44:11] INFO: GET /exceptions/list | {"status":200,"duration":"1ms"}
[2026-02-05 15:44:11] INFO: GET /exceptions/list | {"status":304,"duration":"1ms"}
[2026-02-05 15:44:11] INFO: GET /calculation | {"status":304,"duration":"1ms"}
[2026-02-05 15:44:11] INFO: GET /calculation | {"status":304,"duration":"1ms"}
[2026-02-05 15:44:12] INFO: GET / | {"status":304,"duration":"0ms"}
[2026-02-05 15:44:12] INFO: GET / | {"status":304,"duration":"1ms"}
[2026-02-05 15:44:12] INFO: GET /report | {"status":200,"duration":"1ms","query":{"year":"2026","month":"2","sortBy":"violation_count","sortOrder":"desc"}}
[2026-02-05 15:44:12] INFO: GET /report | {"status":304,"duration":"1ms","query":{"year":"2026","month":"2","sortBy":"violation_count","sortOrder":"desc"}}
[2026-02-05 15:45:15] INFO: Starting import | {"context":"ImportAPI","fileName":"Monthly Check In&Out_2026-01-01_2026-01-31.xlsx","size":17905,"userFileType":"checkinout"}
[2026-02-05 15:45:15] INFO: Starting Excel parse | {"context":"ExcelParser"}
[2026-02-05 15:45:15] INFO: Found time period in row 7 | {"context":"ExcelParser","startYear":2026,"startMonth":1,"endYear":2026,"endMonth":1}
[2026-02-05 15:45:15] DEBUG: Found header row | {"context":"ExcelParser","row":7,"valA":"name","valB":"id","valC":"department"}
[2026-02-05 15:45:15] INFO: Header row found | {"context":"ExcelParser","headerRowIndex":7}
[2026-02-05 15:45:15] INFO: Detected file type from title: checkinout | {"context":"ExcelParser","value":"monthly check in&out report"}
[2026-02-05 15:45:15] INFO: Detected file type | {"context":"ExcelParser","fileType":"checkinout","sampleCount":50}
[2026-02-05 15:45:15] INFO: Excel parse completed | {"context":"ExcelParser","employeeCount":75,"dateColumns":22,"fileType":"checkinout","errors":0,"warnings":0}
[2026-02-05 15:45:15] INFO: Using file type | {"context":"ImportAPI","detected":"checkinout","userSpecified":"checkinout","effective":"checkinout"}
[2026-02-05 15:45:15] INFO: Import completed | {"context":"ImportAPI","importId":11,"newEmployees":0,"updatedRecords":828,"totalEmployees":75,"dateColumns":22,"fileType":"checkinout"}
[2026-02-05 15:45:15] INFO: POST /upload | {"status":200,"duration":"122ms"}
[2026-02-05 15:45:22] INFO: Compensation records fetched | {"context":"CompensationAPI","count":0,"year":"2026","month":"2"}
[2026-02-05 15:45:22] INFO: GET / | {"status":200,"duration":"1ms","query":{"year":"2026","month":"2"}}
[2026-02-05 15:45:22] INFO: Compensation records fetched | {"context":"CompensationAPI","count":0,"year":"2026","month":"2"}
[2026-02-05 15:45:22] INFO: GET / | {"status":304,"duration":"0ms","query":{"year":"2026","month":"2"}}
[2026-02-05 15:45:23] INFO: GET / | {"status":304,"duration":"1ms"}
[2026-02-05 15:45:23] INFO: GET / | {"status":304,"duration":"1ms"}
[2026-02-05 15:45:23] INFO: GET /report | {"status":304,"duration":"1ms","query":{"year":"2026","month":"2","sortBy":"violation_count","sortOrder":"desc"}}
[2026-02-05 15:45:23] INFO: GET /report | {"status":304,"duration":"1ms","query":{"year":"2026","month":"2","sortBy":"violation_count","sortOrder":"desc"}}
[2026-02-05 15:45:26] INFO: GET /report | {"status":200,"duration":"1ms","query":{"year":"2026","month":"1","sortBy":"violation_count","sortOrder":"desc"}}
[2026-02-05 15:45:27] INFO: Starting recalculation | {"context":"ImportAPI","dateFrom":"2026-01-01","dateTo":"2026-01-31"}
[2026-02-05 15:45:27] INFO: Starting time records recalculation | {"context":"ScheduleResolver","dateFrom":"2026-01-01","dateTo":"2026-01-31"}
[2026-02-05 15:45:27] DEBUG: Resolving schedule | {"context":"ScheduleResolver","employeeId":12,"date":"2026-01-03","dayOfWeek":6}
[2026-02-05 15:45:27] DEBUG: Resolving schedule | {"context":"ScheduleResolver","employeeId":18,"date":"2026-01-03","dayOfWeek":6}
[2026-02-05 15:45:27] DEBUG: Resolving schedule | {"context":"ScheduleResolver","employeeId":24,"date":"2026-01-03","dayOfWeek":6}
[2026-02-05 15:45:27] DEBUG: Resolving schedule | {"context":"ScheduleResolver","employeeId":33,"date":"2026-01-03","dayOfWeek":6}
[2026-02-05 15:45:27] DEBUG: Resolving schedule | {"context":"ScheduleResolver","employeeId":51,"date":"2026-01-03","dayOfWeek":6}
[2026-02-05 15:45:27] DEBUG: Resolving schedule | {"context":"ScheduleResolver","employeeId":57,"date":"2026-01-03","dayOfWeek":6}
[2026-02-05 15:45:27] DEBUG: Resolving schedule | {"context":"ScheduleResolver","employeeId":59,"date":"2026-01-03","dayOfWeek":6}
[2026-02-05 15:45:27] DEBUG: Resolving schedule | {"context":"ScheduleResolver","employeeId":63,"date":"2026-01-03","dayOfWeek":6}
[2026-02-05 15:45:27] DEBUG: Resolving schedule | {"context":"ScheduleResolver","employeeId":65,"date":"2026-01-03","dayOfWeek":6}
[2026-02-05 15:45:27] DEBUG: Resolving schedule | {"context":"ScheduleResolver","employeeId":66,"date":"2026-01-03","dayOfWeek":6}
[2026-02-05 15:45:27] DEBUG: Resolving schedule | {"context":"ScheduleResolver","employeeId":67,"date":"2026-01-03","dayOfWeek":6}
[2026-02-05 15:45:27] DEBUG: Resolving schedule | {"context":"ScheduleResolver","employeeId":68,"date":"2026-01-03","dayOfWeek":6}
[2026-02-05 15:45:27] DEBUG: Resolving schedule | {"context":"ScheduleResolver","employeeId":70,"date":"2026-01-03","dayOfWeek":6}
[2026-02-05 15:45:27] DEBUG: Resolving schedule | {"context":"ScheduleResolver","employeeId":75,"date":"2026-01-03","dayOfWeek":6}
[2026-02-05 15:45:27] DEBUG: Resolving schedule | {"context":"ScheduleResolver","employeeId":3,"date":"2026-01-05","dayOfWeek":1}
[2026-02-05 15:45:27] DEBUG: Resolving schedule | {"context":"ScheduleResolver","employeeId":4,"date":"2026-01-05","dayOfWeek":1}
[2026-02-05 15:45:27] DEBUG: Resolving schedule | {"context":"ScheduleResolver","employeeId":5,"date":"2026-01-05","dayOfWeek":1}
[2026-02-05 15:45:27] DEBUG: Resolving schedule | {"context":"ScheduleResolver","employeeId":6,"date":"2026-01-05","dayOfWeek":1}
[2026-02-05 15:45:27] DEBUG: Found department schedule | {"context":"ScheduleResolver","employeeId":6,"departmentId":5,"isWorkDay":true,"workDays":[1,2,3,4,5]}
[2026-02-05 15:45:27] DEBUG: Resolving schedule | {"context":"ScheduleResolver","employeeId":10,"date":"2026-01-05","dayOfWeek":1}
[2026-02-05 15:45:27] DEBUG: Resolving schedule | {"context":"ScheduleResolver","employeeId":12,"date":"2026-01-05","dayOfWeek":1}
[2026-02-05 15:45:27] DEBUG: Resolving schedule | {"context":"ScheduleResolver","employeeId":15,"date":"2026-01-05","dayOfWeek":1}
[2026-02-05 15:45:27] DEBUG: Found employee schedule | {"context":"ScheduleResolver","employeeId":15,"isWorkDay":true,"workDays":[1,2,3,4,5]}
[2026-02-05 15:45:27] DEBUG: Resolving schedule | {"context":"ScheduleResolver","employeeId":18,"date":"2026-01-05","dayOfWeek":1}
[2026-02-05 15:45:27] DEBUG: Resolving schedule | {"context":"ScheduleResolver","employeeId":19,"date":"2026-01-05","dayOfWeek":1}
[2026-02-05 15:45:27] DEBUG: Resolving schedule | {"context":"ScheduleResolver","employeeId":21,"date":"2026-01-05","dayOfWeek":1}
[2026-02-05 15:45:27] DEBUG: Found department schedule | {"context":"ScheduleResolver","employeeId":21,"departmentId":5,"isWorkDay":true,"workDays":[1,2,3,4,5]}
[2026-02-05 15:45:27] DEBUG: Resolving schedule | {"context":"ScheduleResolver","employeeId":23,"date":"2026-01-05","dayOfWeek":1}
[2026-02-05 15:45:27] DEBUG: Resolving schedule | {"context":"ScheduleResolver","employeeId":24,"date":"2026-01-05","dayOfWeek":1}
[2026-02-05 15:45:27] DEBUG: Resolving schedule | {"context":"ScheduleResolver","employeeId":25,"date":"2026-01-05","dayOfWeek":1}
[2026-02-05 15:45:27] DEBUG: Resolving schedule | {"context":"ScheduleResolver","employeeId":27,"date":"2026-01-05","dayOfWeek":1}
[2026-02-05 15:45:27] DEBUG: Found department schedule | {"context":"ScheduleResolver","employeeId":27,"departmentId":5,"isWorkDay":true,"workDays":[1,2,3,4,5]}
[2026-02-05 15:45:27] DEBUG: Resolving schedule | {"context":"ScheduleResolver","employeeId":28,"date":"2026-01-05","dayOfWeek":1}
[2026-02-05 15:45:27] DEBUG: Found employee schedule | {"context":"ScheduleResolver","employeeId":28,"isWorkDay":true,"workDays":[1,3,5]}
[2026-02-05 15:45:27] DEBUG: Resolving schedule | {"context":"ScheduleResolver","employeeId":29,"date":"2026-01-05","dayOfWeek":1}
[2026-02-05 15:45:27] DEBUG: Found employee schedule | {"context":"ScheduleResolver","employeeId":29,"isWorkDay":true,"workDays":[1,2,3,4,5]}
[2026-02-05 15:45:27] DEBUG: Resolving schedule | {"context":"ScheduleResolver","employeeId":30,"date":"2026-01-05","dayOfWeek":1}
[2026-02-05 15:45:27] DEBUG: Found employee schedule | {"context":"ScheduleResolver","employeeId":30,"isWorkDay":true,"workDays":[1,2,3,4,5]}
[2026-02-05 15:45:27] DEBUG: Resolving schedule | {"context":"ScheduleResolver","employeeId":33,"date":"2026-01-05","dayOfWeek":1}
[2026-02-05 15:45:27] DEBUG: Resolving schedule | {"context":"ScheduleResolver","employeeId":34,"date":"2026-01-05","dayOfWeek":1}
[2026-02-05 15:45:27] DEBUG: Found department schedule | {"context":"ScheduleResolver","employeeId":34,"departmentId":5,"isWorkDay":true,"workDays":[1,2,3,4,5]}
[2026-02-05 15:45:27] DEBUG: Resolving schedule | {"context":"ScheduleResolver","employeeId":35,"date":"2026-01-05","dayOfWeek":1}
[2026-02-05 15:45:27] DEBUG: Found department schedule | {"context":"ScheduleResolver","employeeId":35,"departmentId":5,"isWorkDay":true,"workDays":[1,2,3,4,5]}
[2026-02-05 15:45:27] DEBUG: Resolving schedule | {"context":"ScheduleResolver","employeeId":40,"date":"2026-01-05","dayOfWeek":1}
[2026-02-05 15:45:27] DEBUG: Resolving schedule | {"context":"ScheduleResolver","employeeId":41,"date":"2026-01-05","dayOfWeek":1}
[2026-02-05 15:45:27] DEBUG: Found department schedule | {"context":"ScheduleResolver","employeeId":41,"departmentId":5,"isWorkDay":true,"workDays":[1,2,3,4,5]}
[2026-02-05 15:45:27] DEBUG: Resolving schedule | {"context":"ScheduleResolver","employeeId":42,"date":"2026-01-05","dayOfWeek":1}
[2026-02-05 15:45:27] DEBUG: Resolving schedule | {"context":"ScheduleResolver","employeeId":43,"date":"2026-01-05","dayOfWeek":1}
[2026-02-05 15:45:27] DEBUG: Found employee schedule | {"context":"ScheduleResolver","employeeId":43,"isWorkDay":true,"workDays":[1,2,3,4,5]}
[2026-02-05 15:45:27] DEBUG: Resolving schedule | {"context":"ScheduleResolver","employeeId":44,"date":"2026-01-05","dayOfWeek":1}
[2026-02-05 15:45:27] DEBUG: Resolving schedule | {"context":"ScheduleResolver","employeeId":45,"date":"2026-01-05","dayOfWeek":1}
[2026-02-05 15:45:27] DEBUG: Resolving schedule | {"context":"ScheduleResolver","employeeId":46,"date":"2026-01-05","dayOfWeek":1}
[2026-02-05 15:45:27] DEBUG: Resolving schedule | {"context":"ScheduleResolver","employeeId":48,"date":"2026-01-05","dayOfWeek":1}
[2026-02-05 15:45:27] DEBUG: Resolving schedule | {"context":"ScheduleResolver","employeeId":49,"date":"2026-01-05","dayOfWeek":1}
[2026-02-05 15:45:27] DEBUG: Resolving schedule | {"context":"ScheduleResolver","employeeId":50,"date":"2026-01-05","dayOfWeek":1}
[2026-02-05 15:45:27] DEBUG: Found department schedule | {"context":"ScheduleResolver","employeeId":50,"departmentId":5,"isWorkDay":true,"workDays":[1,2,3,4,5]}
[2026-02-05 15:45:27] DEBUG: Resolving schedule | {"context":"ScheduleResolver","employeeId":51,"date":"2026-01-05","dayOfWeek":1}
[2026-02-05 15:45:27] DEBUG: Resolving schedule | {"context":"ScheduleResolver","employeeId":52,"date":"2026-01-05","dayOfWeek":1}
[2026-02-05 15:45:27] DEBUG: Resolving schedule | {"context":"ScheduleResolver","employeeId":54,"date":"2026-01-05","dayOfWeek":1}
[2026-02-05 15:45:27] DEBUG: Resolving schedule | {"context":"ScheduleResolver","employeeId":55,"date":"2026-01-05","dayOfWeek":1}
[2026-02-05 15:45:27] DEBUG: Found department schedule | {"context":"ScheduleResolver","employeeId":55,"departmentId":5,"isWorkDay":true,"workDays":[1,2,3,4,5]}
[2026-02-05 15:45:27] DEBUG: Resolving schedule | {"context":"ScheduleResolver","employeeId":56,"date":"2026-01-05","dayOfWeek":1}
[2026-02-05 15:45:27] DEBUG: Resolving schedule | {"context":"ScheduleResolver","employeeId":57,"date":"2026-01-05","dayOfWeek":1}
[2026-02-05 15:45:27] DEBUG: Resolving schedule | {"context":"ScheduleResolver","employeeId":58,"date":"2026-01-05","dayOfWeek":1}
[2026-02-05 15:45:27] DEBUG: Found department schedule | {"context":"ScheduleResolver","employeeId":58,"departmentId":5,"isWorkDay":true,"workDays":[1,2,3,4,5]}
[2026-02-05 15:45:27] DEBUG: Resolving schedule | {"context":"ScheduleResolver","employeeId":59,"date":"2026-01-05","dayOfWeek":1}
[2026-02-05 15:45:27] DEBUG: Resolving schedule | {"context":"ScheduleResolver","employeeId":60,"date":"2026-01-05","dayOfWeek":1}
[2026-02-05 15:45:27] DEBUG: Found department schedule | {"context":"ScheduleResolver","employeeId":60,"departmentId":5,"isWorkDay":true,"workDays":[1,2,3,4,5]}
[2026-02-05 15:45:27] DEBUG: Resolving schedule | {"context":"ScheduleResolver","employeeId":61,"date":"2026-01-05","dayOfWeek":1}
[2026-02-05 15:45:27] DEBUG: Resolving schedule | {"context":"ScheduleResolver","employeeId":62,"date":"2026-01-05","dayOfWeek":1}
[2026-02-05 15:45:27] DEBUG: Found department schedule | {"context":"ScheduleResolver","employeeId":62,"departmentId":5,"isWorkDay":true,"workDays":[1,2,3,4,5]}
[2026-02-05 15:45:27] DEBUG: Resolving schedule | {"context":"ScheduleResolver","employeeId":63,"date":"2026-01-05","dayOfWeek":1}
[2026-02-05 15:45:27] DEBUG: Resolving schedule | {"context":"ScheduleResolver","employeeId":64,"date":"2026-01-05","dayOfWeek":1}
[2026-02-05 15:45:27] DEBUG: Resolving schedule | {"context":"ScheduleResolver","employeeId":65,"date":"2026-01-05","dayOfWeek":1}
[2026-02-05 15:45:27] DEBUG: Resolving schedule | {"context":"ScheduleResolver","employeeId":66,"date":"2026-01-05","dayOfWeek":1}
[2026-02-05 15:45:27] DEBUG: Resolving schedule | {"context":"ScheduleResolver","employeeId":67,"date":"2026-01-05","dayOfWeek":1}
[2026-02-05 15:45:27] DEBUG: Resolving schedule | {"context":"ScheduleResolver","employeeId":68,"date":"2026-01-05","dayOfWeek":1}
[2026-02-05 15:45:27] DEBUG: Resolving schedule | {"context":"ScheduleResolver","employeeId":70,"date":"2026-01-05","dayOfWeek":1}
[2026-02-05 15:45:27] DEBUG: Resolving schedule | {"context":"ScheduleResolver","employeeId":71,"date":"2026-01-05","dayOfWeek":1}
[2026-02-05 15:45:27] DEBUG: Found employee schedule | {"context":"ScheduleResolver","employeeId":71,"isWorkDay":true,"workDays":[1,2,3,4,5]}
[2026-02-05 15:45:27] DEBUG: Resolving schedule | {"context":"ScheduleResolver","employeeId":72,"date":"2026-01-05","dayOfWeek":1}
[2026-02-05 15:45:27] DEBUG: Resolving schedule | {"context":"ScheduleResolver","employeeId":73,"date":"2026-01-05","dayOfWeek":1}
[2026-02-05 15:45:27] DEBUG: Resolving schedule | {"context":"ScheduleResolver","employeeId":75,"date":"2026-01-05","dayOfWeek":1}
[2026-02-05 15:45:27] DEBUG: Resolving schedule | {"context":"ScheduleResolver","employeeId":3,"date":"2026-01-06","dayOfWeek":2}
[2026-02-05 15:45:27] DEBUG: Resolving schedule | {"context":"ScheduleResolver","employeeId":4,"date":"2026-01-06","dayOfWeek":2}
[2026-02-05 15:45:27] DEBUG: Resolving schedule | {"context":"ScheduleResolver","employeeId":5,"date":"2026-01-06","dayOfWeek":2}
[2026-02-05 15:45:27] DEBUG: Resolving schedule | {"context":"ScheduleResolver","employeeId":6,"date":"2026-01-06","dayOfWeek":2}
[2026-02-05 15:45:27] DEBUG: Found department schedule | {"context":"ScheduleResolver","employeeId":6,"departmentId":5,"isWorkDay":true,"workDays":[1,2,3,4,5]}
[2026-02-05 15:45:27] DEBUG: Resolving schedule | {"context":"ScheduleResolver","employeeId":10,"date":"2026-01-06","dayOfWeek":2}
[2026-02-05 15:45:27] DEBUG: Resolving schedule | {"context":"ScheduleResolver","employeeId":12,"date":"2026-01-06","dayOfWeek":2}
[2026-02-05 15:45:27] DEBUG: Resolving schedule | {"context":"ScheduleResolver","employeeId":15,"date":"2026-01-06","dayOfWeek":2}
[2026-02-05 15:45:27] DEBUG: Found employee schedule | {"context":"ScheduleResolver","employeeId":15,"isWorkDay":true,"workDays":[1,2,3,4,5]}
[2026-02-05 15:45:27] DEBUG: Resolving schedule | {"context":"ScheduleResolver","employeeId":18,"date":"2026-01-06","dayOfWeek":2}
[2026-02-05 15:45:27] DEBUG: Resolving schedule | {"context":"ScheduleResolver","employeeId":19,"date":"2026-01-06","dayOfWeek":2}
[2026-02-05 15:45:27] DEBUG: Resolving schedule | {"context":"ScheduleResolver","employeeId":21,"date":"2026-01-06","dayOfWeek":2}
[2026-02-05 15:45:27] DEBUG: Found department schedule | {"context":"ScheduleResolver","employeeId":21,"departmentId":5,"isWorkDay":true,"workDays":[1,2,3,4,5]}
[2026-02-05 15:45:27] DEBUG: Resolving schedule | {"context":"ScheduleResolver","employeeId":23,"date":"2026-01-06","dayOfWeek":2}
[2026-02-05 15:45:27] DEBUG: Resolving schedule | {"context":"ScheduleResolver","employeeId":24,"date":"2026-01-06","dayOfWeek":2}
[2026-02-05 15:45:27] DEBUG: Resolving schedule | {"context":"ScheduleResolver","employeeId":25,"date":"2026-01-06","dayOfWeek":2}
[2026-02-05 15:45:27] DEBUG: Resolving schedule | {"context":"ScheduleResolver","employeeId":27,"date":"2026-01-06","dayOfWeek":2}
[2026-02-05 15:45:27] DEBUG: Found department schedule | {"context":"ScheduleResolver","employeeId":27,"departmentId":5,"isWorkDay":true,"workDays":[1,2,3,4,5]}
[2026-02-05 15:45:27] DEBUG: Resolving schedule | {"context":"ScheduleResolver","employeeId":29,"date":"2026-01-06","dayOfWeek":2}
[2026-02-05 15:45:27] DEBUG: Found employee schedule | {"context":"ScheduleResolver","employeeId":29,"isWorkDay":true,"workDays":[1,2,3,4,5]}
[2026-02-05 15:45:27] DEBUG: Resolving schedule | {"context":"ScheduleResolver","employeeId":30,"date":"2026-01-06","dayOfWeek":2}
[2026-02-05 15:45:27] DEBUG: Found employee schedule | {"context":"ScheduleResolver","employeeId":30,"isWorkDay":true,"workDays":[1,2,3,4,5]}
[2026-02-05 15:45:27] DEBUG: Resolving schedule | {"context":"ScheduleResolver","employeeId":32,"date":"2026-01-06","dayOfWeek":2}
[2026-02-05 15:45:27] DEBUG: Found department schedule | {"context":"ScheduleResolver","employeeId":32,"departmentId":5,"isWorkDay":true,"workDays":[1,2,3,4,5]}
[2026-02-05 15:45:27] DEBUG: Resolving schedule | {"context":"ScheduleResolver","employeeId":33,"date":"2026-01-06","dayOfWeek":2}
[2026-02-05 15:45:27] DEBUG: Resolving schedule | {"context":"ScheduleResolver","employeeId":34,"date":"2026-01-06","dayOfWeek":2}
[2026-02-05 15:45:27] DEBUG: Found department schedule | {"context":"ScheduleResolver","employeeId":34,"departmentId":5,"isWorkDay":true,"workDays":[1,2,3,4,5]}
[2026-02-05 15:45:27] DEBUG: Resolving schedule | {"context":"ScheduleResolver","employeeId":35,"date":"2026-01-06","dayOfWeek":2}
[2026-02-05 15:45:27] DEBUG: Found department schedule | {"context":"ScheduleResolver","employeeId":35,"departmentId":5,"isWorkDay":true,"workDays":[1,2,3,4,5]}
[2026-02-05 15:45:27] DEBUG: Resolving schedule | {"context":"ScheduleResolver","employeeId":40,"date":"2026-01-06","dayOfWeek":2}
[2026-02-05 15:45:27] DEBUG: Resolving schedule | {"context":"ScheduleResolver","employeeId":41,"date":"2026-01-06","dayOfWeek":2}
[2026-02-05 15:45:27] DEBUG: Found department schedule | {"context":"ScheduleResolver","employeeId":41,"departmentId":5,"isWorkDay":true,"workDays":[1,2,3,4,5]}
[2026-02-05 15:45:27] DEBUG: Resolving schedule | {"context":"ScheduleResolver","employeeId":42,"date":"2026-01-06","dayOfWeek":2}
[2026-02-05 15:45:27] DEBUG: Resolving schedule | {"context":"ScheduleResolver","employeeId":43,"date":"2026-01-06","dayOfWeek":2}
[2026-02-05 15:45:27] DEBUG: Found employee schedule | {"context":"ScheduleResolver","employeeId":43,"isWorkDay":true,"workDays":[1,2,3,4,5]}
[2026-02-05 15:45:27] DEBUG: Resolving schedule | {"context":"ScheduleResolver","employeeId":44,"date":"2026-01-06","dayOfWeek":2}
[2026-02-05 15:45:27] DEBUG: Resolving schedule | {"context":"ScheduleResolver","employeeId":45,"date":"2026-01-06","dayOfWeek":2}
[2026-02-05 15:45:27] DEBUG: Resolving schedule | {"context":"ScheduleResolver","employeeId":46,"date":"2026-01-06","dayOfWeek":2}
[2026-02-05 15:45:27] DEBUG: Resolving schedule | {"context":"ScheduleResolver","employeeId":48,"date":"2026-01-06","dayOfWeek":2}
[2026-02-05 15:45:27] DEBUG: Resolving schedule | {"context":"ScheduleResolver","employeeId":49,"date":"2026-01-06","dayOfWeek":2}
[2026-02-05 15:45:27] DEBUG: Resolving schedule | {"context":"ScheduleResolver","employeeId":50,"date":"2026-01-06","dayOfWeek":2}
[2026-02-05 15:45:27] DEBUG: Found department schedule | {"context":"ScheduleResolver","employeeId":50,"departmentId":5,"isWorkDay":true,"workDays":[1,2,3,4,5]}
[2026-02-05 15:45:27] DEBUG: Resolving schedule | {"context":"ScheduleResolver","employeeId":51,"date":"2026-01-06","dayOfWeek":2}
[2026-02-05 15:45:27] DEBUG: Resolving schedule | {"context":"ScheduleResolver","employeeId":52,"date":"2026-01-06","dayOfWeek":2}
[2026-02-05 15:45:27] DEBUG: Resolving schedule | {"context":"ScheduleResolver","employeeId":54,"date":"2026-01-06","dayOfWeek":2}
[2026-02-05 15:45:27] DEBUG: Resolving schedule | {"context":"ScheduleResolver","employeeId":55,"date":"2026-01-06","dayOfWeek":2}
[2026-02-05 15:45:27] DEBUG: Found department schedule | {"context":"ScheduleResolver","employeeId":55,"departmentId":5,"isWorkDay":true,"workDays":[1,2,3,4,5]}
[2026-02-05 15:45:27] DEBUG: Resolving schedule | {"context":"ScheduleResolver","employeeId":56,"date":"2026-01-06","dayOfWeek":2}
[2026-02-05 15:45:27] DEBUG: Resolving schedule | {"context":"ScheduleResolver","employeeId":57,"date":"2026-01-06","dayOfWeek":2}
[2026-02-05 15:45:27] DEBUG: Resolving schedule | {"context":"ScheduleResolver","employeeId":58,"date":"2026-01-06","dayOfWeek":2}
[2026-02-05 15:45:27] DEBUG: Found department schedule | {"context":"ScheduleResolver","employeeId":58,"departmentId":5,"isWorkDay":true,"workDays":[1,2,3,4,5]}
[2026-02-05 15:45:27] DEBUG: Resolving schedule | {"context":"ScheduleResolver","employeeId":59,"date":"2026-01-06","dayOfWeek":2}
[2026-02-05 15:45:27] DEBUG: Resolving schedule | {"context":"ScheduleResolver","employeeId":60,"date":"2026-01-06","dayOfWeek":2}
[2026-02-05 15:45:27] DEBUG: Found department schedule | {"context":"ScheduleResolver","employeeId":60,"departmentId":5,"isWorkDay":true,"workDays":[1,2,3,4,5]}
[2026-02-05 15:45:27] DEBUG: Resolving schedule | {"context":"ScheduleResolver","employeeId":61,"date":"2026-01-06","dayOfWeek":2}
[2026-02-05 15:45:27] DEBUG: Resolving schedule | {"context":"ScheduleResolver","employeeId":62,"date":"2026-01-06","dayOfWeek":2}
[2026-02-05 15:45:27] DEBUG: Found department schedule | {"context":"ScheduleResolver","employeeId":62,"departmentId":5,"isWorkDay":true,"workDays":[1,2,3,4,5]}
[2026-02-05 15:45:27] DEBUG: Resolving schedule | {"context":"ScheduleResolver","employeeId":63,"date":"2026-01-06","dayOfWeek":2}
[2026-02-05 15:45:27] DEBUG: Resolving schedule | {"context":"ScheduleResolver","employeeId":64,"date":"2026-01-06","dayOfWeek":2}
[2026-02-05 15:45:27] DEBUG: Resolving schedule | {"context":"ScheduleResolver","employeeId":65,"date":"2026-01-06","dayOfWeek":2}
[2026-02-05 15:45:27] DEBUG: Resolving schedule | {"context":"ScheduleResolver","employeeId":66,"date":"2026-01-06","dayOfWeek":2}
[2026-02-05 15:45:27] DEBUG: Resolving schedule | {"context":"ScheduleResolver","employeeId":68,"date":"2026-01-06","dayOfWeek":2}
[2026-02-05 15:45:27] DEBUG: Resolving schedule | {"context":"ScheduleResolver","employeeId":71,"date":"2026-01-06","dayOfWeek":2}
[2026-02-05 15:45:27] DEBUG: Found employee schedule | {"context":"ScheduleResolver","employeeId":71,"isWorkDay":true,"workDays":[1,2,3,4,5]}
[2026-02-05 15:45:27] DEBUG: Resolving schedule | {"context":"ScheduleResolver","employeeId":72,"date":"2026-01-06","dayOfWeek":2}
[2026-02-05 15:45:27] DEBUG: Resolving schedule | {"context":"ScheduleResolver","employeeId":73,"date":"2026-01-06","dayOfWeek":2}
[2026-02-05 15:45:27] DEBUG: Resolving schedule | {"context":"ScheduleResolver","employeeId":75,"date":"2026-01-06","dayOfWeek":2}
[2026-02-05 15:45:27] DEBUG: Resolving schedule | {"context":"ScheduleResolver","employeeId":3,"date":"2026-01-07","dayOfWeek":3}
[2026-02-05 15:45:27] DEBUG: Resolving schedule | {"context":"ScheduleResolver","employeeId":4,"date":"2026-01-07","dayOfWeek":3}
[2026-02-05 15:45:27] DEBUG: Resolving schedule | {"context":"ScheduleResolver","employeeId":5,"date":"2026-01-07","dayOfWeek":3}
[2026-02-05 15:45:27] DEBUG: Resolving schedule | {"context":"ScheduleResolver","employeeId":6,"date":"2026-01-07","dayOfWeek":3}
[2026-02-05 15:45:27] DEBUG: Found department schedule | {"context":"ScheduleResolver","employeeId":6,"departmentId":5,"isWorkDay":true,"workDays":[1,2,3,4,5]}
[2026-02-05 15:45:27] DEBUG: Resolving schedule | {"context":"ScheduleResolver","employeeId":10,"date":"2026-01-07","dayOfWeek":3}
[2026-02-05 15:45:27] DEBUG: Resolving schedule | {"context":"ScheduleResolver","employeeId":12,"date":"2026-01-07","dayOfWeek":3}
[2026-02-05 15:45:27] DEBUG: Resolving schedule | {"context":"ScheduleResolver","employeeId":15,"date":"2026-01-07","dayOfWeek":3}
[2026-02-05 15:45:27] DEBUG: Found employee schedule | {"context":"ScheduleResolver","employeeId":15,"isWorkDay":true,"workDays":[1,2,3,4,5]}
[2026-02-05 15:45:27] DEBUG: Resolving schedule | {"context":"ScheduleResolver","employeeId":18,"date":"2026-01-07","dayOfWeek":3}
[2026-02-05 15:45:27] DEBUG: Resolving schedule | {"context":"ScheduleResolver","employeeId":19,"date":"2026-01-07","dayOfWeek":3}
[2026-02-05 15:45:27] DEBUG: Resolving schedule | {"context":"ScheduleResolver","employeeId":21,"date":"2026-01-07","dayOfWeek":3}
[2026-02-05 15:45:27] DEBUG: Found department schedule | {"context":"ScheduleResolver","employeeId":21,"departmentId":5,"isWorkDay":true,"workDays":[1,2,3,4,5]}
[2026-02-05 15:45:27] DEBUG: Resolving schedule | {"context":"ScheduleResolver","employeeId":23,"date":"2026-01-07","dayOfWeek":3}
[2026-02-05 15:45:27] DEBUG: Resolving schedule | {"context":"ScheduleResolver","employeeId":24,"date":"2026-01-07","dayOfWeek":3}
[2026-02-05 15:45:27] DEBUG: Resolving schedule | {"context":"ScheduleResolver","employeeId":25,"date":"2026-01-07","dayOfWeek":3}
[2026-02-05 15:45:27] DEBUG: Resolving schedule | {"context":"ScheduleResolver","employeeId":27,"date":"2026-01-07","dayOfWeek":3}
[2026-02-05 15:45:27] DEBUG: Found department schedule | {"context":"ScheduleResolver","employeeId":27,"departmentId":5,"isWorkDay":true,"workDays":[1,2,3,4,5]}
[2026-02-05 15:45:27] DEBUG: Resolving schedule | {"context":"ScheduleResolver","employeeId":28,"date":"2026-01-07","dayOfWeek":3}
[2026-02-05 15:45:27] DEBUG: Found employee schedule | {"context":"ScheduleResolver","employeeId":28,"isWorkDay":true,"workDays":[1,3,5]}
[2026-02-05 15:45:27] DEBUG: Resolving schedule | {"context":"ScheduleResolver","employeeId":29,"date":"2026-01-07","dayOfWeek":3}
[2026-02-05 15:45:27] DEBUG: Found employee schedule | {"context":"ScheduleResolver","employeeId":29,"isWorkDay":true,"workDays":[1,2,3,4,5]}
[2026-02-05 15:45:27] DEBUG: Resolving schedule | {"context":"ScheduleResolver","employeeId":30,"date":"2026-01-07","dayOfWeek":3}
[2026-02-05 15:45:27] DEBUG: Found employee schedule | {"context":"ScheduleResolver","employeeId":30,"isWorkDay":true,"workDays":[1,2,3,4,5]}
[2026-02-05 15:45:27] DEBUG: Resolving schedule | {"context":"ScheduleResolver","employeeId":32,"date":"2026-01-07","dayOfWeek":3}
[2026-02-05 15:45:27] DEBUG: Found department schedule | {"context":"ScheduleResolver","employeeId":32,"departmentId":5,"isWorkDay":true,"workDays":[1,2,3,4,5]}
[2026-02-05 15:45:27] DEBUG: Resolving schedule | {"context":"ScheduleResolver","employeeId":33,"date":"2026-01-07","dayOfWeek":3}
[2026-02-05 15:45:27] DEBUG: Resolving schedule | {"context":"ScheduleResolver","employeeId":34,"date":"2026-01-07","dayOfWeek":3}
[2026-02-05 15:45:27] DEBUG: Found department schedule | {"context":"ScheduleResolver","employeeId":34,"departmentId":5,"isWorkDay":true,"workDays":[1,2,3,4,5]}
[2026-02-05 15:45:27] DEBUG: Resolving schedule | {"context":"ScheduleResolver","employeeId":35,"date":"2026-01-07","dayOfWeek":3}
[2026-02-05 15:45:27] DEBUG: Found department schedule | {"context":"ScheduleResolver","employeeId":35,"departmentId":5,"isWorkDay":true,"workDays":[1,2,3,4,5]}
[2026-02-05 15:45:27] DEBUG: Resolving schedule | {"context":"ScheduleResolver","employeeId":40,"date":"2026-01-07","dayOfWeek":3}
[2026-02-05 15:45:27] DEBUG: Resolving schedule | {"context":"ScheduleResolver","employeeId":41,"date":"2026-01-07","dayOfWeek":3}
[2026-02-05 15:45:27] DEBUG: Found department schedule | {"context":"ScheduleResolver","employeeId":41,"departmentId":5,"isWorkDay":true,"workDays":[1,2,3,4,5]}
[2026-02-05 15:45:27] DEBUG: Resolving schedule | {"context":"ScheduleResolver","employeeId":42,"date":"2026-01-07","dayOfWeek":3}
[2026-02-05 15:45:27] DEBUG: Resolving schedule | {"context":"ScheduleResolver","employeeId":43,"date":"2026-01-07","dayOfWeek":3}
[2026-02-05 15:45:27] DEBUG: Found employee schedule | {"context":"ScheduleResolver","employeeId":43,"isWorkDay":true,"workDays":[1,2,3,4,5]}
[2026-02-05 15:45:27] DEBUG: Resolving schedule | {"context":"ScheduleResolver","employeeId":44,"date":"2026-01-07","dayOfWeek":3}
[2026-02-05 15:45:27] DEBUG: Resolving schedule | {"context":"ScheduleResolver","employeeId":45,"date":"2026-01-07","dayOfWeek":3}
[2026-02-05 15:45:27] DEBUG: Resolving schedule | {"context":"ScheduleResolver","employeeId":46,"date":"2026-01-07","dayOfWeek":3}
[2026-02-05 15:45:27] DEBUG: Resolving schedule | {"context":"ScheduleResolver","employeeId":48,"date":"2026-01-07","dayOfWeek":3}
[2026-02-05 15:45:27] DEBUG: Resolving schedule | {"context":"ScheduleResolver","employeeId":49,"date":"2026-01-07","dayOfWeek":3}
[2026-02-05 15:45:27] DEBUG: Resolving schedule | {"context":"ScheduleResolver","employeeId":50,"date":"2026-01-07","dayOfWeek":3}
[2026-02-05 15:45:27] DEBUG: Found department schedule | {"context":"ScheduleResolver","employeeId":50,"departmentId":5,"isWorkDay":true,"workDays":[1,2,3,4,5]}
[2026-02-05 15:45:27] DEBUG: Resolving schedule | {"context":"ScheduleResolver","employeeId":51,"date":"2026-01-07","dayOfWeek":3}
[2026-02-05 15:45:27] DEBUG: Resolving schedule | {"context":"ScheduleResolver","employeeId":52,"date":"2026-01-07","dayOfWeek":3}
[2026-02-05 15:45:27] DEBUG: Resolving schedule | {"context":"ScheduleResolver","employeeId":54,"date":"2026-01-07","dayOfWeek":3}
[2026-02-05 15:45:27] DEBUG: Resolving schedule | {"context":"ScheduleResolver","employeeId":55,"date":"2026-01-07","dayOfWeek":3}
[2026-02-05 15:45:27] DEBUG: Found department schedule | {"context":"ScheduleResolver","employeeId":55,"departmentId":5,"isWorkDay":true,"workDays":[1,2,3,4,5]}
[2026-02-05 15:45:27] DEBUG: Resolving schedule | {"context":"ScheduleResolver","employeeId":56,"date":"2026-01-07","dayOfWeek":3}
[2026-02-05 15:45:27] DEBUG: Resolving schedule | {"context":"ScheduleResolver","employeeId":57,"date":"2026-01-07","dayOfWeek":3}
[2026-02-05 15:45:27] DEBUG: Resolving schedule | {"context":"ScheduleResolver","employeeId":59,"date":"2026-01-07","dayOfWeek":3}
[2026-02-05 15:45:27] DEBUG: Resolving schedule | {"context":"ScheduleResolver","employeeId":60,"date":"2026-01-07","dayOfWeek":3}
[2026-02-05 15:45:27] DEBUG: Found department schedule | {"context":"ScheduleResolver","employeeId":60,"departmentId":5,"isWorkDay":true,"workDays":[1,2,3,4,5]}
[2026-02-05 15:45:27] DEBUG: Resolving schedule | {"context":"ScheduleResolver","employeeId":61,"date":"2026-01-07","dayOfWeek":3}
[2026-02-05 15:45:27] DEBUG: Resolving schedule | {"context":"ScheduleResolver","employeeId":62,"date":"2026-01-07","dayOfWeek":3}
[2026-02-05 15:45:27] DEBUG: Found department schedule | {"context":"ScheduleResolver","employeeId":62,"departmentId":5,"isWorkDay":true,"workDays":[1,2,3,4,5]}
[2026-02-05 15:45:27] DEBUG: Resolving schedule | {"context":"ScheduleResolver","employeeId":63,"date":"2026-01-07","dayOfWeek":3}
[2026-02-05 15:45:27] DEBUG: Resolving schedule | {"context":"ScheduleResolver","employeeId":64,"date":"2026-01-07","dayOfWeek":3}
[2026-02-05 15:45:27] DEBUG: Resolving schedule | {"context":"ScheduleResolver","employeeId":65,"date":"2026-01-07","dayOfWeek":3}
[2026-02-05 15:45:27] DEBUG: Resolving schedule | {"context":"ScheduleResolver","employeeId":66,"date":"2026-01-07","dayOfWeek":3}
[2026-02-05 15:45:27] DEBUG: Resolving schedule | {"context":"ScheduleResolver","employeeId":67,"date":"2026-01-07","dayOfWeek":3}
[2026-02-05 15:45:27] DEBUG: Resolving schedule | {"context":"ScheduleResolver","employeeId":68,"date":"2026-01-07","dayOfWeek":3}
[2026-02-05 15:45:27] DEBUG: Resolving schedule | {"context":"ScheduleResolver","employeeId":70,"date":"2026-01-07","dayOfWeek":3}
[2026-02-05 15:45:27] DEBUG: Resolving schedule | {"context":"ScheduleResolver","employeeId":71,"date":"2026-01-07","dayOfWeek":3}
[2026-02-05 15:45:27] DEBUG: Found employee schedule | {"context":"ScheduleResolver","employeeId":71,"isWorkDay":true,"workDays":[1,2,3,4,5]}
[2026-02-05 15:45:27] DEBUG: Resolving schedule | {"context":"ScheduleResolver","employeeId":72,"date":"2026-01-07","dayOfWeek":3}
[2026-02-05 15:45:27] DEBUG: Resolving schedule | {"context":"ScheduleResolver","employeeId":73,"date":"2026-01-07","dayOfWeek":3}
[2026-02-05 15:45:27] DEBUG: Resolving schedule | {"context":"ScheduleResolver","employeeId":75,"date":"2026-01-07","dayOfWeek":3}
[2026-02-05 15:45:27] DEBUG: Resolving schedule | {"context":"ScheduleResolver","employeeId":3,"date":"2026-01-08","dayOfWeek":4}
[2026-02-05 15:45:27] DEBUG: Resolving schedule | {"context":"ScheduleResolver","employeeId":4,"date":"2026-01-08","dayOfWeek":4}
[2026-02-05 15:45:27] DEBUG: Resolving schedule | {"context":"ScheduleResolver","employeeId":5,"date":"2026-01-08","dayOfWeek":4}
[2026-02-05 15:45:27] DEBUG: Resolving schedule | {"context":"ScheduleResolver","employeeId":6,"date":"2026-01-08","dayOfWeek":4}
[2026-02-05 15:45:27] DEBUG: Found department schedule | {"context":"ScheduleResolver","employeeId":6,"departmentId":5,"isWorkDay":true,"workDays":[1,2,3,4,5]}
[2026-02-05 15:45:27] DEBUG: Resolving schedule | {"context":"ScheduleResolver","employeeId":10,"date":"2026-01-08","dayOfWeek":4}
[2026-02-05 15:45:27] DEBUG: Resolving schedule | {"context":"ScheduleResolver","employeeId":12,"date":"2026-01-08","dayOfWeek":4}
[2026-02-05 15:45:27] DEBUG: Resolving schedule | {"context":"ScheduleResolver","employeeId":15,"date":"2026-01-08","dayOfWeek":4}
[2026-02-05 15:45:27] DEBUG: Found employee schedule | {"context":"ScheduleResolver","employeeId":15,"isWorkDay":true,"workDays":[1,2,3,4,5]}
[2026-02-05 15:45:27] DEBUG: Resolving schedule | {"context":"ScheduleResolver","employeeId":18,"date":"2026-01-08","dayOfWeek":4}
[2026-02-05 15:45:27] DEBUG: Resolving schedule | {"context":"ScheduleResolver","employeeId":19,"date":"2026-01-08","dayOfWeek":4}
[2026-02-05 15:45:27] DEBUG: Resolving schedule | {"context":"ScheduleResolver","employeeId":21,"date":"2026-01-08","dayOfWeek":4}
[2026-02-05 15:45:27] DEBUG: Found department schedule | {"context":"ScheduleResolver","employeeId":21,"departmentId":5,"isWorkDay":true,"workDays":[1,2,3,4,5]}
[2026-02-05 15:45:27] DEBUG: Resolving schedule | {"context":"ScheduleResolver","employeeId":23,"date":"2026-01-08","dayOfWeek":4}
[2026-02-05 15:45:27] DEBUG: Resolving schedule | {"context":"ScheduleResolver","employeeId":24,"date":"2026-01-08","dayOfWeek":4}
[2026-02-05 15:45:27] DEBUG: Resolving schedule | {"context":"ScheduleResolver","employeeId":25,"date":"2026-01-08","dayOfWeek":4}
[2026-02-05 15:45:27] DEBUG: Resolving schedule | {"context":"ScheduleResolver","employeeId":27,"date":"2026-01-08","dayOfWeek":4}
[2026-02-05 15:45:27] DEBUG: Found department schedule | {"context":"ScheduleResolver","employeeId":27,"departmentId":5,"isWorkDay":true,"workDays":[1,2,3,4,5]}
[2026-02-05 15:45:27] DEBUG: Resolving schedule | {"context":"ScheduleResolver","employeeId":29,"date":"2026-01-08","dayOfWeek":4}
[2026-02-05 15:45:27] DEBUG: Found employee schedule | {"context":"ScheduleResolver","employeeId":29,"isWorkDay":true,"workDays":[1,2,3,4,5]}
[2026-02-05 15:45:27] DEBUG: Resolving schedule | {"context":"ScheduleResolver","employeeId":30,"date":"2026-01-08","dayOfWeek":4}
[2026-02-05 15:45:27] DEBUG: Found employee schedule | {"context":"ScheduleResolver","employeeId":30,"isWorkDay":true,"workDays":[1,2,3,4,5]}
[2026-02-05 15:45:27] DEBUG: Resolving schedule | {"context":"ScheduleResolver","employeeId":32,"date":"2026-01-08","dayOfWeek":4}
[2026-02-05 15:45:27] DEBUG: Found department schedule | {"context":"ScheduleResolver","employeeId":32,"departmentId":5,"isWorkDay":true,"workDays":[1,2,3,4,5]}
[2026-02-05 15:45:27] DEBUG: Resolving schedule | {"context":"ScheduleResolver","employeeId":33,"date":"2026-01-08","dayOfWeek":4}
[2026-02-05 15:45:27] DEBUG: Resolving schedule | {"context":"ScheduleResolver","employeeId":34,"date":"2026-01-08","dayOfWeek":4}
[2026-02-05 15:45:27] DEBUG: Found department schedule | {"context":"ScheduleResolver","employeeId":34,"departmentId":5,"isWorkDay":true,"workDays":[1,2,3,4,5]}
[2026-02-05 15:45:27] DEBUG: Resolving schedule | {"context":"ScheduleResolver","employeeId":35,"date":"2026-01-08","dayOfWeek":4}
[2026-02-05 15:45:27] DEBUG: Found department schedule | {"context":"ScheduleResolver","employeeId":35,"departmentId":5,"isWorkDay":true,"workDays":[1,2,3,4,5]}
[2026-02-05 15:45:27] DEBUG: Resolving schedule | {"context":"ScheduleResolver","employeeId":40,"date":"2026-01-08","dayOfWeek":4}
[2026-02-05 15:45:27] DEBUG: Resolving schedule | {"context":"ScheduleResolver","employeeId":41,"date":"2026-01-08","dayOfWeek":4}
[2026-02-05 15:45:27] DEBUG: Found department schedule | {"context":"ScheduleResolver","employeeId":41,"departmentId":5,"isWorkDay":true,"workDays":[1,2,3,4,5]}
[2026-02-05 15:45:27] DEBUG: Resolving schedule | {"context":"ScheduleResolver","employeeId":42,"date":"2026-01-08","dayOfWeek":4}
[2026-02-05 15:45:27] DEBUG: Resolving schedule | {"context":"ScheduleResolver","employeeId":44,"date":"2026-01-08","dayOfWeek":4}
[2026-02-05 15:45:27] DEBUG: Resolving schedule | {"context":"ScheduleResolver","employeeId":45,"date":"2026-01-08","dayOfWeek":4}
[2026-02-05 15:45:27] DEBUG: Resolving schedule | {"context":"ScheduleResolver","employeeId":46,"date":"2026-01-08","dayOfWeek":4}
[2026-02-05 15:45:27] DEBUG: Resolving schedule | {"context":"ScheduleResolver","employeeId":48,"date":"2026-01-08","dayOfWeek":4}
[2026-02-05 15:45:27] DEBUG: Resolving schedule | {"context":"ScheduleResolver","employeeId":49,"date":"2026-01-08","dayOfWeek":4}
[2026-02-05 15:45:27] DEBUG: Resolving schedule | {"context":"ScheduleResolver","employeeId":50,"date":"2026-01-08","dayOfWeek":4}
[2026-02-05 15:45:27] DEBUG: Found department schedule | {"context":"ScheduleResolver","employeeId":50,"departmentId":5,"isWorkDay":true,"workDays":[1,2,3,4,5]}
[2026-02-05 15:45:27] DEBUG: Resolving schedule | {"context":"ScheduleResolver","employeeId":51,"date":"2026-01-08","dayOfWeek":4}
[2026-02-05 15:45:27] DEBUG: Resolving schedule | {"context":"ScheduleResolver","employeeId":52,"date":"2026-01-08","dayOfWeek":4}
[2026-02-05 15:45:27] DEBUG: Resolving schedule | {"context":"ScheduleResolver","employeeId":54,"date":"2026-01-08","dayOfWeek":4}
[2026-02-05 15:45:27] DEBUG: Resolving schedule | {"context":"ScheduleResolver","employeeId":55,"date":"2026-01-08","dayOfWeek":4}
[2026-02-05 15:45:27] DEBUG: Found department schedule | {"context":"ScheduleResolver","employeeId":55,"departmentId":5,"isWorkDay":true,"workDays":[1,2,3,4,5]}
[2026-02-05 15:45:27] DEBUG: Resolving schedule | {"context":"ScheduleResolver","employeeId":56,"date":"2026-01-08","dayOfWeek":4}
[2026-02-05 15:45:27] DEBUG: Resolving schedule | {"context":"ScheduleResolver","employeeId":57,"date":"2026-01-08","dayOfWeek":4}
[2026-02-05 15:45:27] DEBUG: Resolving schedule | {"context":"ScheduleResolver","employeeId":59,"date":"2026-01-08","dayOfWeek":4}
[2026-02-05 15:45:27] DEBUG: Resolving schedule | {"context":"ScheduleResolver","employeeId":60,"date":"2026-01-08","dayOfWeek":4}
[2026-02-05 15:45:27] DEBUG: Found department schedule | {"context":"ScheduleResolver","employeeId":60,"departmentId":5,"isWorkDay":true,"workDays":[1,2,3,4,5]}
[2026-02-05 15:45:27] DEBUG: Resolving schedule | {"context":"ScheduleResolver","employeeId":61,"date":"2026-01-08","dayOfWeek":4}
[2026-02-05 15:45:27] DEBUG: Resolving schedule | {"context":"ScheduleResolver","employeeId":62,"date":"2026-01-08","dayOfWeek":4}
[2026-02-05 15:45:27] DEBUG: Found department schedule | {"context":"ScheduleResolver","employeeId":62,"departmentId":5,"isWorkDay":true,"workDays":[1,2,3,4,5]}
[2026-02-05 15:45:27] DEBUG: Resolving schedule | {"context":"ScheduleResolver","employeeId":63,"date":"2026-01-08","dayOfWeek":4}
[2026-02-05 15:45:27] DEBUG: Resolving schedule | {"context":"ScheduleResolver","employeeId":64,"date":"2026-01-08","dayOfWeek":4}
[2026-02-05 15:45:27] DEBUG: Resolving schedule | {"context":"ScheduleResolver","employeeId":65,"date":"2026-01-08","dayOfWeek":4}
[2026-02-05 15:45:27] DEBUG: Resolving schedule | {"context":"ScheduleResolver","employeeId":66,"date":"2026-01-08","dayOfWeek":4}
[2026-02-05 15:45:27] DEBUG: Resolving schedule | {"context":"ScheduleResolver","employeeId":67,"date":"2026-01-08","dayOfWeek":4}
[2026-02-05 15:45:27] DEBUG: Resolving schedule | {"context":"ScheduleResolver","employeeId":68,"date":"2026-01-08","dayOfWeek":4}
[2026-02-05 15:45:27] DEBUG: Resolving schedule | {"context":"ScheduleResolver","employeeId":71,"date":"2026-01-08","dayOfWeek":4}
[2026-02-05 15:45:27] DEBUG: Found employee schedule | {"context":"ScheduleResolver","employeeId":71,"isWorkDay":true,"workDays":[1,2,3,4,5]}
[2026-02-05 15:45:27] DEBUG: Resolving schedule | {"context":"ScheduleResolver","employeeId":72,"date":"2026-01-08","dayOfWeek":4}
[2026-02-05 15:45:27] DEBUG: Resolving schedule | {"context":"ScheduleResolver","employeeId":73,"date":"2026-01-08","dayOfWeek":4}
[2026-02-05 15:45:27] DEBUG: Resolving schedule | {"context":"ScheduleResolver","employeeId":75,"date":"2026-01-08","dayOfWeek":4}
[2026-02-05 15:45:27] DEBUG: Resolving schedule | {"context":"ScheduleResolver","employeeId":3,"date":"2026-01-09","dayOfWeek":5}
[2026-02-05 15:45:27] DEBUG: Resolving schedule | {"context":"ScheduleResolver","employeeId":4,"date":"2026-01-09","dayOfWeek":5}
[2026-02-05 15:45:27] DEBUG: Resolving schedule | {"context":"ScheduleResolver","employeeId":5,"date":"2026-01-09","dayOfWeek":5}
[2026-02-05 15:45:27] DEBUG: Resolving schedule | {"context":"ScheduleResolver","employeeId":6,"date":"2026-01-09","dayOfWeek":5}
[2026-02-05 15:45:27] DEBUG: Found department schedule | {"context":"ScheduleResolver","employeeId":6,"departmentId":5,"isWorkDay":true,"workDays":[1,2,3,4,5]}
[2026-02-05 15:45:27] DEBUG: Resolving schedule | {"context":"ScheduleResolver","employeeId":10,"date":"2026-01-09","dayOfWeek":5}
[2026-02-05 15:45:27] DEBUG: Resolving schedule | {"context":"ScheduleResolver","employeeId":12,"date":"2026-01-09","dayOfWeek":5}
[2026-02-05 15:45:27] DEBUG: Resolving schedule | {"context":"ScheduleResolver","employeeId":15,"date":"2026-01-09","dayOfWeek":5}
[2026-02-05 15:45:27] DEBUG: Found employee schedule | {"context":"ScheduleResolver","employeeId":15,"isWorkDay":true,"workDays":[1,2,3,4,5]}
[2026-02-05 15:45:27] DEBUG: Resolving schedule | {"context":"ScheduleResolver","employeeId":18,"date":"2026-01-09","dayOfWeek":5}
[2026-02-05 15:45:27] DEBUG: Resolving schedule | {"context":"ScheduleResolver","employeeId":19,"date":"2026-01-09","dayOfWeek":5}
[2026-02-05 15:45:27] DEBUG: Resolving schedule | {"context":"ScheduleResolver","employeeId":21,"date":"2026-01-09","dayOfWeek":5}
[2026-02-05 15:45:27] DEBUG: Found department schedule | {"context":"ScheduleResolver","employeeId":21,"departmentId":5,"isWorkDay":true,"workDays":[1,2,3,4,5]}
[2026-02-05 15:45:27] DEBUG: Resolving schedule | {"context":"ScheduleResolver","employeeId":23,"date":"2026-01-09","dayOfWeek":5}
[2026-02-05 15:45:27] DEBUG: Resolving schedule | {"context":"ScheduleResolver","employeeId":24,"date":"2026-01-09","dayOfWeek":5}
[2026-02-05 15:45:27] DEBUG: Resolving schedule | {"context":"ScheduleResolver","employeeId":25,"date":"2026-01-09","dayOfWeek":5}
[2026-02-05 15:45:27] DEBUG: Resolving schedule | {"context":"ScheduleResolver","employeeId":27,"date":"2026-01-09","dayOfWeek":5}
[2026-02-05 15:45:27] DEBUG: Found department schedule | {"context":"ScheduleResolver","employeeId":27,"departmentId":5,"isWorkDay":true,"workDays":[1,2,3,4,5]}
[2026-02-05 15:45:27] DEBUG: Resolving schedule | {"context":"ScheduleResolver","employeeId":28,"date":"2026-01-09","dayOfWeek":5}
[2026-02-05 15:45:27] DEBUG: Found employee schedule | {"context":"ScheduleResolver","employeeId":28,"isWorkDay":true,"workDays":[1,3,5]}
[2026-02-05 15:45:27] DEBUG: Resolving schedule | {"context":"ScheduleResolver","employeeId":29,"date":"2026-01-09","dayOfWeek":5}
[2026-02-05 15:45:27] DEBUG: Found employee schedule | {"context":"ScheduleResolver","employeeId":29,"isWorkDay":true,"workDays":[1,2,3,4,5]}
[2026-02-05 15:45:27] DEBUG: Resolving schedule | {"context":"ScheduleResolver","employeeId":30,"date":"2026-01-09","dayOfWeek":5}
[2026-02-05 15:45:27] DEBUG: Found employee schedule | {"context":"ScheduleResolver","employeeId":30,"isWorkDay":true,"workDays":[1,2,3,4,5]}
[2026-02-05 15:45:27] DEBUG: Resolving schedule | {"context":"ScheduleResolver","employeeId":32,"date":"2026-01-09","dayOfWeek":5}
[2026-02-05 15:45:27] DEBUG: Found department schedule | {"context":"ScheduleResolver","employeeId":32,"departmentId":5,"isWorkDay":true,"workDays":[1,2,3,4,5]}
[2026-02-05 15:45:27] DEBUG: Resolving schedule | {"context":"ScheduleResolver","employeeId":33,"date":"2026-01-09","dayOfWeek":5}
[2026-02-05 15:45:27] DEBUG: Resolving schedule | {"context":"ScheduleResolver","employeeId":34,"date":"2026-01-09","dayOfWeek":5}
[2026-02-05 15:45:27] DEBUG: Found department schedule | {"context":"ScheduleResolver","employeeId":34,"departmentId":5,"isWorkDay":true,"workDays":[1,2,3,4,5]}
[2026-02-05 15:45:27] DEBUG: Resolving schedule | {"context":"ScheduleResolver","employeeId":35,"date":"2026-01-09","dayOfWeek":5}
[2026-02-05 15:45:27] DEBUG: Found department schedule | {"context":"ScheduleResolver","employeeId":35,"departmentId":5,"isWorkDay":true,"workDays":[1,2,3,4,5]}
[2026-02-05 15:45:27] DEBUG: Resolving schedule | {"context":"ScheduleResolver","employeeId":36,"date":"2026-01-09","dayOfWeek":5}
[2026-02-05 15:45:27] DEBUG: Resolving schedule | {"context":"ScheduleResolver","employeeId":38,"date":"2026-01-09","dayOfWeek":5}
[2026-02-05 15:45:27] DEBUG: Resolving schedule | {"context":"ScheduleResolver","employeeId":40,"date":"2026-01-09","dayOfWeek":5}
[2026-02-05 15:45:27] DEBUG: Resolving schedule | {"context":"ScheduleResolver","employeeId":41,"date":"2026-01-09","dayOfWeek":5}
[2026-02-05 15:45:27] DEBUG: Found department schedule | {"context":"ScheduleResolver","employeeId":41,"departmentId":5,"isWorkDay":true,"workDays":[1,2,3,4,5]}
[2026-02-05 15:45:27] DEBUG: Resolving schedule | {"context":"ScheduleResolver","employeeId":42,"date":"2026-01-09","dayOfWeek":5}
[2026-02-05 15:45:27] DEBUG: Resolving schedule | {"context":"ScheduleResolver","employeeId":43,"date":"2026-01-09","dayOfWeek":5}
[2026-02-05 15:45:27] DEBUG: Found employee schedule | {"context":"ScheduleResolver","employeeId":43,"isWorkDay":true,"workDays":[1,2,3,4,5]}
[2026-02-05 15:45:27] DEBUG: Resolving schedule | {"context":"ScheduleResolver","employeeId":44,"date":"2026-01-09","dayOfWeek":5}
[2026-02-05 15:45:27] DEBUG: Resolving schedule | {"context":"ScheduleResolver","employeeId":45,"date":"2026-01-09","dayOfWeek":5}
[2026-02-05 15:45:27] DEBUG: Resolving schedule | {"context":"ScheduleResolver","employeeId":46,"date":"2026-01-09","dayOfWeek":5}
[2026-02-05 15:45:27] DEBUG: Resolving schedule | {"context":"ScheduleResolver","employeeId":48,"date":"2026-01-09","dayOfWeek":5}
[2026-02-05 15:45:27] DEBUG: Resolving schedule | {"context":"ScheduleResolver","employeeId":49,"date":"2026-01-09","dayOfWeek":5}
[2026-02-05 15:45:27] DEBUG: Resolving schedule | {"context":"ScheduleResolver","employeeId":50,"date":"2026-01-09","dayOfWeek":5}
[2026-02-05 15:45:27] DEBUG: Found department schedule | {"context":"ScheduleResolver","employeeId":50,"departmentId":5,"isWorkDay":true,"workDays":[1,2,3,4,5]}
[2026-02-05 15:45:27] DEBUG: Resolving schedule | {"context":"ScheduleResolver","employeeId":51,"date":"2026-01-09","dayOfWeek":5}
[2026-02-05 15:45:27] DEBUG: Resolving schedule | {"context":"ScheduleResolver","employeeId":52,"date":"2026-01-09","dayOfWeek":5}
[2026-02-05 15:45:27] DEBUG: Resolving schedule | {"context":"ScheduleResolver","employeeId":54,"date":"2026-01-09","dayOfWeek":5}
[2026-02-05 15:45:27] DEBUG: Resolving schedule | {"context":"ScheduleResolver","employeeId":55,"date":"2026-01-09","dayOfWeek":5}
[2026-02-05 15:45:27] DEBUG: Found department schedule | {"context":"ScheduleResolver","employeeId":55,"departmentId":5,"isWorkDay":true,"workDays":[1,2,3,4,5]}
[2026-02-05 15:45:27] DEBUG: Resolving schedule | {"context":"ScheduleResolver","employeeId":56,"date":"2026-01-09","dayOfWeek":5}
[2026-02-05 15:45:27] DEBUG: Resolving schedule | {"context":"ScheduleResolver","employeeId":57,"date":"2026-01-09","dayOfWeek":5}
[2026-02-05 15:45:27] DEBUG: Resolving schedule | {"context":"ScheduleResolver","employeeId":59,"date":"2026-01-09","dayOfWeek":5}
[2026-02-05 15:45:27] DEBUG: Resolving schedule | {"context":"ScheduleResolver","employeeId":60,"date":"2026-01-09","dayOfWeek":5}
[2026-02-05 15:45:27] DEBUG: Found department schedule | {"context":"ScheduleResolver","employeeId":60,"departmentId":5,"isWorkDay":true,"workDays":[1,2,3,4,5]}
[2026-02-05 15:45:27] DEBUG: Resolving schedule | {"context":"ScheduleResolver","employeeId":61,"date":"2026-01-09","dayOfWeek":5}
[2026-02-05 15:45:27] DEBUG: Resolving schedule | {"context":"ScheduleResolver","employeeId":62,"date":"2026-01-09","dayOfWeek":5}
[2026-02-05 15:45:27] DEBUG: Found department schedule | {"context":"ScheduleResolver","employeeId":62,"departmentId":5,"isWorkDay":true,"workDays":[1,2,3,4,5]}
[2026-02-05 15:45:27] DEBUG: Resolving schedule | {"context":"ScheduleResolver","employeeId":63,"date":"2026-01-09","dayOfWeek":5}
[2026-02-05 15:45:27] DEBUG: Resolving schedule | {"context":"ScheduleResolver","employeeId":64,"date":"2026-01-09","dayOfWeek":5}
[2026-02-05 15:45:27] DEBUG: Resolving schedule | {"context":"ScheduleResolver","employeeId":65,"date":"2026-01-09","dayOfWeek":5}
[2026-02-05 15:45:27] DEBUG: Resolving schedule | {"context":"ScheduleResolver","employeeId":66,"date":"2026-01-09","dayOfWeek":5}
[2026-02-05 15:45:27] DEBUG: Resolving schedule | {"context":"ScheduleResolver","employeeId":67,"date":"2026-01-09","dayOfWeek":5}
[2026-02-05 15:45:27] DEBUG: Resolving schedule | {"context":"ScheduleResolver","employeeId":68,"date":"2026-01-09","dayOfWeek":5}
[2026-02-05 15:45:27] DEBUG: Resolving schedule | {"context":"ScheduleResolver","employeeId":70,"date":"2026-01-09","dayOfWeek":5}
[2026-02-05 15:45:27] DEBUG: Resolving schedule | {"context":"ScheduleResolver","employeeId":71,"date":"2026-01-09","dayOfWeek":5}
[2026-02-05 15:45:27] DEBUG: Found employee schedule | {"context":"ScheduleResolver","employeeId":71,"isWorkDay":true,"workDays":[1,2,3,4,5]}
[2026-02-05 15:45:27] DEBUG: Resolving schedule | {"context":"ScheduleResolver","employeeId":72,"date":"2026-01-09","dayOfWeek":5}
[2026-02-05 15:45:27] DEBUG: Resolving schedule | {"context":"ScheduleResolver","employeeId":73,"date":"2026-01-09","dayOfWeek":5}
[2026-02-05 15:45:27] DEBUG: Resolving schedule | {"context":"ScheduleResolver","employeeId":75,"date":"2026-01-09","dayOfWeek":5}
[2026-02-05 15:45:27] DEBUG: Resolving schedule | {"context":"ScheduleResolver","employeeId":70,"date":"2026-01-10","dayOfWeek":6}
[2026-02-05 15:45:27] DEBUG: Resolving schedule | {"context":"ScheduleResolver","employeeId":3,"date":"2026-01-12","dayOfWeek":1}
[2026-02-05 15:45:27] DEBUG: Resolving schedule | {"context":"ScheduleResolver","employeeId":4,"date":"2026-01-12","dayOfWeek":1}
[2026-02-05 15:45:27] DEBUG: Resolving schedule | {"context":"ScheduleResolver","employeeId":6,"date":"2026-01-12","dayOfWeek":1}
[2026-02-05 15:45:27] DEBUG: Found department schedule | {"context":"ScheduleResolver","employeeId":6,"departmentId":5,"isWorkDay":true,"workDays":[1,2,3,4,5]}
[2026-02-05 15:45:27] DEBUG: Resolving schedule | {"context":"ScheduleResolver","employeeId":10,"date":"2026-01-12","dayOfWeek":1}
[2026-02-05 15:45:27] DEBUG: Resolving schedule | {"context":"ScheduleResolver","employeeId":12,"date":"2026-01-12","dayOfWeek":1}
[2026-02-05 15:45:27] DEBUG: Resolving schedule | {"context":"ScheduleResolver","employeeId":15,"date":"2026-01-12","dayOfWeek":1}
[2026-02-05 15:45:27] DEBUG: Found employee schedule | {"context":"ScheduleResolver","employeeId":15,"isWorkDay":true,"workDays":[1,2,3,4,5]}
[2026-02-05 15:45:27] DEBUG: Resolving schedule | {"context":"ScheduleResolver","employeeId":17,"date":"2026-01-12","dayOfWeek":1}
[2026-02-05 15:45:27] DEBUG: Resolving schedule | {"context":"ScheduleResolver","employeeId":18,"date":"2026-01-12","dayOfWeek":1}
[2026-02-05 15:45:27] DEBUG: Resolving schedule | {"context":"ScheduleResolver","employeeId":19,"date":"2026-01-12","dayOfWeek":1}
[2026-02-05 15:45:27] DEBUG: Resolving schedule | {"context":"ScheduleResolver","employeeId":21,"date":"2026-01-12","dayOfWeek":1}
[2026-02-05 15:45:27] DEBUG: Found department schedule | {"context":"ScheduleResolver","employeeId":21,"departmentId":5,"isWorkDay":true,"workDays":[1,2,3,4,5]}
[2026-02-05 15:45:27] DEBUG: Resolving schedule | {"context":"ScheduleResolver","employeeId":23,"date":"2026-01-12","dayOfWeek":1}
[2026-02-05 15:45:27] DEBUG: Resolving schedule | {"context":"ScheduleResolver","employeeId":24,"date":"2026-01-12","dayOfWeek":1}
[2026-02-05 15:45:27] DEBUG: Resolving schedule | {"context":"ScheduleResolver","employeeId":25,"date":"2026-01-12","dayOfWeek":1}
[2026-02-05 15:45:27] DEBUG: Resolving schedule | {"context":"ScheduleResolver","employeeId":27,"date":"2026-01-12","dayOfWeek":1}
[2026-02-05 15:45:27] DEBUG: Found department schedule | {"context":"ScheduleResolver","employeeId":27,"departmentId":5,"isWorkDay":true,"workDays":[1,2,3,4,5]}
[2026-02-05 15:45:27] DEBUG: Resolving schedule | {"context":"ScheduleResolver","employeeId":28,"date":"2026-01-12","dayOfWeek":1}
[2026-02-05 15:45:27] DEBUG: Found employee schedule | {"context":"ScheduleResolver","employeeId":28,"isWorkDay":true,"workDays":[1,3,5]}
[2026-02-05 15:45:27] DEBUG: Resolving schedule | {"context":"ScheduleResolver","employeeId":29,"date":"2026-01-12","dayOfWeek":1}
[2026-02-05 15:45:27] DEBUG: Found employee schedule | {"context":"ScheduleResolver","employeeId":29,"isWorkDay":true,"workDays":[1,2,3,4,5]}
[2026-02-05 15:45:27] DEBUG: Resolving schedule | {"context":"ScheduleResolver","employeeId":30,"date":"2026-01-12","dayOfWeek":1}
[2026-02-05 15:45:27] DEBUG: Found employee schedule | {"context":"ScheduleResolver","employeeId":30,"isWorkDay":true,"workDays":[1,2,3,4,5]}
[2026-02-05 15:45:27] DEBUG: Resolving schedule | {"context":"ScheduleResolver","employeeId":32,"date":"2026-01-12","dayOfWeek":1}
[2026-02-05 15:45:27] DEBUG: Found department schedule | {"context":"ScheduleResolver","employeeId":32,"departmentId":5,"isWorkDay":true,"workDays":[1,2,3,4,5]}
[2026-02-05 15:45:27] DEBUG: Resolving schedule | {"context":"ScheduleResolver","employeeId":33,"date":"2026-01-12","dayOfWeek":1}
[2026-02-05 15:45:27] DEBUG: Resolving schedule | {"context":"ScheduleResolver","employeeId":34,"date":"2026-01-12","dayOfWeek":1}
[2026-02-05 15:45:27] DEBUG: Found department schedule | {"context":"ScheduleResolver","employeeId":34,"departmentId":5,"isWorkDay":true,"workDays":[1,2,3,4,5]}
[2026-02-05 15:45:27] DEBUG: Resolving schedule | {"context":"ScheduleResolver","employeeId":35,"date":"2026-01-12","dayOfWeek":1}
[2026-02-05 15:45:27] DEBUG: Found department schedule | {"context":"ScheduleResolver","employeeId":35,"departmentId":5,"isWorkDay":true,"workDays":[1,2,3,4,5]}
[2026-02-05 15:45:27] DEBUG: Resolving schedule | {"context":"ScheduleResolver","employeeId":38,"date":"2026-01-12","dayOfWeek":1}
[2026-02-05 15:45:27] DEBUG: Resolving schedule | {"context":"ScheduleResolver","employeeId":40,"date":"2026-01-12","dayOfWeek":1}
[2026-02-05 15:45:27] DEBUG: Resolving schedule | {"context":"ScheduleResolver","employeeId":41,"date":"2026-01-12","dayOfWeek":1}
[2026-02-05 15:45:27] DEBUG: Found department schedule | {"context":"ScheduleResolver","employeeId":41,"departmentId":5,"isWorkDay":true,"workDays":[1,2,3,4,5]}
[2026-02-05 15:45:27] DEBUG: Resolving schedule | {"context":"ScheduleResolver","employeeId":42,"date":"2026-01-12","dayOfWeek":1}
[2026-02-05 15:45:27] DEBUG: Resolving schedule | {"context":"ScheduleResolver","employeeId":43,"date":"2026-01-12","dayOfWeek":1}
[2026-02-05 15:45:27] DEBUG: Found employee schedule | {"context":"ScheduleResolver","employeeId":43,"isWorkDay":true,"workDays":[1,2,3,4,5]}
[2026-02-05 15:45:27] DEBUG: Resolving schedule | {"context":"ScheduleResolver","employeeId":44,"date":"2026-01-12","dayOfWeek":1}
[2026-02-05 15:45:27] DEBUG: Resolving schedule | {"context":"ScheduleResolver","employeeId":45,"date":"2026-01-12","dayOfWeek":1}
[2026-02-05 15:45:27] DEBUG: Resolving schedule | {"context":"ScheduleResolver","employeeId":46,"date":"2026-01-12","dayOfWeek":1}
[2026-02-05 15:45:27] DEBUG: Resolving schedule | {"context":"ScheduleResolver","employeeId":47,"date":"2026-01-12","dayOfWeek":1}
[2026-02-05 15:45:27] DEBUG: Resolving schedule | {"context":"ScheduleResolver","employeeId":48,"date":"2026-01-12","dayOfWeek":1}
[2026-02-05 15:45:27] DEBUG: Resolving schedule | {"context":"ScheduleResolver","employeeId":49,"date":"2026-01-12","dayOfWeek":1}
[2026-02-05 15:45:27] DEBUG: Resolving schedule | {"context":"ScheduleResolver","employeeId":50,"date":"2026-01-12","dayOfWeek":1}
[2026-02-05 15:45:27] DEBUG: Found department schedule | {"context":"ScheduleResolver","employeeId":50,"departmentId":5,"isWorkDay":true,"workDays":[1,2,3,4,5]}
[2026-02-05 15:45:27] DEBUG: Resolving schedule | {"context":"ScheduleResolver","employeeId":51,"date":"2026-01-12","dayOfWeek":1}
[2026-02-05 15:45:27] DEBUG: Resolving schedule | {"context":"ScheduleResolver","employeeId":52,"date":"2026-01-12","dayOfWeek":1}
[2026-02-05 15:45:27] DEBUG: Resolving schedule | {"context":"ScheduleResolver","employeeId":53,"date":"2026-01-12","dayOfWeek":1}
[2026-02-05 15:45:27] DEBUG: Resolving schedule | {"context":"ScheduleResolver","employeeId":54,"date":"2026-01-12","dayOfWeek":1}
[2026-02-05 15:45:27] DEBUG: Resolving schedule | {"context":"ScheduleResolver","employeeId":55,"date":"2026-01-12","dayOfWeek":1}
[2026-02-05 15:45:27] DEBUG: Found department schedule | {"context":"ScheduleResolver","employeeId":55,"departmentId":5,"isWorkDay":true,"workDays":[1,2,3,4,5]}
[2026-02-05 15:45:27] DEBUG: Resolving schedule | {"context":"ScheduleResolver","employeeId":56,"date":"2026-01-12","dayOfWeek":1}
[2026-02-05 15:45:27] DEBUG: Resolving schedule | {"context":"ScheduleResolver","employeeId":57,"date":"2026-01-12","dayOfWeek":1}
[2026-02-05 15:45:27] DEBUG: Resolving schedule | {"context":"ScheduleResolver","employeeId":58,"date":"2026-01-12","dayOfWeek":1}
[2026-02-05 15:45:27] DEBUG: Found department schedule | {"context":"ScheduleResolver","employeeId":58,"departmentId":5,"isWorkDay":true,"workDays":[1,2,3,4,5]}
[2026-02-05 15:45:27] DEBUG: Resolving schedule | {"context":"ScheduleResolver","employeeId":59,"date":"2026-01-12","dayOfWeek":1}
[2026-02-05 15:45:27] DEBUG: Resolving schedule | {"context":"ScheduleResolver","employeeId":60,"date":"2026-01-12","dayOfWeek":1}
[2026-02-05 15:45:27] DEBUG: Found department schedule | {"context":"ScheduleResolver","employeeId":60,"departmentId":5,"isWorkDay":true,"workDays":[1,2,3,4,5]}
[2026-02-05 15:45:27] DEBUG: Resolving schedule | {"context":"ScheduleResolver","employeeId":61,"date":"2026-01-12","dayOfWeek":1}
[2026-02-05 15:45:27] DEBUG: Resolving schedule | {"context":"ScheduleResolver","employeeId":62,"date":"2026-01-12","dayOfWeek":1}
[2026-02-05 15:45:27] DEBUG: Found department schedule | {"context":"ScheduleResolver","employeeId":62,"departmentId":5,"isWorkDay":true,"workDays":[1,2,3,4,5]}
[2026-02-05 15:45:27] DEBUG: Resolving schedule | {"context":"ScheduleResolver","employeeId":63,"date":"2026-01-12","dayOfWeek":1}
[2026-02-05 15:45:27] DEBUG: Resolving schedule | {"context":"ScheduleResolver","employeeId":64,"date":"2026-01-12","dayOfWeek":1}
[2026-02-05 15:45:27] DEBUG: Resolving schedule | {"context":"ScheduleResolver","employeeId":65,"date":"2026-01-12","dayOfWeek":1}
[2026-02-05 15:45:27] DEBUG: Resolving schedule | {"context":"ScheduleResolver","employeeId":66,"date":"2026-01-12","dayOfWeek":1}
[2026-02-05 15:45:27] DEBUG: Resolving schedule | {"context":"ScheduleResolver","employeeId":67,"date":"2026-01-12","dayOfWeek":1}
[2026-02-05 15:45:27] DEBUG: Resolving schedule | {"context":"ScheduleResolver","employeeId":68,"date":"2026-01-12","dayOfWeek":1}
[2026-02-05 15:45:27] DEBUG: Resolving schedule | {"context":"ScheduleResolver","employeeId":71,"date":"2026-01-12","dayOfWeek":1}
[2026-02-05 15:45:27] DEBUG: Found employee schedule | {"context":"ScheduleResolver","employeeId":71,"isWorkDay":true,"workDays":[1,2,3,4,5]}
[2026-02-05 15:45:27] DEBUG: Resolving schedule | {"context":"ScheduleResolver","employeeId":72,"date":"2026-01-12","dayOfWeek":1}
[2026-02-05 15:45:27] DEBUG: Resolving schedule | {"context":"ScheduleResolver","employeeId":73,"date":"2026-01-12","dayOfWeek":1}
[2026-02-05 15:45:27] DEBUG: Resolving schedule | {"context":"ScheduleResolver","employeeId":75,"date":"2026-01-12","dayOfWeek":1}
[2026-02-05 15:45:27] DEBUG: Resolving schedule | {"context":"ScheduleResolver","employeeId":3,"date":"2026-01-13","dayOfWeek":2}
[2026-02-05 15:45:27] DEBUG: Resolving schedule | {"context":"ScheduleResolver","employeeId":4,"date":"2026-01-13","dayOfWeek":2}
[2026-02-05 15:45:27] DEBUG: Resolving schedule | {"context":"ScheduleResolver","employeeId":6,"date":"2026-01-13","dayOfWeek":2}
[2026-02-05 15:45:27] DEBUG: Found department schedule | {"context":"ScheduleResolver","employeeId":6,"departmentId":5,"isWorkDay":true,"workDays":[1,2,3,4,5]}
[2026-02-05 15:45:27] DEBUG: Resolving schedule | {"context":"ScheduleResolver","employeeId":10,"date":"2026-01-13","dayOfWeek":2}
[2026-02-05 15:45:27] DEBUG: Resolving schedule | {"context":"ScheduleResolver","employeeId":12,"date":"2026-01-13","dayOfWeek":2}
[2026-02-05 15:45:27] DEBUG: Resolving schedule | {"context":"ScheduleResolver","employeeId":15,"date":"2026-01-13","dayOfWeek":2}
[2026-02-05 15:45:27] DEBUG: Found employee schedule | {"context":"ScheduleResolver","employeeId":15,"isWorkDay":true,"workDays":[1,2,3,4,5]}
[2026-02-05 15:45:27] DEBUG: Resolving schedule | {"context":"ScheduleResolver","employeeId":17,"date":"2026-01-13","dayOfWeek":2}
[2026-02-05 15:45:27] DEBUG: Resolving schedule | {"context":"ScheduleResolver","employeeId":18,"date":"2026-01-13","dayOfWeek":2}
[2026-02-05 15:45:27] DEBUG: Resolving schedule | {"context":"ScheduleResolver","employeeId":19,"date":"2026-01-13","dayOfWeek":2}
[2026-02-05 15:45:27] DEBUG: Resolving schedule | {"context":"ScheduleResolver","employeeId":21,"date":"2026-01-13","dayOfWeek":2}
[2026-02-05 15:45:27] DEBUG: Found department schedule | {"context":"ScheduleResolver","employeeId":21,"departmentId":5,"isWorkDay":true,"workDays":[1,2,3,4,5]}
[2026-02-05 15:45:27] DEBUG: Resolving schedule | {"context":"ScheduleResolver","employeeId":23,"date":"2026-01-13","dayOfWeek":2}
[2026-02-05 15:45:27] DEBUG: Resolving schedule | {"context":"ScheduleResolver","employeeId":24,"date":"2026-01-13","dayOfWeek":2}
[2026-02-05 15:45:27] DEBUG: Resolving schedule | {"context":"ScheduleResolver","employeeId":25,"date":"2026-01-13","dayOfWeek":2}
[2026-02-05 15:45:27] DEBUG: Resolving schedule | {"context":"ScheduleResolver","employeeId":27,"date":"2026-01-13","dayOfWeek":2}
[2026-02-05 15:45:27] DEBUG: Found department schedule | {"context":"ScheduleResolver","employeeId":27,"departmentId":5,"isWorkDay":true,"workDays":[1,2,3,4,5]}
[2026-02-05 15:45:27] DEBUG: Resolving schedule | {"context":"ScheduleResolver","employeeId":29,"date":"2026-01-13","dayOfWeek":2}
[2026-02-05 15:45:27] DEBUG: Found employee schedule | {"context":"ScheduleResolver","employeeId":29,"isWorkDay":true,"workDays":[1,2,3,4,5]}
[2026-02-05 15:45:27] DEBUG: Resolving schedule | {"context":"ScheduleResolver","employeeId":30,"date":"2026-01-13","dayOfWeek":2}
[2026-02-05 15:45:27] DEBUG: Found employee schedule | {"context":"ScheduleResolver","employeeId":30,"isWorkDay":true,"workDays":[1,2,3,4,5]}
[2026-02-05 15:45:27] DEBUG: Resolving schedule | {"context":"ScheduleResolver","employeeId":32,"date":"2026-01-13","dayOfWeek":2}
[2026-02-05 15:45:27] DEBUG: Found department schedule | {"context":"ScheduleResolver","employeeId":32,"departmentId":5,"isWorkDay":true,"workDays":[1,2,3,4,5]}
[2026-02-05 15:45:27] DEBUG: Resolving schedule | {"context":"ScheduleResolver","employeeId":33,"date":"2026-01-13","dayOfWeek":2}
[2026-02-05 15:45:27] DEBUG: Resolving schedule | {"context":"ScheduleResolver","employeeId":34,"date":"2026-01-13","dayOfWeek":2}
[2026-02-05 15:45:27] DEBUG: Found department schedule | {"context":"ScheduleResolver","employeeId":34,"departmentId":5,"isWorkDay":true,"workDays":[1,2,3,4,5]}
[2026-02-05 15:45:27] DEBUG: Resolving schedule | {"context":"ScheduleResolver","employeeId":35,"date":"2026-01-13","dayOfWeek":2}
[2026-02-05 15:45:27] DEBUG: Found department schedule | {"context":"ScheduleResolver","employeeId":35,"departmentId":5,"isWorkDay":true,"workDays":[1,2,3,4,5]}
[2026-02-05 15:45:27] DEBUG: Resolving schedule | {"context":"ScheduleResolver","employeeId":36,"date":"2026-01-13","dayOfWeek":2}
[2026-02-05 15:45:27] DEBUG: Resolving schedule | {"context":"ScheduleResolver","employeeId":38,"date":"2026-01-13","dayOfWeek":2}
[2026-02-05 15:45:27] DEBUG: Resolving schedule | {"context":"ScheduleResolver","employeeId":40,"date":"2026-01-13","dayOfWeek":2}
[2026-02-05 15:45:27] DEBUG: Resolving schedule | {"context":"ScheduleResolver","employeeId":41,"date":"2026-01-13","dayOfWeek":2}
[2026-02-05 15:45:27] DEBUG: Found department schedule | {"context":"ScheduleResolver","employeeId":41,"departmentId":5,"isWorkDay":true,"workDays":[1,2,3,4,5]}
[2026-02-05 15:45:27] DEBUG: Resolving schedule | {"context":"ScheduleResolver","employeeId":42,"date":"2026-01-13","dayOfWeek":2}
[2026-02-05 15:45:27] DEBUG: Resolving schedule | {"context":"ScheduleResolver","employeeId":43,"date":"2026-01-13","dayOfWeek":2}
[2026-02-05 15:45:27] DEBUG: Found employee schedule | {"context":"ScheduleResolver","employeeId":43,"isWorkDay":true,"workDays":[1,2,3,4,5]}
[2026-02-05 15:45:27] DEBUG: Resolving schedule | {"context":"ScheduleResolver","employeeId":44,"date":"2026-01-13","dayOfWeek":2}
[2026-02-05 15:45:27] DEBUG: Resolving schedule | {"context":"ScheduleResolver","employeeId":45,"date":"2026-01-13","dayOfWeek":2}
[2026-02-05 15:45:27] DEBUG: Resolving schedule | {"context":"ScheduleResolver","employeeId":46,"date":"2026-01-13","dayOfWeek":2}
[2026-02-05 15:45:27] DEBUG: Resolving schedule | {"context":"ScheduleResolver","employeeId":47,"date":"2026-01-13","dayOfWeek":2}
[2026-02-05 15:45:27] DEBUG: Resolving schedule | {"context":"ScheduleResolver","employeeId":48,"date":"2026-01-13","dayOfWeek":2}
[2026-02-05 15:45:27] DEBUG: Resolving schedule | {"context":"ScheduleResolver","employeeId":49,"date":"2026-01-13","dayOfWeek":2}
[2026-02-05 15:45:27] DEBUG: Resolving schedule | {"context":"ScheduleResolver","employeeId":50,"date":"2026-01-13","dayOfWeek":2}
[2026-02-05 15:45:27] DEBUG: Found department schedule | {"context":"ScheduleResolver","employeeId":50,"departmentId":5,"isWorkDay":true,"workDays":[1,2,3,4,5]}
[2026-02-05 15:45:27] DEBUG: Resolving schedule | {"context":"ScheduleResolver","employeeId":51,"date":"2026-01-13","dayOfWeek":2}
[2026-02-05 15:45:27] DEBUG: Resolving schedule | {"context":"ScheduleResolver","employeeId":52,"date":"2026-01-13","dayOfWeek":2}
[2026-02-05 15:45:27] DEBUG: Resolving schedule | {"context":"ScheduleResolver","employeeId":53,"date":"2026-01-13","dayOfWeek":2}
[2026-02-05 15:45:27] DEBUG: Resolving schedule | {"context":"ScheduleResolver","employeeId":54,"date":"2026-01-13","dayOfWeek":2}
[2026-02-05 15:45:27] DEBUG: Resolving schedule | {"context":"ScheduleResolver","employeeId":55,"date":"2026-01-13","dayOfWeek":2}
[2026-02-05 15:45:27] DEBUG: Found department schedule | {"context":"ScheduleResolver","employeeId":55,"departmentId":5,"isWorkDay":true,"workDays":[1,2,3,4,5]}
[2026-02-05 15:45:27] DEBUG: Resolving schedule | {"context":"ScheduleResolver","employeeId":56,"date":"2026-01-13","dayOfWeek":2}
[2026-02-05 15:45:27] DEBUG: Resolving schedule | {"context":"ScheduleResolver","employeeId":57,"date":"2026-01-13","dayOfWeek":2}
[2026-02-05 15:45:28] DEBUG: Resolving schedule | {"context":"ScheduleResolver","employeeId":58,"date":"2026-01-13","dayOfWeek":2}
[2026-02-05 15:45:28] DEBUG: Found department schedule | {"context":"ScheduleResolver","employeeId":58,"departmentId":5,"isWorkDay":true,"workDays":[1,2,3,4,5]}
[2026-02-05 15:45:28] DEBUG: Resolving schedule | {"context":"ScheduleResolver","employeeId":59,"date":"2026-01-13","dayOfWeek":2}
[2026-02-05 15:45:28] DEBUG: Resolving schedule | {"context":"ScheduleResolver","employeeId":60,"date":"2026-01-13","dayOfWeek":2}
[2026-02-05 15:45:28] DEBUG: Found department schedule | {"context":"ScheduleResolver","employeeId":60,"departmentId":5,"isWorkDay":true,"workDays":[1,2,3,4,5]}
[2026-02-05 15:45:28] DEBUG: Resolving schedule | {"context":"ScheduleResolver","employeeId":61,"date":"2026-01-13","dayOfWeek":2}
[2026-02-05 15:45:28] DEBUG: Resolving schedule | {"context":"ScheduleResolver","employeeId":62,"date":"2026-01-13","dayOfWeek":2}
[2026-02-05 15:45:28] DEBUG: Found department schedule | {"context":"ScheduleResolver","employeeId":62,"departmentId":5,"isWorkDay":true,"workDays":[1,2,3,4,5]}
[2026-02-05 15:45:28] DEBUG: Resolving schedule | {"context":"ScheduleResolver","employeeId":63,"date":"2026-01-13","dayOfWeek":2}
[2026-02-05 15:45:28] DEBUG: Resolving schedule | {"context":"ScheduleResolver","employeeId":64,"date":"2026-01-13","dayOfWeek":2}
[2026-02-05 15:45:28] DEBUG: Resolving schedule | {"context":"ScheduleResolver","employeeId":65,"date":"2026-01-13","dayOfWeek":2}
[2026-02-05 15:45:28] DEBUG: Resolving schedule | {"context":"ScheduleResolver","employeeId":66,"date":"2026-01-13","dayOfWeek":2}
[2026-02-05 15:45:28] DEBUG: Resolving schedule | {"context":"ScheduleResolver","employeeId":67,"date":"2026-01-13","dayOfWeek":2}
[2026-02-05 15:45:28] DEBUG: Resolving schedule | {"context":"ScheduleResolver","employeeId":68,"date":"2026-01-13","dayOfWeek":2}
[2026-02-05 15:45:28] DEBUG: Resolving schedule | {"context":"ScheduleResolver","employeeId":70,"date":"2026-01-13","dayOfWeek":2}
[2026-02-05 15:45:28] DEBUG: Resolving schedule | {"context":"ScheduleResolver","employeeId":71,"date":"2026-01-13","dayOfWeek":2}
[2026-02-05 15:45:28] DEBUG: Found employee schedule | {"context":"ScheduleResolver","employeeId":71,"isWorkDay":true,"workDays":[1,2,3,4,5]}
[2026-02-05 15:45:28] DEBUG: Resolving schedule | {"context":"ScheduleResolver","employeeId":72,"date":"2026-01-13","dayOfWeek":2}
[2026-02-05 15:45:28] DEBUG: Resolving schedule | {"context":"ScheduleResolver","employeeId":73,"date":"2026-01-13","dayOfWeek":2}
[2026-02-05 15:45:28] DEBUG: Resolving schedule | {"context":"ScheduleResolver","employeeId":75,"date":"2026-01-13","dayOfWeek":2}
[2026-02-05 15:45:28] DEBUG: Resolving schedule | {"context":"ScheduleResolver","employeeId":3,"date":"2026-01-14","dayOfWeek":3}
[2026-02-05 15:45:28] DEBUG: Resolving schedule | {"context":"ScheduleResolver","employeeId":4,"date":"2026-01-14","dayOfWeek":3}
[2026-02-05 15:45:28] DEBUG: Resolving schedule | {"context":"ScheduleResolver","employeeId":6,"date":"2026-01-14","dayOfWeek":3}
[2026-02-05 15:45:28] DEBUG: Found department schedule | {"context":"ScheduleResolver","employeeId":6,"departmentId":5,"isWorkDay":true,"workDays":[1,2,3,4,5]}
[2026-02-05 15:45:28] DEBUG: Resolving schedule | {"context":"ScheduleResolver","employeeId":10,"date":"2026-01-14","dayOfWeek":3}
[2026-02-05 15:45:28] DEBUG: Resolving schedule | {"context":"ScheduleResolver","employeeId":12,"date":"2026-01-14","dayOfWeek":3}
[2026-02-05 15:45:28] DEBUG: Resolving schedule | {"context":"ScheduleResolver","employeeId":15,"date":"2026-01-14","dayOfWeek":3}
[2026-02-05 15:45:28] DEBUG: Found employee schedule | {"context":"ScheduleResolver","employeeId":15,"isWorkDay":true,"workDays":[1,2,3,4,5]}
[2026-02-05 15:45:28] DEBUG: Resolving schedule | {"context":"ScheduleResolver","employeeId":17,"date":"2026-01-14","dayOfWeek":3}
[2026-02-05 15:45:28] DEBUG: Resolving schedule | {"context":"ScheduleResolver","employeeId":18,"date":"2026-01-14","dayOfWeek":3}
[2026-02-05 15:45:28] DEBUG: Resolving schedule | {"context":"ScheduleResolver","employeeId":19,"date":"2026-01-14","dayOfWeek":3}
[2026-02-05 15:45:28] DEBUG: Resolving schedule | {"context":"ScheduleResolver","employeeId":21,"date":"2026-01-14","dayOfWeek":3}
[2026-02-05 15:45:28] DEBUG: Found department schedule | {"context":"ScheduleResolver","employeeId":21,"departmentId":5,"isWorkDay":true,"workDays":[1,2,3,4,5]}
[2026-02-05 15:45:28] DEBUG: Resolving schedule | {"context":"ScheduleResolver","employeeId":23,"date":"2026-01-14","dayOfWeek":3}
[2026-02-05 15:45:28] DEBUG: Resolving schedule | {"context":"ScheduleResolver","employeeId":24,"date":"2026-01-14","dayOfWeek":3}
[2026-02-05 15:45:28] DEBUG: Resolving schedule | {"context":"ScheduleResolver","employeeId":25,"date":"2026-01-14","dayOfWeek":3}
[2026-02-05 15:45:28] DEBUG: Resolving schedule | {"context":"ScheduleResolver","employeeId":27,"date":"2026-01-14","dayOfWeek":3}
[2026-02-05 15:45:28] DEBUG: Found department schedule | {"context":"ScheduleResolver","employeeId":27,"departmentId":5,"isWorkDay":true,"workDays":[1,2,3,4,5]}
[2026-02-05 15:45:28] DEBUG: Resolving schedule | {"context":"ScheduleResolver","employeeId":28,"date":"2026-01-14","dayOfWeek":3}
[2026-02-05 15:45:28] DEBUG: Found employee schedule | {"context":"ScheduleResolver","employeeId":28,"isWorkDay":true,"workDays":[1,3,5]}
[2026-02-05 15:45:28] DEBUG: Resolving schedule | {"context":"ScheduleResolver","employeeId":29,"date":"2026-01-14","dayOfWeek":3}
[2026-02-05 15:45:28] DEBUG: Found employee schedule | {"context":"ScheduleResolver","employeeId":29,"isWorkDay":true,"workDays":[1,2,3,4,5]}
[2026-02-05 15:45:28] DEBUG: Resolving schedule | {"context":"ScheduleResolver","employeeId":30,"date":"2026-01-14","dayOfWeek":3}
[2026-02-05 15:45:28] DEBUG: Found employee schedule | {"context":"ScheduleResolver","employeeId":30,"isWorkDay":true,"workDays":[1,2,3,4,5]}
[2026-02-05 15:45:28] DEBUG: Resolving schedule | {"context":"ScheduleResolver","employeeId":32,"date":"2026-01-14","dayOfWeek":3}
[2026-02-05 15:45:28] DEBUG: Found department schedule | {"context":"ScheduleResolver","employeeId":32,"departmentId":5,"isWorkDay":true,"workDays":[1,2,3,4,5]}
[2026-02-05 15:45:28] DEBUG: Resolving schedule | {"context":"ScheduleResolver","employeeId":33,"date":"2026-01-14","dayOfWeek":3}
[2026-02-05 15:45:28] DEBUG: Resolving schedule | {"context":"ScheduleResolver","employeeId":34,"date":"2026-01-14","dayOfWeek":3}
[2026-02-05 15:45:28] DEBUG: Found department schedule | {"context":"ScheduleResolver","employeeId":34,"departmentId":5,"isWorkDay":true,"workDays":[1,2,3,4,5]}
[2026-02-05 15:45:28] DEBUG: Resolving schedule | {"context":"ScheduleResolver","employeeId":35,"date":"2026-01-14","dayOfWeek":3}
[2026-02-05 15:45:28] DEBUG: Found department schedule | {"context":"ScheduleResolver","employeeId":35,"departmentId":5,"isWorkDay":true,"workDays":[1,2,3,4,5]}
[2026-02-05 15:45:28] DEBUG: Resolving schedule | {"context":"ScheduleResolver","employeeId":38,"date":"2026-01-14","dayOfWeek":3}
[2026-02-05 15:45:28] DEBUG: Resolving schedule | {"context":"ScheduleResolver","employeeId":40,"date":"2026-01-14","dayOfWeek":3}
[2026-02-05 15:45:28] DEBUG: Resolving schedule | {"context":"ScheduleResolver","employeeId":41,"date":"2026-01-14","dayOfWeek":3}
[2026-02-05 15:45:28] DEBUG: Found department schedule | {"context":"ScheduleResolver","employeeId":41,"departmentId":5,"isWorkDay":true,"workDays":[1,2,3,4,5]}
[2026-02-05 15:45:28] DEBUG: Resolving schedule | {"context":"ScheduleResolver","employeeId":42,"date":"2026-01-14","dayOfWeek":3}
[2026-02-05 15:45:28] DEBUG: Resolving schedule | {"context":"ScheduleResolver","employeeId":43,"date":"2026-01-14","dayOfWeek":3}
[2026-02-05 15:45:28] DEBUG: Found employee schedule | {"context":"ScheduleResolver","employeeId":43,"isWorkDay":true,"workDays":[1,2,3,4,5]}
[2026-02-05 15:45:28] DEBUG: Resolving schedule | {"context":"ScheduleResolver","employeeId":44,"date":"2026-01-14","dayOfWeek":3}
[2026-02-05 15:45:28] DEBUG: Resolving schedule | {"context":"ScheduleResolver","employeeId":45,"date":"2026-01-14","dayOfWeek":3}
[2026-02-05 15:45:28] DEBUG: Resolving schedule | {"context":"ScheduleResolver","employeeId":46,"date":"2026-01-14","dayOfWeek":3}
[2026-02-05 15:45:28] DEBUG: Resolving schedule | {"context":"ScheduleResolver","employeeId":47,"date":"2026-01-14","dayOfWeek":3}
[2026-02-05 15:45:28] DEBUG: Resolving schedule | {"context":"ScheduleResolver","employeeId":48,"date":"2026-01-14","dayOfWeek":3}
[2026-02-05 15:45:28] DEBUG: Resolving schedule | {"context":"ScheduleResolver","employeeId":49,"date":"2026-01-14","dayOfWeek":3}
[2026-02-05 15:45:28] DEBUG: Resolving schedule | {"context":"ScheduleResolver","employeeId":50,"date":"2026-01-14","dayOfWeek":3}
[2026-02-05 15:45:28] DEBUG: Found department schedule | {"context":"ScheduleResolver","employeeId":50,"departmentId":5,"isWorkDay":true,"workDays":[1,2,3,4,5]}
[2026-02-05 15:45:28] DEBUG: Resolving schedule | {"context":"ScheduleResolver","employeeId":51,"date":"2026-01-14","dayOfWeek":3}
[2026-02-05 15:45:28] DEBUG: Resolving schedule | {"context":"ScheduleResolver","employeeId":52,"date":"2026-01-14","dayOfWeek":3}
[2026-02-05 15:45:28] DEBUG: Resolving schedule | {"context":"ScheduleResolver","employeeId":53,"date":"2026-01-14","dayOfWeek":3}
[2026-02-05 15:45:28] DEBUG: Resolving schedule | {"context":"ScheduleResolver","employeeId":54,"date":"2026-01-14","dayOfWeek":3}
[2026-02-05 15:45:28] DEBUG: Resolving schedule | {"context":"ScheduleResolver","employeeId":55,"date":"2026-01-14","dayOfWeek":3}
[2026-02-05 15:45:28] DEBUG: Found department schedule | {"context":"ScheduleResolver","employeeId":55,"departmentId":5,"isWorkDay":true,"workDays":[1,2,3,4,5]}
[2026-02-05 15:45:28] DEBUG: Resolving schedule | {"context":"ScheduleResolver","employeeId":56,"date":"2026-01-14","dayOfWeek":3}
[2026-02-05 15:45:28] DEBUG: Resolving schedule | {"context":"ScheduleResolver","employeeId":57,"date":"2026-01-14","dayOfWeek":3}
[2026-02-05 15:45:28] DEBUG: Resolving schedule | {"context":"ScheduleResolver","employeeId":58,"date":"2026-01-14","dayOfWeek":3}
[2026-02-05 15:45:28] DEBUG: Found department schedule | {"context":"ScheduleResolver","employeeId":58,"departmentId":5,"isWorkDay":true,"workDays":[1,2,3,4,5]}
[2026-02-05 15:45:28] DEBUG: Resolving schedule | {"context":"ScheduleResolver","employeeId":59,"date":"2026-01-14","dayOfWeek":3}
[2026-02-05 15:45:28] DEBUG: Resolving schedule | {"context":"ScheduleResolver","employeeId":60,"date":"2026-01-14","dayOfWeek":3}
[2026-02-05 15:45:28] DEBUG: Found department schedule | {"context":"ScheduleResolver","employeeId":60,"departmentId":5,"isWorkDay":true,"workDays":[1,2,3,4,5]}
[2026-02-05 15:45:28] DEBUG: Resolving schedule | {"context":"ScheduleResolver","employeeId":61,"date":"2026-01-14","dayOfWeek":3}
[2026-02-05 15:45:28] DEBUG: Resolving schedule | {"context":"ScheduleResolver","employeeId":62,"date":"2026-01-14","dayOfWeek":3}
[2026-02-05 15:45:28] DEBUG: Found department schedule | {"context":"ScheduleResolver","employeeId":62,"departmentId":5,"isWorkDay":true,"workDays":[1,2,3,4,5]}
[2026-02-05 15:45:28] DEBUG: Resolving schedule | {"context":"ScheduleResolver","employeeId":63,"date":"2026-01-14","dayOfWeek":3}
[2026-02-05 15:45:28] DEBUG: Resolving schedule | {"context":"ScheduleResolver","employeeId":65,"date":"2026-01-14","dayOfWeek":3}
[2026-02-05 15:45:28] DEBUG: Resolving schedule | {"context":"ScheduleResolver","employeeId":66,"date":"2026-01-14","dayOfWeek":3}
[2026-02-05 15:45:28] DEBUG: Resolving schedule | {"context":"ScheduleResolver","employeeId":67,"date":"2026-01-14","dayOfWeek":3}
[2026-02-05 15:45:28] DEBUG: Resolving schedule | {"context":"ScheduleResolver","employeeId":68,"date":"2026-01-14","dayOfWeek":3}
[2026-02-05 15:45:28] DEBUG: Resolving schedule | {"context":"ScheduleResolver","employeeId":71,"date":"2026-01-14","dayOfWeek":3}
[2026-02-05 15:45:28] DEBUG: Found employee schedule | {"context":"ScheduleResolver","employeeId":71,"isWorkDay":true,"workDays":[1,2,3,4,5]}
[2026-02-05 15:45:28] DEBUG: Resolving schedule | {"context":"ScheduleResolver","employeeId":72,"date":"2026-01-14","dayOfWeek":3}
[2026-02-05 15:45:28] DEBUG: Resolving schedule | {"context":"ScheduleResolver","employeeId":73,"date":"2026-01-14","dayOfWeek":3}
[2026-02-05 15:45:28] DEBUG: Resolving schedule | {"context":"ScheduleResolver","employeeId":75,"date":"2026-01-14","dayOfWeek":3}
[2026-02-05 15:45:28] DEBUG: Resolving schedule | {"context":"ScheduleResolver","employeeId":3,"date":"2026-01-15","dayOfWeek":4}
[2026-02-05 15:45:28] DEBUG: Resolving schedule | {"context":"ScheduleResolver","employeeId":4,"date":"2026-01-15","dayOfWeek":4}
[2026-02-05 15:45:28] DEBUG: Resolving schedule | {"context":"ScheduleResolver","employeeId":6,"date":"2026-01-15","dayOfWeek":4}
[2026-02-05 15:45:28] DEBUG: Found department schedule | {"context":"ScheduleResolver","employeeId":6,"departmentId":5,"isWorkDay":true,"workDays":[1,2,3,4,5]}
[2026-02-05 15:45:28] DEBUG: Resolving schedule | {"context":"ScheduleResolver","employeeId":10,"date":"2026-01-15","dayOfWeek":4}
[2026-02-05 15:45:28] DEBUG: Resolving schedule | {"context":"ScheduleResolver","employeeId":12,"date":"2026-01-15","dayOfWeek":4}
[2026-02-05 15:45:28] DEBUG: Resolving schedule | {"context":"ScheduleResolver","employeeId":15,"date":"2026-01-15","dayOfWeek":4}
[2026-02-05 15:45:28] DEBUG: Found employee schedule | {"context":"ScheduleResolver","employeeId":15,"isWorkDay":true,"workDays":[1,2,3,4,5]}
[2026-02-05 15:45:28] DEBUG: Resolving schedule | {"context":"ScheduleResolver","employeeId":18,"date":"2026-01-15","dayOfWeek":4}
[2026-02-05 15:45:28] DEBUG: Resolving schedule | {"context":"ScheduleResolver","employeeId":19,"date":"2026-01-15","dayOfWeek":4}
[2026-02-05 15:45:28] DEBUG: Resolving schedule | {"context":"ScheduleResolver","employeeId":21,"date":"2026-01-15","dayOfWeek":4}
[2026-02-05 15:45:28] DEBUG: Found department schedule | {"context":"ScheduleResolver","employeeId":21,"departmentId":5,"isWorkDay":true,"workDays":[1,2,3,4,5]}
[2026-02-05 15:45:28] DEBUG: Resolving schedule | {"context":"ScheduleResolver","employeeId":23,"date":"2026-01-15","dayOfWeek":4}
[2026-02-05 15:45:28] DEBUG: Resolving schedule | {"context":"ScheduleResolver","employeeId":24,"date":"2026-01-15","dayOfWeek":4}
[2026-02-05 15:45:28] DEBUG: Resolving schedule | {"context":"ScheduleResolver","employeeId":25,"date":"2026-01-15","dayOfWeek":4}
[2026-02-05 15:45:28] DEBUG: Resolving schedule | {"context":"ScheduleResolver","employeeId":27,"date":"2026-01-15","dayOfWeek":4}
[2026-02-05 15:45:28] DEBUG: Found department schedule | {"context":"ScheduleResolver","employeeId":27,"departmentId":5,"isWorkDay":true,"workDays":[1,2,3,4,5]}
[2026-02-05 15:45:28] DEBUG: Resolving schedule | {"context":"ScheduleResolver","employeeId":29,"date":"2026-01-15","dayOfWeek":4}
[2026-02-05 15:45:28] DEBUG: Found employee schedule | {"context":"ScheduleResolver","employeeId":29,"isWorkDay":true,"workDays":[1,2,3,4,5]}
[2026-02-05 15:45:28] DEBUG: Resolving schedule | {"context":"ScheduleResolver","employeeId":30,"date":"2026-01-15","dayOfWeek":4}
[2026-02-05 15:45:28] DEBUG: Found employee schedule | {"context":"ScheduleResolver","employeeId":30,"isWorkDay":true,"workDays":[1,2,3,4,5]}
[2026-02-05 15:45:28] DEBUG: Resolving schedule | {"context":"ScheduleResolver","employeeId":32,"date":"2026-01-15","dayOfWeek":4}
[2026-02-05 15:45:28] DEBUG: Found department schedule | {"context":"ScheduleResolver","employeeId":32,"departmentId":5,"isWorkDay":true,"workDays":[1,2,3,4,5]}
[2026-02-05 15:45:28] DEBUG: Resolving schedule | {"context":"ScheduleResolver","employeeId":33,"date":"2026-01-15","dayOfWeek":4}
[2026-02-05 15:45:28] DEBUG: Resolving schedule | {"context":"ScheduleResolver","employeeId":34,"date":"2026-01-15","dayOfWeek":4}
[2026-02-05 15:45:28] DEBUG: Found department schedule | {"context":"ScheduleResolver","employeeId":34,"departmentId":5,"isWorkDay":true,"workDays":[1,2,3,4,5]}
[2026-02-05 15:45:28] DEBUG: Resolving schedule | {"context":"ScheduleResolver","employeeId":35,"date":"2026-01-15","dayOfWeek":4}
[2026-02-05 15:45:28] DEBUG: Found department schedule | {"context":"ScheduleResolver","employeeId":35,"departmentId":5,"isWorkDay":true,"workDays":[1,2,3,4,5]}
[2026-02-05 15:45:28] DEBUG: Resolving schedule | {"context":"ScheduleResolver","employeeId":38,"date":"2026-01-15","dayOfWeek":4}
[2026-02-05 15:45:28] DEBUG: Resolving schedule | {"context":"ScheduleResolver","employeeId":40,"date":"2026-01-15","dayOfWeek":4}
[2026-02-05 15:45:28] DEBUG: Resolving schedule | {"context":"ScheduleResolver","employeeId":41,"date":"2026-01-15","dayOfWeek":4}
[2026-02-05 15:45:28] DEBUG: Found department schedule | {"context":"ScheduleResolver","employeeId":41,"departmentId":5,"isWorkDay":true,"workDays":[1,2,3,4,5]}
[2026-02-05 15:45:28] DEBUG: Resolving schedule | {"context":"ScheduleResolver","employeeId":42,"date":"2026-01-15","dayOfWeek":4}
[2026-02-05 15:45:28] DEBUG: Resolving schedule | {"context":"ScheduleResolver","employeeId":43,"date":"2026-01-15","dayOfWeek":4}
[2026-02-05 15:45:28] DEBUG: Found employee schedule | {"context":"ScheduleResolver","employeeId":43,"isWorkDay":true,"workDays":[1,2,3,4,5]}
[2026-02-05 15:45:28] DEBUG: Resolving schedule | {"context":"ScheduleResolver","employeeId":44,"date":"2026-01-15","dayOfWeek":4}
[2026-02-05 15:45:28] DEBUG: Resolving schedule | {"context":"ScheduleResolver","employeeId":45,"date":"2026-01-15","dayOfWeek":4}
[2026-02-05 15:45:28] DEBUG: Resolving schedule | {"context":"ScheduleResolver","employeeId":46,"date":"2026-01-15","dayOfWeek":4}
[2026-02-05 15:45:28] DEBUG: Resolving schedule | {"context":"ScheduleResolver","employeeId":47,"date":"2026-01-15","dayOfWeek":4}
[2026-02-05 15:45:28] DEBUG: Resolving schedule | {"context":"ScheduleResolver","employeeId":48,"date":"2026-01-15","dayOfWeek":4}
[2026-02-05 15:45:28] DEBUG: Resolving schedule | {"context":"ScheduleResolver","employeeId":49,"date":"2026-01-15","dayOfWeek":4}
[2026-02-05 15:45:28] DEBUG: Resolving schedule | {"context":"ScheduleResolver","employeeId":50,"date":"2026-01-15","dayOfWeek":4}
[2026-02-05 15:45:28] DEBUG: Found department schedule | {"context":"ScheduleResolver","employeeId":50,"departmentId":5,"isWorkDay":true,"workDays":[1,2,3,4,5]}
[2026-02-05 15:45:28] DEBUG: Resolving schedule | {"context":"ScheduleResolver","employeeId":51,"date":"2026-01-15","dayOfWeek":4}
[2026-02-05 15:45:28] DEBUG: Resolving schedule | {"context":"ScheduleResolver","employeeId":52,"date":"2026-01-15","dayOfWeek":4}
[2026-02-05 15:45:28] DEBUG: Resolving schedule | {"context":"ScheduleResolver","employeeId":53,"date":"2026-01-15","dayOfWeek":4}
[2026-02-05 15:45:28] DEBUG: Resolving schedule | {"context":"ScheduleResolver","employeeId":54,"date":"2026-01-15","dayOfWeek":4}
[2026-02-05 15:45:28] DEBUG: Resolving schedule | {"context":"ScheduleResolver","employeeId":55,"date":"2026-01-15","dayOfWeek":4}
[2026-02-05 15:45:28] DEBUG: Found department schedule | {"context":"ScheduleResolver","employeeId":55,"departmentId":5,"isWorkDay":true,"workDays":[1,2,3,4,5]}
[2026-02-05 15:45:28] DEBUG: Resolving schedule | {"context":"ScheduleResolver","employeeId":56,"date":"2026-01-15","dayOfWeek":4}
[2026-02-05 15:45:28] DEBUG: Resolving schedule | {"context":"ScheduleResolver","employeeId":57,"date":"2026-01-15","dayOfWeek":4}
[2026-02-05 15:45:28] DEBUG: Resolving schedule | {"context":"ScheduleResolver","employeeId":58,"date":"2026-01-15","dayOfWeek":4}
[2026-02-05 15:45:28] DEBUG: Found department schedule | {"context":"ScheduleResolver","employeeId":58,"departmentId":5,"isWorkDay":true,"workDays":[1,2,3,4,5]}
[2026-02-05 15:45:28] DEBUG: Resolving schedule | {"context":"ScheduleResolver","employeeId":59,"date":"2026-01-15","dayOfWeek":4}
[2026-02-05 15:45:28] DEBUG: Resolving schedule | {"context":"ScheduleResolver","employeeId":60,"date":"2026-01-15","dayOfWeek":4}
[2026-02-05 15:45:28] DEBUG: Found department schedule | {"context":"ScheduleResolver","employeeId":60,"departmentId":5,"isWorkDay":true,"workDays":[1,2,3,4,5]}
[2026-02-05 15:45:28] DEBUG: Resolving schedule | {"context":"ScheduleResolver","employeeId":61,"date":"2026-01-15","dayOfWeek":4}
[2026-02-05 15:45:28] DEBUG: Resolving schedule | {"context":"ScheduleResolver","employeeId":62,"date":"2026-01-15","dayOfWeek":4}
[2026-02-05 15:45:28] DEBUG: Found department schedule | {"context":"ScheduleResolver","employeeId":62,"departmentId":5,"isWorkDay":true,"workDays":[1,2,3,4,5]}
[2026-02-05 15:45:28] DEBUG: Resolving schedule | {"context":"ScheduleResolver","employeeId":63,"date":"2026-01-15","dayOfWeek":4}
[2026-02-05 15:45:28] DEBUG: Resolving schedule | {"context":"ScheduleResolver","employeeId":65,"date":"2026-01-15","dayOfWeek":4}
[2026-02-05 15:45:28] DEBUG: Resolving schedule | {"context":"ScheduleResolver","employeeId":66,"date":"2026-01-15","dayOfWeek":4}
[2026-02-05 15:45:28] DEBUG: Resolving schedule | {"context":"ScheduleResolver","employeeId":67,"date":"2026-01-15","dayOfWeek":4}
[2026-02-05 15:45:28] DEBUG: Resolving schedule | {"context":"ScheduleResolver","employeeId":68,"date":"2026-01-15","dayOfWeek":4}
[2026-02-05 15:45:28] DEBUG: Resolving schedule | {"context":"ScheduleResolver","employeeId":70,"date":"2026-01-15","dayOfWeek":4}
[2026-02-05 15:45:28] DEBUG: Resolving schedule | {"context":"ScheduleResolver","employeeId":71,"date":"2026-01-15","dayOfWeek":4}
[2026-02-05 15:45:28] DEBUG: Found employee schedule | {"context":"ScheduleResolver","employeeId":71,"isWorkDay":true,"workDays":[1,2,3,4,5]}
[2026-02-05 15:45:28] DEBUG: Resolving schedule | {"context":"ScheduleResolver","employeeId":72,"date":"2026-01-15","dayOfWeek":4}
[2026-02-05 15:45:28] DEBUG: Resolving schedule | {"context":"ScheduleResolver","employeeId":73,"date":"2026-01-15","dayOfWeek":4}
[2026-02-05 15:45:28] DEBUG: Resolving schedule | {"context":"ScheduleResolver","employeeId":75,"date":"2026-01-15","dayOfWeek":4}
[2026-02-05 15:45:28] DEBUG: Resolving schedule | {"context":"ScheduleResolver","employeeId":3,"date":"2026-01-16","dayOfWeek":5}
[2026-02-05 15:45:28] DEBUG: Resolving schedule | {"context":"ScheduleResolver","employeeId":4,"date":"2026-01-16","dayOfWeek":5}
[2026-02-05 15:45:28] DEBUG: Resolving schedule | {"context":"ScheduleResolver","employeeId":6,"date":"2026-01-16","dayOfWeek":5}
[2026-02-05 15:45:28] DEBUG: Found department schedule | {"context":"ScheduleResolver","employeeId":6,"departmentId":5,"isWorkDay":true,"workDays":[1,2,3,4,5]}
[2026-02-05 15:45:28] DEBUG: Resolving schedule | {"context":"ScheduleResolver","employeeId":10,"date":"2026-01-16","dayOfWeek":5}
[2026-02-05 15:45:28] DEBUG: Resolving schedule | {"context":"ScheduleResolver","employeeId":12,"date":"2026-01-16","dayOfWeek":5}
[2026-02-05 15:45:28] DEBUG: Resolving schedule | {"context":"ScheduleResolver","employeeId":15,"date":"2026-01-16","dayOfWeek":5}
[2026-02-05 15:45:28] DEBUG: Found employee schedule | {"context":"ScheduleResolver","employeeId":15,"isWorkDay":true,"workDays":[1,2,3,4,5]}
[2026-02-05 15:45:28] DEBUG: Resolving schedule | {"context":"ScheduleResolver","employeeId":18,"date":"2026-01-16","dayOfWeek":5}
[2026-02-05 15:45:28] DEBUG: Resolving schedule | {"context":"ScheduleResolver","employeeId":19,"date":"2026-01-16","dayOfWeek":5}
[2026-02-05 15:45:28] DEBUG: Resolving schedule | {"context":"ScheduleResolver","employeeId":21,"date":"2026-01-16","dayOfWeek":5}
[2026-02-05 15:45:28] DEBUG: Found department schedule | {"context":"ScheduleResolver","employeeId":21,"departmentId":5,"isWorkDay":true,"workDays":[1,2,3,4,5]}
[2026-02-05 15:45:28] DEBUG: Resolving schedule | {"context":"ScheduleResolver","employeeId":23,"date":"2026-01-16","dayOfWeek":5}
[2026-02-05 15:45:28] DEBUG: Resolving schedule | {"context":"ScheduleResolver","employeeId":24,"date":"2026-01-16","dayOfWeek":5}
[2026-02-05 15:45:28] DEBUG: Resolving schedule | {"context":"ScheduleResolver","employeeId":25,"date":"2026-01-16","dayOfWeek":5}
[2026-02-05 15:45:28] DEBUG: Resolving schedule | {"context":"ScheduleResolver","employeeId":27,"date":"2026-01-16","dayOfWeek":5}
[2026-02-05 15:45:28] DEBUG: Found department schedule | {"context":"ScheduleResolver","employeeId":27,"departmentId":5,"isWorkDay":true,"workDays":[1,2,3,4,5]}
[2026-02-05 15:45:28] DEBUG: Resolving schedule | {"context":"ScheduleResolver","employeeId":28,"date":"2026-01-16","dayOfWeek":5}
[2026-02-05 15:45:28] DEBUG: Found employee schedule | {"context":"ScheduleResolver","employeeId":28,"isWorkDay":true,"workDays":[1,3,5]}
[2026-02-05 15:45:28] DEBUG: Resolving schedule | {"context":"ScheduleResolver","employeeId":29,"date":"2026-01-16","dayOfWeek":5}
[2026-02-05 15:45:28] DEBUG: Found employee schedule | {"context":"ScheduleResolver","employeeId":29,"isWorkDay":true,"workDays":[1,2,3,4,5]}
[2026-02-05 15:45:28] DEBUG: Resolving schedule | {"context":"ScheduleResolver","employeeId":30,"date":"2026-01-16","dayOfWeek":5}
[2026-02-05 15:45:28] DEBUG: Found employee schedule | {"context":"ScheduleResolver","employeeId":30,"isWorkDay":true,"workDays":[1,2,3,4,5]}
[2026-02-05 15:45:28] DEBUG: Resolving schedule | {"context":"ScheduleResolver","employeeId":32,"date":"2026-01-16","dayOfWeek":5}
[2026-02-05 15:45:28] DEBUG: Found department schedule | {"context":"ScheduleResolver","employeeId":32,"departmentId":5,"isWorkDay":true,"workDays":[1,2,3,4,5]}
[2026-02-05 15:45:28] DEBUG: Resolving schedule | {"context":"ScheduleResolver","employeeId":33,"date":"2026-01-16","dayOfWeek":5}
[2026-02-05 15:45:28] DEBUG: Resolving schedule | {"context":"ScheduleResolver","employeeId":34,"date":"2026-01-16","dayOfWeek":5}
[2026-02-05 15:45:28] DEBUG: Found department schedule | {"context":"ScheduleResolver","employeeId":34,"departmentId":5,"isWorkDay":true,"workDays":[1,2,3,4,5]}
[2026-02-05 15:45:28] DEBUG: Resolving schedule | {"context":"ScheduleResolver","employeeId":35,"date":"2026-01-16","dayOfWeek":5}
[2026-02-05 15:45:28] DEBUG: Found department schedule | {"context":"ScheduleResolver","employeeId":35,"departmentId":5,"isWorkDay":true,"workDays":[1,2,3,4,5]}
[2026-02-05 15:45:28] DEBUG: Resolving schedule | {"context":"ScheduleResolver","employeeId":36,"date":"2026-01-16","dayOfWeek":5}
[2026-02-05 15:45:28] DEBUG: Resolving schedule | {"context":"ScheduleResolver","employeeId":38,"date":"2026-01-16","dayOfWeek":5}
[2026-02-05 15:45:28] DEBUG: Resolving schedule | {"context":"ScheduleResolver","employeeId":40,"date":"2026-01-16","dayOfWeek":5}
[2026-02-05 15:45:28] DEBUG: Resolving schedule | {"context":"ScheduleResolver","employeeId":41,"date":"2026-01-16","dayOfWeek":5}
[2026-02-05 15:45:28] DEBUG: Found department schedule | {"context":"ScheduleResolver","employeeId":41,"departmentId":5,"isWorkDay":true,"workDays":[1,2,3,4,5]}
[2026-02-05 15:45:28] DEBUG: Resolving schedule | {"context":"ScheduleResolver","employeeId":42,"date":"2026-01-16","dayOfWeek":5}
[2026-02-05 15:45:28] DEBUG: Resolving schedule | {"context":"ScheduleResolver","employeeId":43,"date":"2026-01-16","dayOfWeek":5}
[2026-02-05 15:45:28] DEBUG: Found employee schedule | {"context":"ScheduleResolver","employeeId":43,"isWorkDay":true,"workDays":[1,2,3,4,5]}
[2026-02-05 15:45:28] DEBUG: Resolving schedule | {"context":"ScheduleResolver","employeeId":44,"date":"2026-01-16","dayOfWeek":5}
[2026-02-05 15:45:28] DEBUG: Resolving schedule | {"context":"ScheduleResolver","employeeId":45,"date":"2026-01-16","dayOfWeek":5}
[2026-02-05 15:45:28] DEBUG: Resolving schedule | {"context":"ScheduleResolver","employeeId":46,"date":"2026-01-16","dayOfWeek":5}
[2026-02-05 15:45:28] DEBUG: Resolving schedule | {"context":"ScheduleResolver","employeeId":47,"date":"2026-01-16","dayOfWeek":5}
[2026-02-05 15:45:28] DEBUG: Resolving schedule | {"context":"ScheduleResolver","employeeId":48,"date":"2026-01-16","dayOfWeek":5}
[2026-02-05 15:45:28] DEBUG: Resolving schedule | {"context":"ScheduleResolver","employeeId":49,"date":"2026-01-16","dayOfWeek":5}
[2026-02-05 15:45:28] DEBUG: Resolving schedule | {"context":"ScheduleResolver","employeeId":50,"date":"2026-01-16","dayOfWeek":5}
[2026-02-05 15:45:28] DEBUG: Found department schedule | {"context":"ScheduleResolver","employeeId":50,"departmentId":5,"isWorkDay":true,"workDays":[1,2,3,4,5]}
[2026-02-05 15:45:28] DEBUG: Resolving schedule | {"context":"ScheduleResolver","employeeId":51,"date":"2026-01-16","dayOfWeek":5}
[2026-02-05 15:45:28] DEBUG: Resolving schedule | {"context":"ScheduleResolver","employeeId":52,"date":"2026-01-16","dayOfWeek":5}
[2026-02-05 15:45:28] DEBUG: Resolving schedule | {"context":"ScheduleResolver","employeeId":53,"date":"2026-01-16","dayOfWeek":5}
[2026-02-05 15:45:28] DEBUG: Resolving schedule | {"context":"ScheduleResolver","employeeId":54,"date":"2026-01-16","dayOfWeek":5}
[2026-02-05 15:45:28] DEBUG: Resolving schedule | {"context":"ScheduleResolver","employeeId":55,"date":"2026-01-16","dayOfWeek":5}
[2026-02-05 15:45:28] DEBUG: Found department schedule | {"context":"ScheduleResolver","employeeId":55,"departmentId":5,"isWorkDay":true,"workDays":[1,2,3,4,5]}
[2026-02-05 15:45:28] DEBUG: Resolving schedule | {"context":"ScheduleResolver","employeeId":56,"date":"2026-01-16","dayOfWeek":5}
[2026-02-05 15:45:28] DEBUG: Resolving schedule | {"context":"ScheduleResolver","employeeId":57,"date":"2026-01-16","dayOfWeek":5}
[2026-02-05 15:45:28] DEBUG: Resolving schedule | {"context":"ScheduleResolver","employeeId":58,"date":"2026-01-16","dayOfWeek":5}
[2026-02-05 15:45:28] DEBUG: Found department schedule | {"context":"ScheduleResolver","employeeId":58,"departmentId":5,"isWorkDay":true,"workDays":[1,2,3,4,5]}
[2026-02-05 15:45:28] DEBUG: Resolving schedule | {"context":"ScheduleResolver","employeeId":59,"date":"2026-01-16","dayOfWeek":5}
[2026-02-05 15:45:28] DEBUG: Resolving schedule | {"context":"ScheduleResolver","employeeId":60,"date":"2026-01-16","dayOfWeek":5}
[2026-02-05 15:45:28] DEBUG: Found department schedule | {"context":"ScheduleResolver","employeeId":60,"departmentId":5,"isWorkDay":true,"workDays":[1,2,3,4,5]}
[2026-02-05 15:45:28] DEBUG: Resolving schedule | {"context":"ScheduleResolver","employeeId":61,"date":"2026-01-16","dayOfWeek":5}
[2026-02-05 15:45:28] DEBUG: Resolving schedule | {"context":"ScheduleResolver","employeeId":62,"date":"2026-01-16","dayOfWeek":5}
[2026-02-05 15:45:28] DEBUG: Found department schedule | {"context":"ScheduleResolver","employeeId":62,"departmentId":5,"isWorkDay":true,"workDays":[1,2,3,4,5]}
[2026-02-05 15:45:28] DEBUG: Resolving schedule | {"context":"ScheduleResolver","employeeId":63,"date":"2026-01-16","dayOfWeek":5}
[2026-02-05 15:45:28] DEBUG: Resolving schedule | {"context":"ScheduleResolver","employeeId":65,"date":"2026-01-16","dayOfWeek":5}
[2026-02-05 15:45:28] DEBUG: Resolving schedule | {"context":"ScheduleResolver","employeeId":66,"date":"2026-01-16","dayOfWeek":5}
[2026-02-05 15:45:28] DEBUG: Resolving schedule | {"context":"ScheduleResolver","employeeId":67,"date":"2026-01-16","dayOfWeek":5}
[2026-02-05 15:45:28] DEBUG: Resolving schedule | {"context":"ScheduleResolver","employeeId":68,"date":"2026-01-16","dayOfWeek":5}
[2026-02-05 15:45:28] DEBUG: Resolving schedule | {"context":"ScheduleResolver","employeeId":71,"date":"2026-01-16","dayOfWeek":5}
[2026-02-05 15:45:28] DEBUG: Found employee schedule | {"context":"ScheduleResolver","employeeId":71,"isWorkDay":true,"workDays":[1,2,3,4,5]}
[2026-02-05 15:45:28] DEBUG: Resolving schedule | {"context":"ScheduleResolver","employeeId":72,"date":"2026-01-16","dayOfWeek":5}
[2026-02-05 15:45:28] DEBUG: Resolving schedule | {"context":"ScheduleResolver","employeeId":73,"date":"2026-01-16","dayOfWeek":5}
[2026-02-05 15:45:28] DEBUG: Resolving schedule | {"context":"ScheduleResolver","employeeId":75,"date":"2026-01-16","dayOfWeek":5}
[2026-02-05 15:45:28] DEBUG: Resolving schedule | {"context":"ScheduleResolver","employeeId":70,"date":"2026-01-17","dayOfWeek":6}
[2026-02-05 15:45:28] DEBUG: Resolving schedule | {"context":"ScheduleResolver","employeeId":3,"date":"2026-01-19","dayOfWeek":1}
[2026-02-05 15:45:28] DEBUG: Resolving schedule | {"context":"ScheduleResolver","employeeId":4,"date":"2026-01-19","dayOfWeek":1}
[2026-02-05 15:45:28] DEBUG: Resolving schedule | {"context":"ScheduleResolver","employeeId":6,"date":"2026-01-19","dayOfWeek":1}
[2026-02-05 15:45:28] DEBUG: Found department schedule | {"context":"ScheduleResolver","employeeId":6,"departmentId":5,"isWorkDay":true,"workDays":[1,2,3,4,5]}
[2026-02-05 15:45:28] DEBUG: Resolving schedule | {"context":"ScheduleResolver","employeeId":10,"date":"2026-01-19","dayOfWeek":1}
[2026-02-05 15:45:28] DEBUG: Resolving schedule | {"context":"ScheduleResolver","employeeId":12,"date":"2026-01-19","dayOfWeek":1}
[2026-02-05 15:45:28] DEBUG: Resolving schedule | {"context":"ScheduleResolver","employeeId":15,"date":"2026-01-19","dayOfWeek":1}
[2026-02-05 15:45:28] DEBUG: Found employee schedule | {"context":"ScheduleResolver","employeeId":15,"isWorkDay":true,"workDays":[1,2,3,4,5]}
[2026-02-05 15:45:28] DEBUG: Resolving schedule | {"context":"ScheduleResolver","employeeId":17,"date":"2026-01-19","dayOfWeek":1}
[2026-02-05 15:45:28] DEBUG: Resolving schedule | {"context":"ScheduleResolver","employeeId":18,"date":"2026-01-19","dayOfWeek":1}
[2026-02-05 15:45:28] DEBUG: Resolving schedule | {"context":"ScheduleResolver","employeeId":21,"date":"2026-01-19","dayOfWeek":1}
[2026-02-05 15:45:28] DEBUG: Found department schedule | {"context":"ScheduleResolver","employeeId":21,"departmentId":5,"isWorkDay":true,"workDays":[1,2,3,4,5]}
[2026-02-05 15:45:28] DEBUG: Resolving schedule | {"context":"ScheduleResolver","employeeId":23,"date":"2026-01-19","dayOfWeek":1}
[2026-02-05 15:45:28] DEBUG: Resolving schedule | {"context":"ScheduleResolver","employeeId":24,"date":"2026-01-19","dayOfWeek":1}
[2026-02-05 15:45:28] DEBUG: Resolving schedule | {"context":"ScheduleResolver","employeeId":25,"date":"2026-01-19","dayOfWeek":1}
[2026-02-05 15:45:28] DEBUG: Resolving schedule | {"context":"ScheduleResolver","employeeId":27,"date":"2026-01-19","dayOfWeek":1}
[2026-02-05 15:45:28] DEBUG: Found department schedule | {"context":"ScheduleResolver","employeeId":27,"departmentId":5,"isWorkDay":true,"workDays":[1,2,3,4,5]}
[2026-02-05 15:45:28] DEBUG: Resolving schedule | {"context":"ScheduleResolver","employeeId":28,"date":"2026-01-19","dayOfWeek":1}
[2026-02-05 15:45:28] DEBUG: Found employee schedule | {"context":"ScheduleResolver","employeeId":28,"isWorkDay":true,"workDays":[1,3,5]}
[2026-02-05 15:45:28] DEBUG: Resolving schedule | {"context":"ScheduleResolver","employeeId":29,"date":"2026-01-19","dayOfWeek":1}
[2026-02-05 15:45:28] DEBUG: Found employee schedule | {"context":"ScheduleResolver","employeeId":29,"isWorkDay":true,"workDays":[1,2,3,4,5]}
[2026-02-05 15:45:28] DEBUG: Resolving schedule | {"context":"ScheduleResolver","employeeId":30,"date":"2026-01-19","dayOfWeek":1}
[2026-02-05 15:45:28] DEBUG: Found employee schedule | {"context":"ScheduleResolver","employeeId":30,"isWorkDay":true,"workDays":[1,2,3,4,5]}
[2026-02-05 15:45:28] DEBUG: Resolving schedule | {"context":"ScheduleResolver","employeeId":32,"date":"2026-01-19","dayOfWeek":1}
[2026-02-05 15:45:28] DEBUG: Found department schedule | {"context":"ScheduleResolver","employeeId":32,"departmentId":5,"isWorkDay":true,"workDays":[1,2,3,4,5]}
[2026-02-05 15:45:28] DEBUG: Resolving schedule | {"context":"ScheduleResolver","employeeId":33,"date":"2026-01-19","dayOfWeek":1}
[2026-02-05 15:45:28] DEBUG: Resolving schedule | {"context":"ScheduleResolver","employeeId":34,"date":"2026-01-19","dayOfWeek":1}
[2026-02-05 15:45:28] DEBUG: Found department schedule | {"context":"ScheduleResolver","employeeId":34,"departmentId":5,"isWorkDay":true,"workDays":[1,2,3,4,5]}
[2026-02-05 15:45:28] DEBUG: Resolving schedule | {"context":"ScheduleResolver","employeeId":35,"date":"2026-01-19","dayOfWeek":1}
[2026-02-05 15:45:28] DEBUG: Found department schedule | {"context":"ScheduleResolver","employeeId":35,"departmentId":5,"isWorkDay":true,"workDays":[1,2,3,4,5]}
[2026-02-05 15:45:28] DEBUG: Resolving schedule | {"context":"ScheduleResolver","employeeId":36,"date":"2026-01-19","dayOfWeek":1}
[2026-02-05 15:45:28] DEBUG: Resolving schedule | {"context":"ScheduleResolver","employeeId":38,"date":"2026-01-19","dayOfWeek":1}
[2026-02-05 15:45:28] DEBUG: Resolving schedule | {"context":"ScheduleResolver","employeeId":40,"date":"2026-01-19","dayOfWeek":1}
[2026-02-05 15:45:28] DEBUG: Resolving schedule | {"context":"ScheduleResolver","employeeId":41,"date":"2026-01-19","dayOfWeek":1}
[2026-02-05 15:45:28] DEBUG: Found department schedule | {"context":"ScheduleResolver","employeeId":41,"departmentId":5,"isWorkDay":true,"workDays":[1,2,3,4,5]}
[2026-02-05 15:45:28] DEBUG: Resolving schedule | {"context":"ScheduleResolver","employeeId":42,"date":"2026-01-19","dayOfWeek":1}
[2026-02-05 15:45:28] DEBUG: Resolving schedule | {"context":"ScheduleResolver","employeeId":43,"date":"2026-01-19","dayOfWeek":1}
[2026-02-05 15:45:28] DEBUG: Found employee schedule | {"context":"ScheduleResolver","employeeId":43,"isWorkDay":true,"workDays":[1,2,3,4,5]}
[2026-02-05 15:45:28] DEBUG: Resolving schedule | {"context":"ScheduleResolver","employeeId":44,"date":"2026-01-19","dayOfWeek":1}
[2026-02-05 15:45:28] DEBUG: Resolving schedule | {"context":"ScheduleResolver","employeeId":45,"date":"2026-01-19","dayOfWeek":1}
[2026-02-05 15:45:28] DEBUG: Resolving schedule | {"context":"ScheduleResolver","employeeId":46,"date":"2026-01-19","dayOfWeek":1}
[2026-02-05 15:45:28] DEBUG: Resolving schedule | {"context":"ScheduleResolver","employeeId":47,"date":"2026-01-19","dayOfWeek":1}
[2026-02-05 15:45:28] DEBUG: Resolving schedule | {"context":"ScheduleResolver","employeeId":48,"date":"2026-01-19","dayOfWeek":1}
[2026-02-05 15:45:28] DEBUG: Resolving schedule | {"context":"ScheduleResolver","employeeId":49,"date":"2026-01-19","dayOfWeek":1}
[2026-02-05 15:45:28] DEBUG: Resolving schedule | {"context":"ScheduleResolver","employeeId":50,"date":"2026-01-19","dayOfWeek":1}
[2026-02-05 15:45:28] DEBUG: Found department schedule | {"context":"ScheduleResolver","employeeId":50,"departmentId":5,"isWorkDay":true,"workDays":[1,2,3,4,5]}
[2026-02-05 15:45:28] DEBUG: Resolving schedule | {"context":"ScheduleResolver","employeeId":51,"date":"2026-01-19","dayOfWeek":1}
[2026-02-05 15:45:28] DEBUG: Resolving schedule | {"context":"ScheduleResolver","employeeId":52,"date":"2026-01-19","dayOfWeek":1}
[2026-02-05 15:45:28] DEBUG: Resolving schedule | {"context":"ScheduleResolver","employeeId":53,"date":"2026-01-19","dayOfWeek":1}
[2026-02-05 15:45:28] DEBUG: Resolving schedule | {"context":"ScheduleResolver","employeeId":54,"date":"2026-01-19","dayOfWeek":1}
[2026-02-05 15:45:28] DEBUG: Resolving schedule | {"context":"ScheduleResolver","employeeId":55,"date":"2026-01-19","dayOfWeek":1}
[2026-02-05 15:45:28] DEBUG: Found department schedule | {"context":"ScheduleResolver","employeeId":55,"departmentId":5,"isWorkDay":true,"workDays":[1,2,3,4,5]}
[2026-02-05 15:45:28] DEBUG: Resolving schedule | {"context":"ScheduleResolver","employeeId":56,"date":"2026-01-19","dayOfWeek":1}
[2026-02-05 15:45:28] DEBUG: Resolving schedule | {"context":"ScheduleResolver","employeeId":57,"date":"2026-01-19","dayOfWeek":1}
[2026-02-05 15:45:28] DEBUG: Resolving schedule | {"context":"ScheduleResolver","employeeId":58,"date":"2026-01-19","dayOfWeek":1}
[2026-02-05 15:45:28] DEBUG: Found department schedule | {"context":"ScheduleResolver","employeeId":58,"departmentId":5,"isWorkDay":true,"workDays":[1,2,3,4,5]}
[2026-02-05 15:45:28] DEBUG: Resolving schedule | {"context":"ScheduleResolver","employeeId":59,"date":"2026-01-19","dayOfWeek":1}
[2026-02-05 15:45:28] DEBUG: Resolving schedule | {"context":"ScheduleResolver","employeeId":60,"date":"2026-01-19","dayOfWeek":1}
[2026-02-05 15:45:28] DEBUG: Found department schedule | {"context":"ScheduleResolver","employeeId":60,"departmentId":5,"isWorkDay":true,"workDays":[1,2,3,4,5]}
[2026-02-05 15:45:28] DEBUG: Resolving schedule | {"context":"ScheduleResolver","employeeId":62,"date":"2026-01-19","dayOfWeek":1}
[2026-02-05 15:45:28] DEBUG: Found department schedule | {"context":"ScheduleResolver","employeeId":62,"departmentId":5,"isWorkDay":true,"workDays":[1,2,3,4,5]}
[2026-02-05 15:45:28] DEBUG: Resolving schedule | {"context":"ScheduleResolver","employeeId":63,"date":"2026-01-19","dayOfWeek":1}
[2026-02-05 15:45:28] DEBUG: Resolving schedule | {"context":"ScheduleResolver","employeeId":64,"date":"2026-01-19","dayOfWeek":1}
[2026-02-05 15:45:28] DEBUG: Resolving schedule | {"context":"ScheduleResolver","employeeId":65,"date":"2026-01-19","dayOfWeek":1}
[2026-02-05 15:45:28] DEBUG: Resolving schedule | {"context":"ScheduleResolver","employeeId":66,"date":"2026-01-19","dayOfWeek":1}
[2026-02-05 15:45:28] DEBUG: Resolving schedule | {"context":"ScheduleResolver","employeeId":67,"date":"2026-01-19","dayOfWeek":1}
[2026-02-05 15:45:28] DEBUG: Resolving schedule | {"context":"ScheduleResolver","employeeId":68,"date":"2026-01-19","dayOfWeek":1}
[2026-02-05 15:45:28] DEBUG: Resolving schedule | {"context":"ScheduleResolver","employeeId":70,"date":"2026-01-19","dayOfWeek":1}
[2026-02-05 15:45:28] DEBUG: Resolving schedule | {"context":"ScheduleResolver","employeeId":71,"date":"2026-01-19","dayOfWeek":1}
[2026-02-05 15:45:28] DEBUG: Found employee schedule | {"context":"ScheduleResolver","employeeId":71,"isWorkDay":true,"workDays":[1,2,3,4,5]}
[2026-02-05 15:45:28] DEBUG: Resolving schedule | {"context":"ScheduleResolver","employeeId":72,"date":"2026-01-19","dayOfWeek":1}
[2026-02-05 15:45:28] DEBUG: Resolving schedule | {"context":"ScheduleResolver","employeeId":73,"date":"2026-01-19","dayOfWeek":1}
[2026-02-05 15:45:28] DEBUG: Resolving schedule | {"context":"ScheduleResolver","employeeId":75,"date":"2026-01-19","dayOfWeek":1}
[2026-02-05 15:45:28] DEBUG: Resolving schedule | {"context":"ScheduleResolver","employeeId":3,"date":"2026-01-20","dayOfWeek":2}
[2026-02-05 15:45:28] DEBUG: Resolving schedule | {"context":"ScheduleResolver","employeeId":4,"date":"2026-01-20","dayOfWeek":2}
[2026-02-05 15:45:28] DEBUG: Resolving schedule | {"context":"ScheduleResolver","employeeId":5,"date":"2026-01-20","dayOfWeek":2}
[2026-02-05 15:45:28] DEBUG: Resolving schedule | {"context":"ScheduleResolver","employeeId":6,"date":"2026-01-20","dayOfWeek":2}
[2026-02-05 15:45:28] DEBUG: Found department schedule | {"context":"ScheduleResolver","employeeId":6,"departmentId":5,"isWorkDay":true,"workDays":[1,2,3,4,5]}
[2026-02-05 15:45:28] DEBUG: Resolving schedule | {"context":"ScheduleResolver","employeeId":10,"date":"2026-01-20","dayOfWeek":2}
[2026-02-05 15:45:28] DEBUG: Resolving schedule | {"context":"ScheduleResolver","employeeId":12,"date":"2026-01-20","dayOfWeek":2}
[2026-02-05 15:45:28] DEBUG: Resolving schedule | {"context":"ScheduleResolver","employeeId":15,"date":"2026-01-20","dayOfWeek":2}
[2026-02-05 15:45:28] DEBUG: Found employee schedule | {"context":"ScheduleResolver","employeeId":15,"isWorkDay":true,"workDays":[1,2,3,4,5]}
[2026-02-05 15:45:28] DEBUG: Resolving schedule | {"context":"ScheduleResolver","employeeId":18,"date":"2026-01-20","dayOfWeek":2}
[2026-02-05 15:45:28] DEBUG: Resolving schedule | {"context":"ScheduleResolver","employeeId":19,"date":"2026-01-20","dayOfWeek":2}
[2026-02-05 15:45:28] DEBUG: Resolving schedule | {"context":"ScheduleResolver","employeeId":21,"date":"2026-01-20","dayOfWeek":2}
[2026-02-05 15:45:28] DEBUG: Found department schedule | {"context":"ScheduleResolver","employeeId":21,"departmentId":5,"isWorkDay":true,"workDays":[1,2,3,4,5]}
[2026-02-05 15:45:28] DEBUG: Resolving schedule | {"context":"ScheduleResolver","employeeId":23,"date":"2026-01-20","dayOfWeek":2}
[2026-02-05 15:45:28] DEBUG: Resolving schedule | {"context":"ScheduleResolver","employeeId":24,"date":"2026-01-20","dayOfWeek":2}
[2026-02-05 15:45:28] DEBUG: Resolving schedule | {"context":"ScheduleResolver","employeeId":25,"date":"2026-01-20","dayOfWeek":2}
[2026-02-05 15:45:28] DEBUG: Resolving schedule | {"context":"ScheduleResolver","employeeId":29,"date":"2026-01-20","dayOfWeek":2}
[2026-02-05 15:45:28] DEBUG: Found employee schedule | {"context":"ScheduleResolver","employeeId":29,"isWorkDay":true,"workDays":[1,2,3,4,5]}
[2026-02-05 15:45:28] DEBUG: Resolving schedule | {"context":"ScheduleResolver","employeeId":30,"date":"2026-01-20","dayOfWeek":2}
[2026-02-05 15:45:28] DEBUG: Found employee schedule | {"context":"ScheduleResolver","employeeId":30,"isWorkDay":true,"workDays":[1,2,3,4,5]}
[2026-02-05 15:45:28] DEBUG: Resolving schedule | {"context":"ScheduleResolver","employeeId":32,"date":"2026-01-20","dayOfWeek":2}
[2026-02-05 15:45:28] DEBUG: Found department schedule | {"context":"ScheduleResolver","employeeId":32,"departmentId":5,"isWorkDay":true,"workDays":[1,2,3,4,5]}
[2026-02-05 15:45:28] DEBUG: Resolving schedule | {"context":"ScheduleResolver","employeeId":33,"date":"2026-01-20","dayOfWeek":2}
[2026-02-05 15:45:28] DEBUG: Resolving schedule | {"context":"ScheduleResolver","employeeId":34,"date":"2026-01-20","dayOfWeek":2}
[2026-02-05 15:45:28] DEBUG: Found department schedule | {"context":"ScheduleResolver","employeeId":34,"departmentId":5,"isWorkDay":true,"workDays":[1,2,3,4,5]}
[2026-02-05 15:45:28] DEBUG: Resolving schedule | {"context":"ScheduleResolver","employeeId":35,"date":"2026-01-20","dayOfWeek":2}
[2026-02-05 15:45:28] DEBUG: Found department schedule | {"context":"ScheduleResolver","employeeId":35,"departmentId":5,"isWorkDay":true,"workDays":[1,2,3,4,5]}
[2026-02-05 15:45:28] DEBUG: Resolving schedule | {"context":"ScheduleResolver","employeeId":36,"date":"2026-01-20","dayOfWeek":2}
[2026-02-05 15:45:28] DEBUG: Resolving schedule | {"context":"ScheduleResolver","employeeId":38,"date":"2026-01-20","dayOfWeek":2}
[2026-02-05 15:45:28] DEBUG: Resolving schedule | {"context":"ScheduleResolver","employeeId":40,"date":"2026-01-20","dayOfWeek":2}
[2026-02-05 15:45:28] DEBUG: Resolving schedule | {"context":"ScheduleResolver","employeeId":41,"date":"2026-01-20","dayOfWeek":2}
[2026-02-05 15:45:28] DEBUG: Found department schedule | {"context":"ScheduleResolver","employeeId":41,"departmentId":5,"isWorkDay":true,"workDays":[1,2,3,4,5]}
[2026-02-05 15:45:28] DEBUG: Resolving schedule | {"context":"ScheduleResolver","employeeId":42,"date":"2026-01-20","dayOfWeek":2}
[2026-02-05 15:45:28] DEBUG: Resolving schedule | {"context":"ScheduleResolver","employeeId":43,"date":"2026-01-20","dayOfWeek":2}
[2026-02-05 15:45:28] DEBUG: Found employee schedule | {"context":"ScheduleResolver","employeeId":43,"isWorkDay":true,"workDays":[1,2,3,4,5]}
[2026-02-05 15:45:28] DEBUG: Resolving schedule | {"context":"ScheduleResolver","employeeId":44,"date":"2026-01-20","dayOfWeek":2}
[2026-02-05 15:45:28] DEBUG: Resolving schedule | {"context":"ScheduleResolver","employeeId":45,"date":"2026-01-20","dayOfWeek":2}
[2026-02-05 15:45:28] DEBUG: Resolving schedule | {"context":"ScheduleResolver","employeeId":46,"date":"2026-01-20","dayOfWeek":2}
[2026-02-05 15:45:28] DEBUG: Resolving schedule | {"context":"ScheduleResolver","employeeId":48,"date":"2026-01-20","dayOfWeek":2}
[2026-02-05 15:45:28] DEBUG: Resolving schedule | {"context":"ScheduleResolver","employeeId":49,"date":"2026-01-20","dayOfWeek":2}
[2026-02-05 15:45:28] DEBUG: Resolving schedule | {"context":"ScheduleResolver","employeeId":50,"date":"2026-01-20","dayOfWeek":2}
[2026-02-05 15:45:28] DEBUG: Found department schedule | {"context":"ScheduleResolver","employeeId":50,"departmentId":5,"isWorkDay":true,"workDays":[1,2,3,4,5]}
[2026-02-05 15:45:28] DEBUG: Resolving schedule | {"context":"ScheduleResolver","employeeId":51,"date":"2026-01-20","dayOfWeek":2}
[2026-02-05 15:45:28] DEBUG: Resolving schedule | {"context":"ScheduleResolver","employeeId":53,"date":"2026-01-20","dayOfWeek":2}
[2026-02-05 15:45:28] DEBUG: Resolving schedule | {"context":"ScheduleResolver","employeeId":54,"date":"2026-01-20","dayOfWeek":2}
[2026-02-05 15:45:28] DEBUG: Resolving schedule | {"context":"ScheduleResolver","employeeId":55,"date":"2026-01-20","dayOfWeek":2}
[2026-02-05 15:45:28] DEBUG: Found department schedule | {"context":"ScheduleResolver","employeeId":55,"departmentId":5,"isWorkDay":true,"workDays":[1,2,3,4,5]}
[2026-02-05 15:45:28] DEBUG: Resolving schedule | {"context":"ScheduleResolver","employeeId":56,"date":"2026-01-20","dayOfWeek":2}
[2026-02-05 15:45:28] DEBUG: Resolving schedule | {"context":"ScheduleResolver","employeeId":57,"date":"2026-01-20","dayOfWeek":2}
[2026-02-05 15:45:28] DEBUG: Resolving schedule | {"context":"ScheduleResolver","employeeId":58,"date":"2026-01-20","dayOfWeek":2}
[2026-02-05 15:45:28] DEBUG: Found department schedule | {"context":"ScheduleResolver","employeeId":58,"departmentId":5,"isWorkDay":true,"workDays":[1,2,3,4,5]}
[2026-02-05 15:45:28] DEBUG: Resolving schedule | {"context":"ScheduleResolver","employeeId":59,"date":"2026-01-20","dayOfWeek":2}
[2026-02-05 15:45:28] DEBUG: Resolving schedule | {"context":"ScheduleResolver","employeeId":60,"date":"2026-01-20","dayOfWeek":2}
[2026-02-05 15:45:28] DEBUG: Found department schedule | {"context":"ScheduleResolver","employeeId":60,"departmentId":5,"isWorkDay":true,"workDays":[1,2,3,4,5]}
[2026-02-05 15:45:28] DEBUG: Resolving schedule | {"context":"ScheduleResolver","employeeId":61,"date":"2026-01-20","dayOfWeek":2}
[2026-02-05 15:45:28] DEBUG: Resolving schedule | {"context":"ScheduleResolver","employeeId":62,"date":"2026-01-20","dayOfWeek":2}
[2026-02-05 15:45:28] DEBUG: Found department schedule | {"context":"ScheduleResolver","employeeId":62,"departmentId":5,"isWorkDay":true,"workDays":[1,2,3,4,5]}
[2026-02-05 15:45:28] DEBUG: Resolving schedule | {"context":"ScheduleResolver","employeeId":63,"date":"2026-01-20","dayOfWeek":2}
[2026-02-05 15:45:28] DEBUG: Resolving schedule | {"context":"ScheduleResolver","employeeId":64,"date":"2026-01-20","dayOfWeek":2}
[2026-02-05 15:45:28] DEBUG: Resolving schedule | {"context":"ScheduleResolver","employeeId":65,"date":"2026-01-20","dayOfWeek":2}
[2026-02-05 15:45:28] DEBUG: Resolving schedule | {"context":"ScheduleResolver","employeeId":66,"date":"2026-01-20","dayOfWeek":2}
[2026-02-05 15:45:28] DEBUG: Resolving schedule | {"context":"ScheduleResolver","employeeId":67,"date":"2026-01-20","dayOfWeek":2}
[2026-02-05 15:45:28] DEBUG: Resolving schedule | {"context":"ScheduleResolver","employeeId":68,"date":"2026-01-20","dayOfWeek":2}
[2026-02-05 15:45:28] DEBUG: Resolving schedule | {"context":"ScheduleResolver","employeeId":71,"date":"2026-01-20","dayOfWeek":2}
[2026-02-05 15:45:28] DEBUG: Found employee schedule | {"context":"ScheduleResolver","employeeId":71,"isWorkDay":true,"workDays":[1,2,3,4,5]}
[2026-02-05 15:45:28] DEBUG: Resolving schedule | {"context":"ScheduleResolver","employeeId":72,"date":"2026-01-20","dayOfWeek":2}
[2026-02-05 15:45:28] DEBUG: Resolving schedule | {"context":"ScheduleResolver","employeeId":73,"date":"2026-01-20","dayOfWeek":2}
[2026-02-05 15:45:28] DEBUG: Resolving schedule | {"context":"ScheduleResolver","employeeId":75,"date":"2026-01-20","dayOfWeek":2}
[2026-02-05 15:45:28] DEBUG: Resolving schedule | {"context":"ScheduleResolver","employeeId":3,"date":"2026-01-21","dayOfWeek":3}
[2026-02-05 15:45:28] DEBUG: Resolving schedule | {"context":"ScheduleResolver","employeeId":4,"date":"2026-01-21","dayOfWeek":3}
[2026-02-05 15:45:28] DEBUG: Resolving schedule | {"context":"ScheduleResolver","employeeId":5,"date":"2026-01-21","dayOfWeek":3}
[2026-02-05 15:45:28] DEBUG: Resolving schedule | {"context":"ScheduleResolver","employeeId":6,"date":"2026-01-21","dayOfWeek":3}
[2026-02-05 15:45:28] DEBUG: Found department schedule | {"context":"ScheduleResolver","employeeId":6,"departmentId":5,"isWorkDay":true,"workDays":[1,2,3,4,5]}
[2026-02-05 15:45:28] DEBUG: Resolving schedule | {"context":"ScheduleResolver","employeeId":10,"date":"2026-01-21","dayOfWeek":3}
[2026-02-05 15:45:28] DEBUG: Resolving schedule | {"context":"ScheduleResolver","employeeId":12,"date":"2026-01-21","dayOfWeek":3}
[2026-02-05 15:45:28] DEBUG: Resolving schedule | {"context":"ScheduleResolver","employeeId":15,"date":"2026-01-21","dayOfWeek":3}
[2026-02-05 15:45:28] DEBUG: Found employee schedule | {"context":"ScheduleResolver","employeeId":15,"isWorkDay":true,"workDays":[1,2,3,4,5]}
[2026-02-05 15:45:28] DEBUG: Resolving schedule | {"context":"ScheduleResolver","employeeId":18,"date":"2026-01-21","dayOfWeek":3}
[2026-02-05 15:45:28] DEBUG: Resolving schedule | {"context":"ScheduleResolver","employeeId":19,"date":"2026-01-21","dayOfWeek":3}
[2026-02-05 15:45:28] DEBUG: Resolving schedule | {"context":"ScheduleResolver","employeeId":21,"date":"2026-01-21","dayOfWeek":3}
[2026-02-05 15:45:28] DEBUG: Found department schedule | {"context":"ScheduleResolver","employeeId":21,"departmentId":5,"isWorkDay":true,"workDays":[1,2,3,4,5]}
[2026-02-05 15:45:28] DEBUG: Resolving schedule | {"context":"ScheduleResolver","employeeId":23,"date":"2026-01-21","dayOfWeek":3}
[2026-02-05 15:45:28] DEBUG: Resolving schedule | {"context":"ScheduleResolver","employeeId":24,"date":"2026-01-21","dayOfWeek":3}
[2026-02-05 15:45:28] DEBUG: Resolving schedule | {"context":"ScheduleResolver","employeeId":25,"date":"2026-01-21","dayOfWeek":3}
[2026-02-05 15:45:28] DEBUG: Resolving schedule | {"context":"ScheduleResolver","employeeId":28,"date":"2026-01-21","dayOfWeek":3}
[2026-02-05 15:45:28] DEBUG: Found employee schedule | {"context":"ScheduleResolver","employeeId":28,"isWorkDay":true,"workDays":[1,3,5]}
[2026-02-05 15:45:28] DEBUG: Resolving schedule | {"context":"ScheduleResolver","employeeId":29,"date":"2026-01-21","dayOfWeek":3}
[2026-02-05 15:45:28] DEBUG: Found employee schedule | {"context":"ScheduleResolver","employeeId":29,"isWorkDay":true,"workDays":[1,2,3,4,5]}
[2026-02-05 15:45:28] DEBUG: Resolving schedule | {"context":"ScheduleResolver","employeeId":30,"date":"2026-01-21","dayOfWeek":3}
[2026-02-05 15:45:28] DEBUG: Found employee schedule | {"context":"ScheduleResolver","employeeId":30,"isWorkDay":true,"workDays":[1,2,3,4,5]}
[2026-02-05 15:45:28] DEBUG: Resolving schedule | {"context":"ScheduleResolver","employeeId":32,"date":"2026-01-21","dayOfWeek":3}
[2026-02-05 15:45:28] DEBUG: Found department schedule | {"context":"ScheduleResolver","employeeId":32,"departmentId":5,"isWorkDay":true,"workDays":[1,2,3,4,5]}
[2026-02-05 15:45:28] DEBUG: Resolving schedule | {"context":"ScheduleResolver","employeeId":33,"date":"2026-01-21","dayOfWeek":3}
[2026-02-05 15:45:28] DEBUG: Resolving schedule | {"context":"ScheduleResolver","employeeId":35,"date":"2026-01-21","dayOfWeek":3}
[2026-02-05 15:45:28] DEBUG: Found department schedule | {"context":"ScheduleResolver","employeeId":35,"departmentId":5,"isWorkDay":true,"workDays":[1,2,3,4,5]}
[2026-02-05 15:45:28] DEBUG: Resolving schedule | {"context":"ScheduleResolver","employeeId":36,"date":"2026-01-21","dayOfWeek":3}
[2026-02-05 15:45:28] DEBUG: Resolving schedule | {"context":"ScheduleResolver","employeeId":38,"date":"2026-01-21","dayOfWeek":3}
[2026-02-05 15:45:28] DEBUG: Resolving schedule | {"context":"ScheduleResolver","employeeId":40,"date":"2026-01-21","dayOfWeek":3}
[2026-02-05 15:45:28] DEBUG: Resolving schedule | {"context":"ScheduleResolver","employeeId":41,"date":"2026-01-21","dayOfWeek":3}
[2026-02-05 15:45:28] DEBUG: Found department schedule | {"context":"ScheduleResolver","employeeId":41,"departmentId":5,"isWorkDay":true,"workDays":[1,2,3,4,5]}
[2026-02-05 15:45:28] DEBUG: Resolving schedule | {"context":"ScheduleResolver","employeeId":42,"date":"2026-01-21","dayOfWeek":3}
[2026-02-05 15:45:28] DEBUG: Resolving schedule | {"context":"ScheduleResolver","employeeId":43,"date":"2026-01-21","dayOfWeek":3}
[2026-02-05 15:45:28] DEBUG: Found employee schedule | {"context":"ScheduleResolver","employeeId":43,"isWorkDay":true,"workDays":[1,2,3,4,5]}
[2026-02-05 15:45:28] DEBUG: Resolving schedule | {"context":"ScheduleResolver","employeeId":44,"date":"2026-01-21","dayOfWeek":3}
[2026-02-05 15:45:28] DEBUG: Resolving schedule | {"context":"ScheduleResolver","employeeId":45,"date":"2026-01-21","dayOfWeek":3}
[2026-02-05 15:45:28] DEBUG: Resolving schedule | {"context":"ScheduleResolver","employeeId":46,"date":"2026-01-21","dayOfWeek":3}
[2026-02-05 15:45:28] DEBUG: Resolving schedule | {"context":"ScheduleResolver","employeeId":48,"date":"2026-01-21","dayOfWeek":3}
[2026-02-05 15:45:28] DEBUG: Resolving schedule | {"context":"ScheduleResolver","employeeId":49,"date":"2026-01-21","dayOfWeek":3}
[2026-02-05 15:45:28] DEBUG: Resolving schedule | {"context":"ScheduleResolver","employeeId":50,"date":"2026-01-21","dayOfWeek":3}
[2026-02-05 15:45:28] DEBUG: Found department schedule | {"context":"ScheduleResolver","employeeId":50,"departmentId":5,"isWorkDay":true,"workDays":[1,2,3,4,5]}
[2026-02-05 15:45:28] DEBUG: Resolving schedule | {"context":"ScheduleResolver","employeeId":51,"date":"2026-01-21","dayOfWeek":3}
[2026-02-05 15:45:28] DEBUG: Resolving schedule | {"context":"ScheduleResolver","employeeId":52,"date":"2026-01-21","dayOfWeek":3}
[2026-02-05 15:45:28] DEBUG: Resolving schedule | {"context":"ScheduleResolver","employeeId":54,"date":"2026-01-21","dayOfWeek":3}
[2026-02-05 15:45:28] DEBUG: Resolving schedule | {"context":"ScheduleResolver","employeeId":55,"date":"2026-01-21","dayOfWeek":3}
[2026-02-05 15:45:28] DEBUG: Found department schedule | {"context":"ScheduleResolver","employeeId":55,"departmentId":5,"isWorkDay":true,"workDays":[1,2,3,4,5]}
[2026-02-05 15:45:28] DEBUG: Resolving schedule | {"context":"ScheduleResolver","employeeId":56,"date":"2026-01-21","dayOfWeek":3}
[2026-02-05 15:45:28] DEBUG: Resolving schedule | {"context":"ScheduleResolver","employeeId":57,"date":"2026-01-21","dayOfWeek":3}
[2026-02-05 15:45:28] DEBUG: Resolving schedule | {"context":"ScheduleResolver","employeeId":58,"date":"2026-01-21","dayOfWeek":3}
[2026-02-05 15:45:28] DEBUG: Found department schedule | {"context":"ScheduleResolver","employeeId":58,"departmentId":5,"isWorkDay":true,"workDays":[1,2,3,4,5]}
[2026-02-05 15:45:28] DEBUG: Resolving schedule | {"context":"ScheduleResolver","employeeId":59,"date":"2026-01-21","dayOfWeek":3}
[2026-02-05 15:45:28] DEBUG: Resolving schedule | {"context":"ScheduleResolver","employeeId":60,"date":"2026-01-21","dayOfWeek":3}
[2026-02-05 15:45:28] DEBUG: Found department schedule | {"context":"ScheduleResolver","employeeId":60,"departmentId":5,"isWorkDay":true,"workDays":[1,2,3,4,5]}
[2026-02-05 15:45:28] DEBUG: Resolving schedule | {"context":"ScheduleResolver","employeeId":61,"date":"2026-01-21","dayOfWeek":3}
[2026-02-05 15:45:28] DEBUG: Resolving schedule | {"context":"ScheduleResolver","employeeId":62,"date":"2026-01-21","dayOfWeek":3}
[2026-02-05 15:45:28] DEBUG: Found department schedule | {"context":"ScheduleResolver","employeeId":62,"departmentId":5,"isWorkDay":true,"workDays":[1,2,3,4,5]}
[2026-02-05 15:45:28] DEBUG: Resolving schedule | {"context":"ScheduleResolver","employeeId":63,"date":"2026-01-21","dayOfWeek":3}
[2026-02-05 15:45:28] DEBUG: Resolving schedule | {"context":"ScheduleResolver","employeeId":65,"date":"2026-01-21","dayOfWeek":3}
[2026-02-05 15:45:28] DEBUG: Resolving schedule | {"context":"ScheduleResolver","employeeId":66,"date":"2026-01-21","dayOfWeek":3}
[2026-02-05 15:45:28] DEBUG: Resolving schedule | {"context":"ScheduleResolver","employeeId":67,"date":"2026-01-21","dayOfWeek":3}
[2026-02-05 15:45:28] DEBUG: Resolving schedule | {"context":"ScheduleResolver","employeeId":68,"date":"2026-01-21","dayOfWeek":3}
[2026-02-05 15:45:28] DEBUG: Resolving schedule | {"context":"ScheduleResolver","employeeId":71,"date":"2026-01-21","dayOfWeek":3}
[2026-02-05 15:45:28] DEBUG: Found employee schedule | {"context":"ScheduleResolver","employeeId":71,"isWorkDay":true,"workDays":[1,2,3,4,5]}
[2026-02-05 15:45:28] DEBUG: Resolving schedule | {"context":"ScheduleResolver","employeeId":72,"date":"2026-01-21","dayOfWeek":3}
[2026-02-05 15:45:28] DEBUG: Resolving schedule | {"context":"ScheduleResolver","employeeId":73,"date":"2026-01-21","dayOfWeek":3}
[2026-02-05 15:45:28] DEBUG: Resolving schedule | {"context":"ScheduleResolver","employeeId":75,"date":"2026-01-21","dayOfWeek":3}
[2026-02-05 15:45:28] DEBUG: Resolving schedule | {"context":"ScheduleResolver","employeeId":1,"date":"2026-01-22","dayOfWeek":4}
[2026-02-05 15:45:28] DEBUG: Found employee schedule | {"context":"ScheduleResolver","employeeId":1,"isWorkDay":false,"workDays":[1,3,5]}
[2026-02-05 15:45:28] DEBUG: Resolving schedule | {"context":"ScheduleResolver","employeeId":2,"date":"2026-01-22","dayOfWeek":4}
[2026-02-05 15:45:28] DEBUG: Found employee schedule | {"context":"ScheduleResolver","employeeId":2,"isWorkDay":true,"workDays":[2,4,6]}
[2026-02-05 15:45:28] DEBUG: Resolving schedule | {"context":"ScheduleResolver","employeeId":3,"date":"2026-01-22","dayOfWeek":4}
[2026-02-05 15:45:28] DEBUG: Found exception for employee | {"context":"ScheduleResolver","employeeId":3,"date":"2026-01-22","type":"special","reason":""}
[2026-02-05 15:45:28] DEBUG: Resolving schedule | {"context":"ScheduleResolver","employeeId":4,"date":"2026-01-22","dayOfWeek":4}
[2026-02-05 15:45:28] DEBUG: Found exception for employee | {"context":"ScheduleResolver","employeeId":4,"date":"2026-01-22","type":"special","reason":""}
[2026-02-05 15:45:28] DEBUG: Resolving schedule | {"context":"ScheduleResolver","employeeId":5,"date":"2026-01-22","dayOfWeek":4}
[2026-02-05 15:45:28] DEBUG: Found exception for employee | {"context":"ScheduleResolver","employeeId":5,"date":"2026-01-22","type":"special","reason":""}
[2026-02-05 15:45:28] DEBUG: Resolving schedule | {"context":"ScheduleResolver","employeeId":6,"date":"2026-01-22","dayOfWeek":4}
[2026-02-05 15:45:28] DEBUG: Found exception for employee | {"context":"ScheduleResolver","employeeId":6,"date":"2026-01-22","type":"special","reason":""}
[2026-02-05 15:45:28] DEBUG: Resolving schedule | {"context":"ScheduleResolver","employeeId":7,"date":"2026-01-22","dayOfWeek":4}
[2026-02-05 15:45:28] DEBUG: Found exception for employee | {"context":"ScheduleResolver","employeeId":7,"date":"2026-01-22","type":"special","reason":""}
[2026-02-05 15:45:28] DEBUG: Resolving schedule | {"context":"ScheduleResolver","employeeId":10,"date":"2026-01-22","dayOfWeek":4}
[2026-02-05 15:45:28] DEBUG: Found exception for employee | {"context":"ScheduleResolver","employeeId":10,"date":"2026-01-22","type":"special","reason":""}
[2026-02-05 15:45:28] DEBUG: Resolving schedule | {"context":"ScheduleResolver","employeeId":12,"date":"2026-01-22","dayOfWeek":4}
[2026-02-05 15:45:28] DEBUG: Found exception for employee | {"context":"ScheduleResolver","employeeId":12,"date":"2026-01-22","type":"special","reason":""}
[2026-02-05 15:45:28] DEBUG: Resolving schedule | {"context":"ScheduleResolver","employeeId":15,"date":"2026-01-22","dayOfWeek":4}
[2026-02-05 15:45:28] DEBUG: Found exception for employee | {"context":"ScheduleResolver","employeeId":15,"date":"2026-01-22","type":"special","reason":""}
[2026-02-05 15:45:28] DEBUG: Resolving schedule | {"context":"ScheduleResolver","employeeId":19,"date":"2026-01-22","dayOfWeek":4}
[2026-02-05 15:45:28] DEBUG: Found exception for employee | {"context":"ScheduleResolver","employeeId":19,"date":"2026-01-22","type":"special","reason":""}
[2026-02-05 15:45:28] DEBUG: Resolving schedule | {"context":"ScheduleResolver","employeeId":21,"date":"2026-01-22","dayOfWeek":4}
[2026-02-05 15:45:28] DEBUG: Found exception for employee | {"context":"ScheduleResolver","employeeId":21,"date":"2026-01-22","type":"special","reason":""}
[2026-02-05 15:45:28] DEBUG: Resolving schedule | {"context":"ScheduleResolver","employeeId":23,"date":"2026-01-22","dayOfWeek":4}
[2026-02-05 15:45:28] DEBUG: Found exception for employee | {"context":"ScheduleResolver","employeeId":23,"date":"2026-01-22","type":"special","reason":""}
[2026-02-05 15:45:28] DEBUG: Resolving schedule | {"context":"ScheduleResolver","employeeId":24,"date":"2026-01-22","dayOfWeek":4}
[2026-02-05 15:45:28] DEBUG: Found exception for employee | {"context":"ScheduleResolver","employeeId":24,"date":"2026-01-22","type":"special","reason":""}
[2026-02-05 15:45:28] DEBUG: Resolving schedule | {"context":"ScheduleResolver","employeeId":25,"date":"2026-01-22","dayOfWeek":4}
[2026-02-05 15:45:28] DEBUG: Found exception for employee | {"context":"ScheduleResolver","employeeId":25,"date":"2026-01-22","type":"special","reason":""}
[2026-02-05 15:45:28] DEBUG: Resolving schedule | {"context":"ScheduleResolver","employeeId":27,"date":"2026-01-22","dayOfWeek":4}
[2026-02-05 15:45:28] DEBUG: Found exception for employee | {"context":"ScheduleResolver","employeeId":27,"date":"2026-01-22","type":"special","reason":""}
[2026-02-05 15:45:28] DEBUG: Resolving schedule | {"context":"ScheduleResolver","employeeId":29,"date":"2026-01-22","dayOfWeek":4}
[2026-02-05 15:45:28] DEBUG: Found exception for employee | {"context":"ScheduleResolver","employeeId":29,"date":"2026-01-22","type":"special","reason":""}
[2026-02-05 15:45:28] DEBUG: Resolving schedule | {"context":"ScheduleResolver","employeeId":30,"date":"2026-01-22","dayOfWeek":4}
[2026-02-05 15:45:28] DEBUG: Found employee schedule | {"context":"ScheduleResolver","employeeId":30,"isWorkDay":true,"workDays":[1,2,3,4,5]}
[2026-02-05 15:45:28] DEBUG: Resolving schedule | {"context":"ScheduleResolver","employeeId":32,"date":"2026-01-22","dayOfWeek":4}
[2026-02-05 15:45:28] DEBUG: Found exception for employee | {"context":"ScheduleResolver","employeeId":32,"date":"2026-01-22","type":"special","reason":""}
[2026-02-05 15:45:28] DEBUG: Resolving schedule | {"context":"ScheduleResolver","employeeId":33,"date":"2026-01-22","dayOfWeek":4}
[2026-02-05 15:45:28] DEBUG: Found exception for employee | {"context":"ScheduleResolver","employeeId":33,"date":"2026-01-22","type":"special","reason":""}
[2026-02-05 15:45:28] DEBUG: Resolving schedule | {"context":"ScheduleResolver","employeeId":34,"date":"2026-01-22","dayOfWeek":4}
[2026-02-05 15:45:28] DEBUG: Found exception for employee | {"context":"ScheduleResolver","employeeId":34,"date":"2026-01-22","type":"special","reason":""}
[2026-02-05 15:45:28] DEBUG: Resolving schedule | {"context":"ScheduleResolver","employeeId":35,"date":"2026-01-22","dayOfWeek":4}
[2026-02-05 15:45:28] DEBUG: Found exception for employee | {"context":"ScheduleResolver","employeeId":35,"date":"2026-01-22","type":"special","reason":""}
[2026-02-05 15:45:28] DEBUG: Resolving schedule | {"context":"ScheduleResolver","employeeId":38,"date":"2026-01-22","dayOfWeek":4}
[2026-02-05 15:45:28] DEBUG: Found exception for employee | {"context":"ScheduleResolver","employeeId":38,"date":"2026-01-22","type":"special","reason":""}
[2026-02-05 15:45:28] DEBUG: Resolving schedule | {"context":"ScheduleResolver","employeeId":40,"date":"2026-01-22","dayOfWeek":4}
[2026-02-05 15:45:28] DEBUG: Found exception for employee | {"context":"ScheduleResolver","employeeId":40,"date":"2026-01-22","type":"special","reason":""}
[2026-02-05 15:45:28] DEBUG: Resolving schedule | {"context":"ScheduleResolver","employeeId":41,"date":"2026-01-22","dayOfWeek":4}
[2026-02-05 15:45:28] DEBUG: Found exception for employee | {"context":"ScheduleResolver","employeeId":41,"date":"2026-01-22","type":"special","reason":""}
[2026-02-05 15:45:28] DEBUG: Resolving schedule | {"context":"ScheduleResolver","employeeId":42,"date":"2026-01-22","dayOfWeek":4}
[2026-02-05 15:45:28] DEBUG: Found exception for employee | {"context":"ScheduleResolver","employeeId":42,"date":"2026-01-22","type":"special","reason":""}
[2026-02-05 15:45:28] DEBUG: Resolving schedule | {"context":"ScheduleResolver","employeeId":43,"date":"2026-01-22","dayOfWeek":4}
[2026-02-05 15:45:28] DEBUG: Found exception for employee | {"context":"ScheduleResolver","employeeId":43,"date":"2026-01-22","type":"special","reason":""}
[2026-02-05 15:45:28] DEBUG: Resolving schedule | {"context":"ScheduleResolver","employeeId":44,"date":"2026-01-22","dayOfWeek":4}
[2026-02-05 15:45:28] DEBUG: Found exception for employee | {"context":"ScheduleResolver","employeeId":44,"date":"2026-01-22","type":"special","reason":""}
[2026-02-05 15:45:28] DEBUG: Resolving schedule | {"context":"ScheduleResolver","employeeId":45,"date":"2026-01-22","dayOfWeek":4}
[2026-02-05 15:45:28] DEBUG: Found exception for employee | {"context":"ScheduleResolver","employeeId":45,"date":"2026-01-22","type":"special","reason":""}
[2026-02-05 15:45:28] DEBUG: Resolving schedule | {"context":"ScheduleResolver","employeeId":46,"date":"2026-01-22","dayOfWeek":4}
[2026-02-05 15:45:28] DEBUG: Found exception for employee | {"context":"ScheduleResolver","employeeId":46,"date":"2026-01-22","type":"special","reason":""}
[2026-02-05 15:45:28] DEBUG: Resolving schedule | {"context":"ScheduleResolver","employeeId":48,"date":"2026-01-22","dayOfWeek":4}
[2026-02-05 15:45:28] DEBUG: Found exception for employee | {"context":"ScheduleResolver","employeeId":48,"date":"2026-01-22","type":"special","reason":""}
[2026-02-05 15:45:28] DEBUG: Resolving schedule | {"context":"ScheduleResolver","employeeId":49,"date":"2026-01-22","dayOfWeek":4}
[2026-02-05 15:45:28] DEBUG: Found exception for employee | {"context":"ScheduleResolver","employeeId":49,"date":"2026-01-22","type":"special","reason":""}
[2026-02-05 15:45:28] DEBUG: Resolving schedule | {"context":"ScheduleResolver","employeeId":50,"date":"2026-01-22","dayOfWeek":4}
[2026-02-05 15:45:28] DEBUG: Found exception for employee | {"context":"ScheduleResolver","employeeId":50,"date":"2026-01-22","type":"special","reason":""}
[2026-02-05 15:45:28] DEBUG: Resolving schedule | {"context":"ScheduleResolver","employeeId":51,"date":"2026-01-22","dayOfWeek":4}
[2026-02-05 15:45:28] DEBUG: Found exception for employee | {"context":"ScheduleResolver","employeeId":51,"date":"2026-01-22","type":"special","reason":""}
[2026-02-05 15:45:28] DEBUG: Resolving schedule | {"context":"ScheduleResolver","employeeId":52,"date":"2026-01-22","dayOfWeek":4}
[2026-02-05 15:45:28] DEBUG: Found exception for employee | {"context":"ScheduleResolver","employeeId":52,"date":"2026-01-22","type":"special","reason":""}
[2026-02-05 15:45:28] DEBUG: Resolving schedule | {"context":"ScheduleResolver","employeeId":54,"date":"2026-01-22","dayOfWeek":4}
[2026-02-05 15:45:28] DEBUG: Found exception for employee | {"context":"ScheduleResolver","employeeId":54,"date":"2026-01-22","type":"special","reason":""}
[2026-02-05 15:45:28] DEBUG: Resolving schedule | {"context":"ScheduleResolver","employeeId":55,"date":"2026-01-22","dayOfWeek":4}
[2026-02-05 15:45:28] DEBUG: Found exception for employee | {"context":"ScheduleResolver","employeeId":55,"date":"2026-01-22","type":"special","reason":""}
[2026-02-05 15:45:28] DEBUG: Resolving schedule | {"context":"ScheduleResolver","employeeId":56,"date":"2026-01-22","dayOfWeek":4}
[2026-02-05 15:45:28] DEBUG: Found exception for employee | {"context":"ScheduleResolver","employeeId":56,"date":"2026-01-22","type":"special","reason":""}
[2026-02-05 15:45:28] DEBUG: Resolving schedule | {"context":"ScheduleResolver","employeeId":57,"date":"2026-01-22","dayOfWeek":4}
[2026-02-05 15:45:28] DEBUG: Found exception for employee | {"context":"ScheduleResolver","employeeId":57,"date":"2026-01-22","type":"special","reason":""}
[2026-02-05 15:45:28] DEBUG: Resolving schedule | {"context":"ScheduleResolver","employeeId":58,"date":"2026-01-22","dayOfWeek":4}
[2026-02-05 15:45:28] DEBUG: Found exception for employee | {"context":"ScheduleResolver","employeeId":58,"date":"2026-01-22","type":"special","reason":""}
[2026-02-05 15:45:28] DEBUG: Resolving schedule | {"context":"ScheduleResolver","employeeId":59,"date":"2026-01-22","dayOfWeek":4}
[2026-02-05 15:45:28] DEBUG: Found exception for employee | {"context":"ScheduleResolver","employeeId":59,"date":"2026-01-22","type":"special","reason":""}
[2026-02-05 15:45:28] DEBUG: Resolving schedule | {"context":"ScheduleResolver","employeeId":60,"date":"2026-01-22","dayOfWeek":4}
[2026-02-05 15:45:28] DEBUG: Found exception for employee | {"context":"ScheduleResolver","employeeId":60,"date":"2026-01-22","type":"special","reason":""}
[2026-02-05 15:45:28] DEBUG: Resolving schedule | {"context":"ScheduleResolver","employeeId":61,"date":"2026-01-22","dayOfWeek":4}
[2026-02-05 15:45:28] DEBUG: Found exception for employee | {"context":"ScheduleResolver","employeeId":61,"date":"2026-01-22","type":"special","reason":""}
[2026-02-05 15:45:28] DEBUG: Resolving schedule | {"context":"ScheduleResolver","employeeId":62,"date":"2026-01-22","dayOfWeek":4}
[2026-02-05 15:45:28] DEBUG: Found exception for employee | {"context":"ScheduleResolver","employeeId":62,"date":"2026-01-22","type":"special","reason":""}
[2026-02-05 15:45:28] DEBUG: Resolving schedule | {"context":"ScheduleResolver","employeeId":63,"date":"2026-01-22","dayOfWeek":4}
[2026-02-05 15:45:28] DEBUG: Found exception for employee | {"context":"ScheduleResolver","employeeId":63,"date":"2026-01-22","type":"special","reason":""}
[2026-02-05 15:45:28] DEBUG: Resolving schedule | {"context":"ScheduleResolver","employeeId":65,"date":"2026-01-22","dayOfWeek":4}
[2026-02-05 15:45:28] DEBUG: Found exception for employee | {"context":"ScheduleResolver","employeeId":65,"date":"2026-01-22","type":"special","reason":""}
[2026-02-05 15:45:28] DEBUG: Resolving schedule | {"context":"ScheduleResolver","employeeId":66,"date":"2026-01-22","dayOfWeek":4}
[2026-02-05 15:45:28] DEBUG: Found exception for employee | {"context":"ScheduleResolver","employeeId":66,"date":"2026-01-22","type":"special","reason":""}
[2026-02-05 15:45:28] DEBUG: Resolving schedule | {"context":"ScheduleResolver","employeeId":67,"date":"2026-01-22","dayOfWeek":4}
[2026-02-05 15:45:28] DEBUG: Found exception for employee | {"context":"ScheduleResolver","employeeId":67,"date":"2026-01-22","type":"special","reason":""}
[2026-02-05 15:45:28] DEBUG: Resolving schedule | {"context":"ScheduleResolver","employeeId":68,"date":"2026-01-22","dayOfWeek":4}
[2026-02-05 15:45:28] DEBUG: Found exception for employee | {"context":"ScheduleResolver","employeeId":68,"date":"2026-01-22","type":"special","reason":""}
[2026-02-05 15:45:28] DEBUG: Resolving schedule | {"context":"ScheduleResolver","employeeId":71,"date":"2026-01-22","dayOfWeek":4}
[2026-02-05 15:45:28] DEBUG: Found exception for employee | {"context":"ScheduleResolver","employeeId":71,"date":"2026-01-22","type":"special","reason":""}
[2026-02-05 15:45:28] DEBUG: Resolving schedule | {"context":"ScheduleResolver","employeeId":72,"date":"2026-01-22","dayOfWeek":4}
[2026-02-05 15:45:28] DEBUG: Found exception for employee | {"context":"ScheduleResolver","employeeId":72,"date":"2026-01-22","type":"special","reason":""}
[2026-02-05 15:45:28] DEBUG: Resolving schedule | {"context":"ScheduleResolver","employeeId":73,"date":"2026-01-22","dayOfWeek":4}
[2026-02-05 15:45:28] DEBUG: Found exception for employee | {"context":"ScheduleResolver","employeeId":73,"date":"2026-01-22","type":"special","reason":""}
[2026-02-05 15:45:28] DEBUG: Resolving schedule | {"context":"ScheduleResolver","employeeId":75,"date":"2026-01-22","dayOfWeek":4}
[2026-02-05 15:45:28] DEBUG: Found exception for employee | {"context":"ScheduleResolver","employeeId":75,"date":"2026-01-22","type":"special","reason":""}
[2026-02-05 15:45:28] DEBUG: Resolving schedule | {"context":"ScheduleResolver","employeeId":1,"date":"2026-01-23","dayOfWeek":5}
[2026-02-05 15:45:28] DEBUG: Found employee schedule | {"context":"ScheduleResolver","employeeId":1,"isWorkDay":true,"workDays":[1,3,5]}
[2026-02-05 15:45:28] DEBUG: Resolving schedule | {"context":"ScheduleResolver","employeeId":3,"date":"2026-01-23","dayOfWeek":5}
[2026-02-05 15:45:28] DEBUG: Resolving schedule | {"context":"ScheduleResolver","employeeId":4,"date":"2026-01-23","dayOfWeek":5}
[2026-02-05 15:45:28] DEBUG: Resolving schedule | {"context":"ScheduleResolver","employeeId":5,"date":"2026-01-23","dayOfWeek":5}
[2026-02-05 15:45:28] DEBUG: Resolving schedule | {"context":"ScheduleResolver","employeeId":6,"date":"2026-01-23","dayOfWeek":5}
[2026-02-05 15:45:28] DEBUG: Found department schedule | {"context":"ScheduleResolver","employeeId":6,"departmentId":5,"isWorkDay":true,"workDays":[1,2,3,4,5]}
[2026-02-05 15:45:28] DEBUG: Resolving schedule | {"context":"ScheduleResolver","employeeId":10,"date":"2026-01-23","dayOfWeek":5}
[2026-02-05 15:45:28] DEBUG: Resolving schedule | {"context":"ScheduleResolver","employeeId":12,"date":"2026-01-23","dayOfWeek":5}
[2026-02-05 15:45:28] DEBUG: Resolving schedule | {"context":"ScheduleResolver","employeeId":15,"date":"2026-01-23","dayOfWeek":5}
[2026-02-05 15:45:28] DEBUG: Found employee schedule | {"context":"ScheduleResolver","employeeId":15,"isWorkDay":true,"workDays":[1,2,3,4,5]}
[2026-02-05 15:45:28] DEBUG: Resolving schedule | {"context":"ScheduleResolver","employeeId":18,"date":"2026-01-23","dayOfWeek":5}
[2026-02-05 15:45:28] DEBUG: Resolving schedule | {"context":"ScheduleResolver","employeeId":19,"date":"2026-01-23","dayOfWeek":5}
[2026-02-05 15:45:28] DEBUG: Resolving schedule | {"context":"ScheduleResolver","employeeId":21,"date":"2026-01-23","dayOfWeek":5}
[2026-02-05 15:45:28] DEBUG: Found department schedule | {"context":"ScheduleResolver","employeeId":21,"departmentId":5,"isWorkDay":true,"workDays":[1,2,3,4,5]}
[2026-02-05 15:45:28] DEBUG: Resolving schedule | {"context":"ScheduleResolver","employeeId":23,"date":"2026-01-23","dayOfWeek":5}
[2026-02-05 15:45:28] DEBUG: Resolving schedule | {"context":"ScheduleResolver","employeeId":24,"date":"2026-01-23","dayOfWeek":5}
[2026-02-05 15:45:28] DEBUG: Resolving schedule | {"context":"ScheduleResolver","employeeId":25,"date":"2026-01-23","dayOfWeek":5}
[2026-02-05 15:45:28] DEBUG: Resolving schedule | {"context":"ScheduleResolver","employeeId":27,"date":"2026-01-23","dayOfWeek":5}
[2026-02-05 15:45:28] DEBUG: Found department schedule | {"context":"ScheduleResolver","employeeId":27,"departmentId":5,"isWorkDay":true,"workDays":[1,2,3,4,5]}
[2026-02-05 15:45:28] DEBUG: Resolving schedule | {"context":"ScheduleResolver","employeeId":28,"date":"2026-01-23","dayOfWeek":5}
[2026-02-05 15:45:28] DEBUG: Found employee schedule | {"context":"ScheduleResolver","employeeId":28,"isWorkDay":true,"workDays":[1,3,5]}
[2026-02-05 15:45:28] DEBUG: Resolving schedule | {"context":"ScheduleResolver","employeeId":29,"date":"2026-01-23","dayOfWeek":5}
[2026-02-05 15:45:28] DEBUG: Found employee schedule | {"context":"ScheduleResolver","employeeId":29,"isWorkDay":true,"workDays":[1,2,3,4,5]}
[2026-02-05 15:45:28] DEBUG: Resolving schedule | {"context":"ScheduleResolver","employeeId":30,"date":"2026-01-23","dayOfWeek":5}
[2026-02-05 15:45:28] DEBUG: Found employee schedule | {"context":"ScheduleResolver","employeeId":30,"isWorkDay":true,"workDays":[1,2,3,4,5]}
[2026-02-05 15:45:28] DEBUG: Resolving schedule | {"context":"ScheduleResolver","employeeId":32,"date":"2026-01-23","dayOfWeek":5}
[2026-02-05 15:45:28] DEBUG: Found department schedule | {"context":"ScheduleResolver","employeeId":32,"departmentId":5,"isWorkDay":true,"workDays":[1,2,3,4,5]}
[2026-02-05 15:45:28] DEBUG: Resolving schedule | {"context":"ScheduleResolver","employeeId":33,"date":"2026-01-23","dayOfWeek":5}
[2026-02-05 15:45:28] DEBUG: Resolving schedule | {"context":"ScheduleResolver","employeeId":35,"date":"2026-01-23","dayOfWeek":5}
[2026-02-05 15:45:28] DEBUG: Found department schedule | {"context":"ScheduleResolver","employeeId":35,"departmentId":5,"isWorkDay":true,"workDays":[1,2,3,4,5]}
[2026-02-05 15:45:28] DEBUG: Resolving schedule | {"context":"ScheduleResolver","employeeId":36,"date":"2026-01-23","dayOfWeek":5}
[2026-02-05 15:45:28] DEBUG: Resolving schedule | {"context":"ScheduleResolver","employeeId":38,"date":"2026-01-23","dayOfWeek":5}
[2026-02-05 15:45:28] DEBUG: Resolving schedule | {"context":"ScheduleResolver","employeeId":40,"date":"2026-01-23","dayOfWeek":5}
[2026-02-05 15:45:28] DEBUG: Resolving schedule | {"context":"ScheduleResolver","employeeId":42,"date":"2026-01-23","dayOfWeek":5}
[2026-02-05 15:45:28] DEBUG: Resolving schedule | {"context":"ScheduleResolver","employeeId":43,"date":"2026-01-23","dayOfWeek":5}
[2026-02-05 15:45:28] DEBUG: Found employee schedule | {"context":"ScheduleResolver","employeeId":43,"isWorkDay":true,"workDays":[1,2,3,4,5]}
[2026-02-05 15:45:28] DEBUG: Resolving schedule | {"context":"ScheduleResolver","employeeId":44,"date":"2026-01-23","dayOfWeek":5}
[2026-02-05 15:45:28] DEBUG: Resolving schedule | {"context":"ScheduleResolver","employeeId":45,"date":"2026-01-23","dayOfWeek":5}
[2026-02-05 15:45:28] DEBUG: Resolving schedule | {"context":"ScheduleResolver","employeeId":46,"date":"2026-01-23","dayOfWeek":5}
[2026-02-05 15:45:28] DEBUG: Resolving schedule | {"context":"ScheduleResolver","employeeId":47,"date":"2026-01-23","dayOfWeek":5}
[2026-02-05 15:45:28] DEBUG: Resolving schedule | {"context":"ScheduleResolver","employeeId":48,"date":"2026-01-23","dayOfWeek":5}
[2026-02-05 15:45:28] DEBUG: Resolving schedule | {"context":"ScheduleResolver","employeeId":49,"date":"2026-01-23","dayOfWeek":5}
[2026-02-05 15:45:28] DEBUG: Resolving schedule | {"context":"ScheduleResolver","employeeId":50,"date":"2026-01-23","dayOfWeek":5}
[2026-02-05 15:45:28] DEBUG: Found department schedule | {"context":"ScheduleResolver","employeeId":50,"departmentId":5,"isWorkDay":true,"workDays":[1,2,3,4,5]}
[2026-02-05 15:45:28] DEBUG: Resolving schedule | {"context":"ScheduleResolver","employeeId":51,"date":"2026-01-23","dayOfWeek":5}
[2026-02-05 15:45:28] DEBUG: Resolving schedule | {"context":"ScheduleResolver","employeeId":52,"date":"2026-01-23","dayOfWeek":5}
[2026-02-05 15:45:28] DEBUG: Resolving schedule | {"context":"ScheduleResolver","employeeId":53,"date":"2026-01-23","dayOfWeek":5}
[2026-02-05 15:45:28] DEBUG: Resolving schedule | {"context":"ScheduleResolver","employeeId":54,"date":"2026-01-23","dayOfWeek":5}
[2026-02-05 15:45:28] DEBUG: Resolving schedule | {"context":"ScheduleResolver","employeeId":55,"date":"2026-01-23","dayOfWeek":5}
[2026-02-05 15:45:28] DEBUG: Found department schedule | {"context":"ScheduleResolver","employeeId":55,"departmentId":5,"isWorkDay":true,"workDays":[1,2,3,4,5]}
[2026-02-05 15:45:28] DEBUG: Resolving schedule | {"context":"ScheduleResolver","employeeId":56,"date":"2026-01-23","dayOfWeek":5}
[2026-02-05 15:45:28] DEBUG: Resolving schedule | {"context":"ScheduleResolver","employeeId":57,"date":"2026-01-23","dayOfWeek":5}
[2026-02-05 15:45:28] DEBUG: Resolving schedule | {"context":"ScheduleResolver","employeeId":58,"date":"2026-01-23","dayOfWeek":5}
[2026-02-05 15:45:28] DEBUG: Found department schedule | {"context":"ScheduleResolver","employeeId":58,"departmentId":5,"isWorkDay":true,"workDays":[1,2,3,4,5]}
[2026-02-05 15:45:28] DEBUG: Resolving schedule | {"context":"ScheduleResolver","employeeId":59,"date":"2026-01-23","dayOfWeek":5}
[2026-02-05 15:45:28] DEBUG: Resolving schedule | {"context":"ScheduleResolver","employeeId":60,"date":"2026-01-23","dayOfWeek":5}
[2026-02-05 15:45:28] DEBUG: Found department schedule | {"context":"ScheduleResolver","employeeId":60,"departmentId":5,"isWorkDay":true,"workDays":[1,2,3,4,5]}
[2026-02-05 15:45:28] DEBUG: Resolving schedule | {"context":"ScheduleResolver","employeeId":61,"date":"2026-01-23","dayOfWeek":5}
[2026-02-05 15:45:28] DEBUG: Resolving schedule | {"context":"ScheduleResolver","employeeId":62,"date":"2026-01-23","dayOfWeek":5}
[2026-02-05 15:45:28] DEBUG: Found department schedule | {"context":"ScheduleResolver","employeeId":62,"departmentId":5,"isWorkDay":true,"workDays":[1,2,3,4,5]}
[2026-02-05 15:45:28] DEBUG: Resolving schedule | {"context":"ScheduleResolver","employeeId":63,"date":"2026-01-23","dayOfWeek":5}
[2026-02-05 15:45:28] DEBUG: Resolving schedule | {"context":"ScheduleResolver","employeeId":65,"date":"2026-01-23","dayOfWeek":5}
[2026-02-05 15:45:28] DEBUG: Resolving schedule | {"context":"ScheduleResolver","employeeId":66,"date":"2026-01-23","dayOfWeek":5}
[2026-02-05 15:45:28] DEBUG: Resolving schedule | {"context":"ScheduleResolver","employeeId":67,"date":"2026-01-23","dayOfWeek":5}
[2026-02-05 15:45:28] DEBUG: Resolving schedule | {"context":"ScheduleResolver","employeeId":68,"date":"2026-01-23","dayOfWeek":5}
[2026-02-05 15:45:28] DEBUG: Resolving schedule | {"context":"ScheduleResolver","employeeId":70,"date":"2026-01-23","dayOfWeek":5}
[2026-02-05 15:45:28] DEBUG: Resolving schedule | {"context":"ScheduleResolver","employeeId":71,"date":"2026-01-23","dayOfWeek":5}
[2026-02-05 15:45:28] DEBUG: Found employee schedule | {"context":"ScheduleResolver","employeeId":71,"isWorkDay":true,"workDays":[1,2,3,4,5]}
[2026-02-05 15:45:28] DEBUG: Resolving schedule | {"context":"ScheduleResolver","employeeId":72,"date":"2026-01-23","dayOfWeek":5}
[2026-02-05 15:45:28] DEBUG: Resolving schedule | {"context":"ScheduleResolver","employeeId":73,"date":"2026-01-23","dayOfWeek":5}
[2026-02-05 15:45:28] DEBUG: Resolving schedule | {"context":"ScheduleResolver","employeeId":75,"date":"2026-01-23","dayOfWeek":5}
[2026-02-05 15:45:28] DEBUG: Resolving schedule | {"context":"ScheduleResolver","employeeId":2,"date":"2026-01-24","dayOfWeek":6}
[2026-02-05 15:45:28] DEBUG: Found employee schedule | {"context":"ScheduleResolver","employeeId":2,"isWorkDay":true,"workDays":[2,4,6]}
[2026-02-05 15:45:28] DEBUG: Resolving schedule | {"context":"ScheduleResolver","employeeId":70,"date":"2026-01-24","dayOfWeek":6}
[2026-02-05 15:45:28] DEBUG: Resolving schedule | {"context":"ScheduleResolver","employeeId":1,"date":"2026-01-26","dayOfWeek":1}
[2026-02-05 15:45:28] DEBUG: Found employee schedule | {"context":"ScheduleResolver","employeeId":1,"isWorkDay":true,"workDays":[1,3,5]}
[2026-02-05 15:45:28] DEBUG: Resolving schedule | {"context":"ScheduleResolver","employeeId":3,"date":"2026-01-26","dayOfWeek":1}
[2026-02-05 15:45:28] DEBUG: Resolving schedule | {"context":"ScheduleResolver","employeeId":4,"date":"2026-01-26","dayOfWeek":1}
[2026-02-05 15:45:28] DEBUG: Resolving schedule | {"context":"ScheduleResolver","employeeId":6,"date":"2026-01-26","dayOfWeek":1}
[2026-02-05 15:45:28] DEBUG: Found department schedule | {"context":"ScheduleResolver","employeeId":6,"departmentId":5,"isWorkDay":true,"workDays":[1,2,3,4,5]}
[2026-02-05 15:45:28] DEBUG: Resolving schedule | {"context":"ScheduleResolver","employeeId":10,"date":"2026-01-26","dayOfWeek":1}
[2026-02-05 15:45:28] DEBUG: Resolving schedule | {"context":"ScheduleResolver","employeeId":12,"date":"2026-01-26","dayOfWeek":1}
[2026-02-05 15:45:28] DEBUG: Resolving schedule | {"context":"ScheduleResolver","employeeId":15,"date":"2026-01-26","dayOfWeek":1}
[2026-02-05 15:45:28] DEBUG: Found employee schedule | {"context":"ScheduleResolver","employeeId":15,"isWorkDay":true,"workDays":[1,2,3,4,5]}
[2026-02-05 15:45:28] DEBUG: Resolving schedule | {"context":"ScheduleResolver","employeeId":17,"date":"2026-01-26","dayOfWeek":1}
[2026-02-05 15:45:28] DEBUG: Resolving schedule | {"context":"ScheduleResolver","employeeId":18,"date":"2026-01-26","dayOfWeek":1}
[2026-02-05 15:45:28] DEBUG: Resolving schedule | {"context":"ScheduleResolver","employeeId":19,"date":"2026-01-26","dayOfWeek":1}
[2026-02-05 15:45:28] DEBUG: Resolving schedule | {"context":"ScheduleResolver","employeeId":21,"date":"2026-01-26","dayOfWeek":1}
[2026-02-05 15:45:28] DEBUG: Found department schedule | {"context":"ScheduleResolver","employeeId":21,"departmentId":5,"isWorkDay":true,"workDays":[1,2,3,4,5]}
[2026-02-05 15:45:28] DEBUG: Resolving schedule | {"context":"ScheduleResolver","employeeId":23,"date":"2026-01-26","dayOfWeek":1}
[2026-02-05 15:45:28] DEBUG: Resolving schedule | {"context":"ScheduleResolver","employeeId":24,"date":"2026-01-26","dayOfWeek":1}
[2026-02-05 15:45:28] DEBUG: Resolving schedule | {"context":"ScheduleResolver","employeeId":25,"date":"2026-01-26","dayOfWeek":1}
[2026-02-05 15:45:28] DEBUG: Resolving schedule | {"context":"ScheduleResolver","employeeId":27,"date":"2026-01-26","dayOfWeek":1}
[2026-02-05 15:45:28] DEBUG: Found department schedule | {"context":"ScheduleResolver","employeeId":27,"departmentId":5,"isWorkDay":true,"workDays":[1,2,3,4,5]}
[2026-02-05 15:45:28] DEBUG: Resolving schedule | {"context":"ScheduleResolver","employeeId":28,"date":"2026-01-26","dayOfWeek":1}
[2026-02-05 15:45:28] DEBUG: Found employee schedule | {"context":"ScheduleResolver","employeeId":28,"isWorkDay":true,"workDays":[1,3,5]}
[2026-02-05 15:45:28] DEBUG: Resolving schedule | {"context":"ScheduleResolver","employeeId":29,"date":"2026-01-26","dayOfWeek":1}
[2026-02-05 15:45:28] DEBUG: Found employee schedule | {"context":"ScheduleResolver","employeeId":29,"isWorkDay":true,"workDays":[1,2,3,4,5]}
[2026-02-05 15:45:28] DEBUG: Resolving schedule | {"context":"ScheduleResolver","employeeId":30,"date":"2026-01-26","dayOfWeek":1}
[2026-02-05 15:45:28] DEBUG: Found employee schedule | {"context":"ScheduleResolver","employeeId":30,"isWorkDay":true,"workDays":[1,2,3,4,5]}
[2026-02-05 15:45:28] DEBUG: Resolving schedule | {"context":"ScheduleResolver","employeeId":32,"date":"2026-01-26","dayOfWeek":1}
[2026-02-05 15:45:28] DEBUG: Found department schedule | {"context":"ScheduleResolver","employeeId":32,"departmentId":5,"isWorkDay":true,"workDays":[1,2,3,4,5]}
[2026-02-05 15:45:28] DEBUG: Resolving schedule | {"context":"ScheduleResolver","employeeId":33,"date":"2026-01-26","dayOfWeek":1}
[2026-02-05 15:45:28] DEBUG: Resolving schedule | {"context":"ScheduleResolver","employeeId":34,"date":"2026-01-26","dayOfWeek":1}
[2026-02-05 15:45:28] DEBUG: Found department schedule | {"context":"ScheduleResolver","employeeId":34,"departmentId":5,"isWorkDay":true,"workDays":[1,2,3,4,5]}
[2026-02-05 15:45:28] DEBUG: Resolving schedule | {"context":"ScheduleResolver","employeeId":35,"date":"2026-01-26","dayOfWeek":1}
[2026-02-05 15:45:28] DEBUG: Found department schedule | {"context":"ScheduleResolver","employeeId":35,"departmentId":5,"isWorkDay":true,"workDays":[1,2,3,4,5]}
[2026-02-05 15:45:28] DEBUG: Resolving schedule | {"context":"ScheduleResolver","employeeId":36,"date":"2026-01-26","dayOfWeek":1}
[2026-02-05 15:45:28] DEBUG: Resolving schedule | {"context":"ScheduleResolver","employeeId":38,"date":"2026-01-26","dayOfWeek":1}
[2026-02-05 15:45:28] DEBUG: Resolving schedule | {"context":"ScheduleResolver","employeeId":40,"date":"2026-01-26","dayOfWeek":1}
[2026-02-05 15:45:28] DEBUG: Resolving schedule | {"context":"ScheduleResolver","employeeId":41,"date":"2026-01-26","dayOfWeek":1}
[2026-02-05 15:45:28] DEBUG: Found department schedule | {"context":"ScheduleResolver","employeeId":41,"departmentId":5,"isWorkDay":true,"workDays":[1,2,3,4,5]}
[2026-02-05 15:45:28] DEBUG: Resolving schedule | {"context":"ScheduleResolver","employeeId":42,"date":"2026-01-26","dayOfWeek":1}
[2026-02-05 15:45:28] DEBUG: Resolving schedule | {"context":"ScheduleResolver","employeeId":43,"date":"2026-01-26","dayOfWeek":1}
[2026-02-05 15:45:28] DEBUG: Found employee schedule | {"context":"ScheduleResolver","employeeId":43,"isWorkDay":true,"workDays":[1,2,3,4,5]}
[2026-02-05 15:45:28] DEBUG: Resolving schedule | {"context":"ScheduleResolver","employeeId":44,"date":"2026-01-26","dayOfWeek":1}
[2026-02-05 15:45:28] DEBUG: Resolving schedule | {"context":"ScheduleResolver","employeeId":45,"date":"2026-01-26","dayOfWeek":1}
[2026-02-05 15:45:28] DEBUG: Resolving schedule | {"context":"ScheduleResolver","employeeId":46,"date":"2026-01-26","dayOfWeek":1}
[2026-02-05 15:45:28] DEBUG: Resolving schedule | {"context":"ScheduleResolver","employeeId":47,"date":"2026-01-26","dayOfWeek":1}
[2026-02-05 15:45:28] DEBUG: Resolving schedule | {"context":"ScheduleResolver","employeeId":48,"date":"2026-01-26","dayOfWeek":1}
[2026-02-05 15:45:28] DEBUG: Resolving schedule | {"context":"ScheduleResolver","employeeId":49,"date":"2026-01-26","dayOfWeek":1}
[2026-02-05 15:45:28] DEBUG: Resolving schedule | {"context":"ScheduleResolver","employeeId":50,"date":"2026-01-26","dayOfWeek":1}
[2026-02-05 15:45:28] DEBUG: Found department schedule | {"context":"ScheduleResolver","employeeId":50,"departmentId":5,"isWorkDay":true,"workDays":[1,2,3,4,5]}
[2026-02-05 15:45:28] DEBUG: Resolving schedule | {"context":"ScheduleResolver","employeeId":51,"date":"2026-01-26","dayOfWeek":1}
[2026-02-05 15:45:28] DEBUG: Resolving schedule | {"context":"ScheduleResolver","employeeId":52,"date":"2026-01-26","dayOfWeek":1}
[2026-02-05 15:45:28] DEBUG: Resolving schedule | {"context":"ScheduleResolver","employeeId":53,"date":"2026-01-26","dayOfWeek":1}
[2026-02-05 15:45:28] DEBUG: Resolving schedule | {"context":"ScheduleResolver","employeeId":54,"date":"2026-01-26","dayOfWeek":1}
[2026-02-05 15:45:28] DEBUG: Resolving schedule | {"context":"ScheduleResolver","employeeId":55,"date":"2026-01-26","dayOfWeek":1}
[2026-02-05 15:45:28] DEBUG: Found department schedule | {"context":"ScheduleResolver","employeeId":55,"departmentId":5,"isWorkDay":true,"workDays":[1,2,3,4,5]}
[2026-02-05 15:45:28] DEBUG: Resolving schedule | {"context":"ScheduleResolver","employeeId":56,"date":"2026-01-26","dayOfWeek":1}
[2026-02-05 15:45:28] DEBUG: Resolving schedule | {"context":"ScheduleResolver","employeeId":57,"date":"2026-01-26","dayOfWeek":1}
[2026-02-05 15:45:28] DEBUG: Resolving schedule | {"context":"ScheduleResolver","employeeId":58,"date":"2026-01-26","dayOfWeek":1}
[2026-02-05 15:45:28] DEBUG: Found department schedule | {"context":"ScheduleResolver","employeeId":58,"departmentId":5,"isWorkDay":true,"workDays":[1,2,3,4,5]}
[2026-02-05 15:45:28] DEBUG: Resolving schedule | {"context":"ScheduleResolver","employeeId":59,"date":"2026-01-26","dayOfWeek":1}
[2026-02-05 15:45:28] DEBUG: Resolving schedule | {"context":"ScheduleResolver","employeeId":60,"date":"2026-01-26","dayOfWeek":1}
[2026-02-05 15:45:28] DEBUG: Found department schedule | {"context":"ScheduleResolver","employeeId":60,"departmentId":5,"isWorkDay":true,"workDays":[1,2,3,4,5]}
[2026-02-05 15:45:28] DEBUG: Resolving schedule | {"context":"ScheduleResolver","employeeId":61,"date":"2026-01-26","dayOfWeek":1}
[2026-02-05 15:45:28] DEBUG: Resolving schedule | {"context":"ScheduleResolver","employeeId":62,"date":"2026-01-26","dayOfWeek":1}
[2026-02-05 15:45:28] DEBUG: Found department schedule | {"context":"ScheduleResolver","employeeId":62,"departmentId":5,"isWorkDay":true,"workDays":[1,2,3,4,5]}
[2026-02-05 15:45:28] DEBUG: Resolving schedule | {"context":"ScheduleResolver","employeeId":63,"date":"2026-01-26","dayOfWeek":1}
[2026-02-05 15:45:28] DEBUG: Resolving schedule | {"context":"ScheduleResolver","employeeId":64,"date":"2026-01-26","dayOfWeek":1}
[2026-02-05 15:45:28] DEBUG: Resolving schedule | {"context":"ScheduleResolver","employeeId":65,"date":"2026-01-26","dayOfWeek":1}
[2026-02-05 15:45:28] DEBUG: Resolving schedule | {"context":"ScheduleResolver","employeeId":66,"date":"2026-01-26","dayOfWeek":1}
[2026-02-05 15:45:28] DEBUG: Resolving schedule | {"context":"ScheduleResolver","employeeId":67,"date":"2026-01-26","dayOfWeek":1}
[2026-02-05 15:45:28] DEBUG: Resolving schedule | {"context":"ScheduleResolver","employeeId":68,"date":"2026-01-26","dayOfWeek":1}
[2026-02-05 15:45:28] DEBUG: Resolving schedule | {"context":"ScheduleResolver","employeeId":71,"date":"2026-01-26","dayOfWeek":1}
[2026-02-05 15:45:28] DEBUG: Found employee schedule | {"context":"ScheduleResolver","employeeId":71,"isWorkDay":true,"workDays":[1,2,3,4,5]}
[2026-02-05 15:45:28] DEBUG: Resolving schedule | {"context":"ScheduleResolver","employeeId":72,"date":"2026-01-26","dayOfWeek":1}
[2026-02-05 15:45:28] DEBUG: Resolving schedule | {"context":"ScheduleResolver","employeeId":73,"date":"2026-01-26","dayOfWeek":1}
[2026-02-05 15:45:28] DEBUG: Resolving schedule | {"context":"ScheduleResolver","employeeId":75,"date":"2026-01-26","dayOfWeek":1}
[2026-02-05 15:45:28] DEBUG: Resolving schedule | {"context":"ScheduleResolver","employeeId":2,"date":"2026-01-27","dayOfWeek":2}
[2026-02-05 15:45:28] DEBUG: Found employee schedule | {"context":"ScheduleResolver","employeeId":2,"isWorkDay":true,"workDays":[2,4,6]}
[2026-02-05 15:45:28] DEBUG: Resolving schedule | {"context":"ScheduleResolver","employeeId":3,"date":"2026-01-27","dayOfWeek":2}
[2026-02-05 15:45:28] DEBUG: Resolving schedule | {"context":"ScheduleResolver","employeeId":4,"date":"2026-01-27","dayOfWeek":2}
[2026-02-05 15:45:28] DEBUG: Resolving schedule | {"context":"ScheduleResolver","employeeId":5,"date":"2026-01-27","dayOfWeek":2}
[2026-02-05 15:45:28] DEBUG: Resolving schedule | {"context":"ScheduleResolver","employeeId":6,"date":"2026-01-27","dayOfWeek":2}
[2026-02-05 15:45:28] DEBUG: Found department schedule | {"context":"ScheduleResolver","employeeId":6,"departmentId":5,"isWorkDay":true,"workDays":[1,2,3,4,5]}
[2026-02-05 15:45:28] DEBUG: Resolving schedule | {"context":"ScheduleResolver","employeeId":10,"date":"2026-01-27","dayOfWeek":2}
[2026-02-05 15:45:28] DEBUG: Resolving schedule | {"context":"ScheduleResolver","employeeId":12,"date":"2026-01-27","dayOfWeek":2}
[2026-02-05 15:45:28] DEBUG: Resolving schedule | {"context":"ScheduleResolver","employeeId":15,"date":"2026-01-27","dayOfWeek":2}
[2026-02-05 15:45:28] DEBUG: Found employee schedule | {"context":"ScheduleResolver","employeeId":15,"isWorkDay":true,"workDays":[1,2,3,4,5]}
[2026-02-05 15:45:28] DEBUG: Resolving schedule | {"context":"ScheduleResolver","employeeId":18,"date":"2026-01-27","dayOfWeek":2}
[2026-02-05 15:45:28] DEBUG: Resolving schedule | {"context":"ScheduleResolver","employeeId":19,"date":"2026-01-27","dayOfWeek":2}
[2026-02-05 15:45:28] DEBUG: Resolving schedule | {"context":"ScheduleResolver","employeeId":21,"date":"2026-01-27","dayOfWeek":2}
[2026-02-05 15:45:28] DEBUG: Found department schedule | {"context":"ScheduleResolver","employeeId":21,"departmentId":5,"isWorkDay":true,"workDays":[1,2,3,4,5]}
[2026-02-05 15:45:28] DEBUG: Resolving schedule | {"context":"ScheduleResolver","employeeId":23,"date":"2026-01-27","dayOfWeek":2}
[2026-02-05 15:45:28] DEBUG: Resolving schedule | {"context":"ScheduleResolver","employeeId":24,"date":"2026-01-27","dayOfWeek":2}
[2026-02-05 15:45:28] DEBUG: Resolving schedule | {"context":"ScheduleResolver","employeeId":25,"date":"2026-01-27","dayOfWeek":2}
[2026-02-05 15:45:28] DEBUG: Resolving schedule | {"context":"ScheduleResolver","employeeId":27,"date":"2026-01-27","dayOfWeek":2}
[2026-02-05 15:45:28] DEBUG: Found department schedule | {"context":"ScheduleResolver","employeeId":27,"departmentId":5,"isWorkDay":true,"workDays":[1,2,3,4,5]}
[2026-02-05 15:45:28] DEBUG: Resolving schedule | {"context":"ScheduleResolver","employeeId":29,"date":"2026-01-27","dayOfWeek":2}
[2026-02-05 15:45:28] DEBUG: Found employee schedule | {"context":"ScheduleResolver","employeeId":29,"isWorkDay":true,"workDays":[1,2,3,4,5]}
[2026-02-05 15:45:28] DEBUG: Resolving schedule | {"context":"ScheduleResolver","employeeId":30,"date":"2026-01-27","dayOfWeek":2}
[2026-02-05 15:45:28] DEBUG: Found employee schedule | {"context":"ScheduleResolver","employeeId":30,"isWorkDay":true,"workDays":[1,2,3,4,5]}
[2026-02-05 15:45:28] DEBUG: Resolving schedule | {"context":"ScheduleResolver","employeeId":32,"date":"2026-01-27","dayOfWeek":2}
[2026-02-05 15:45:28] DEBUG: Found department schedule | {"context":"ScheduleResolver","employeeId":32,"departmentId":5,"isWorkDay":true,"workDays":[1,2,3,4,5]}
[2026-02-05 15:45:28] DEBUG: Resolving schedule | {"context":"ScheduleResolver","employeeId":33,"date":"2026-01-27","dayOfWeek":2}
[2026-02-05 15:45:28] DEBUG: Resolving schedule | {"context":"ScheduleResolver","employeeId":34,"date":"2026-01-27","dayOfWeek":2}
[2026-02-05 15:45:28] DEBUG: Found department schedule | {"context":"ScheduleResolver","employeeId":34,"departmentId":5,"isWorkDay":true,"workDays":[1,2,3,4,5]}
[2026-02-05 15:45:28] DEBUG: Resolving schedule | {"context":"ScheduleResolver","employeeId":35,"date":"2026-01-27","dayOfWeek":2}
[2026-02-05 15:45:28] DEBUG: Found department schedule | {"context":"ScheduleResolver","employeeId":35,"departmentId":5,"isWorkDay":true,"workDays":[1,2,3,4,5]}
[2026-02-05 15:45:28] DEBUG: Resolving schedule | {"context":"ScheduleResolver","employeeId":36,"date":"2026-01-27","dayOfWeek":2}
[2026-02-05 15:45:28] DEBUG: Resolving schedule | {"context":"ScheduleResolver","employeeId":38,"date":"2026-01-27","dayOfWeek":2}
[2026-02-05 15:45:28] DEBUG: Resolving schedule | {"context":"ScheduleResolver","employeeId":40,"date":"2026-01-27","dayOfWeek":2}
[2026-02-05 15:45:28] DEBUG: Resolving schedule | {"context":"ScheduleResolver","employeeId":41,"date":"2026-01-27","dayOfWeek":2}
[2026-02-05 15:45:28] DEBUG: Found department schedule | {"context":"ScheduleResolver","employeeId":41,"departmentId":5,"isWorkDay":true,"workDays":[1,2,3,4,5]}
[2026-02-05 15:45:28] DEBUG: Resolving schedule | {"context":"ScheduleResolver","employeeId":42,"date":"2026-01-27","dayOfWeek":2}
[2026-02-05 15:45:28] DEBUG: Resolving schedule | {"context":"ScheduleResolver","employeeId":43,"date":"2026-01-27","dayOfWeek":2}
[2026-02-05 15:45:28] DEBUG: Found employee schedule | {"context":"ScheduleResolver","employeeId":43,"isWorkDay":true,"workDays":[1,2,3,4,5]}
[2026-02-05 15:45:28] DEBUG: Resolving schedule | {"context":"ScheduleResolver","employeeId":44,"date":"2026-01-27","dayOfWeek":2}
[2026-02-05 15:45:28] DEBUG: Resolving schedule | {"context":"ScheduleResolver","employeeId":45,"date":"2026-01-27","dayOfWeek":2}
[2026-02-05 15:45:28] DEBUG: Resolving schedule | {"context":"ScheduleResolver","employeeId":46,"date":"2026-01-27","dayOfWeek":2}
[2026-02-05 15:45:28] DEBUG: Resolving schedule | {"context":"ScheduleResolver","employeeId":47,"date":"2026-01-27","dayOfWeek":2}
[2026-02-05 15:45:28] DEBUG: Resolving schedule | {"context":"ScheduleResolver","employeeId":48,"date":"2026-01-27","dayOfWeek":2}
[2026-02-05 15:45:28] DEBUG: Resolving schedule | {"context":"ScheduleResolver","employeeId":49,"date":"2026-01-27","dayOfWeek":2}
[2026-02-05 15:45:28] DEBUG: Resolving schedule | {"context":"ScheduleResolver","employeeId":50,"date":"2026-01-27","dayOfWeek":2}
[2026-02-05 15:45:28] DEBUG: Found department schedule | {"context":"ScheduleResolver","employeeId":50,"departmentId":5,"isWorkDay":true,"workDays":[1,2,3,4,5]}
[2026-02-05 15:45:28] DEBUG: Resolving schedule | {"context":"ScheduleResolver","employeeId":51,"date":"2026-01-27","dayOfWeek":2}
[2026-02-05 15:45:28] DEBUG: Resolving schedule | {"context":"ScheduleResolver","employeeId":52,"date":"2026-01-27","dayOfWeek":2}
[2026-02-05 15:45:28] DEBUG: Resolving schedule | {"context":"ScheduleResolver","employeeId":53,"date":"2026-01-27","dayOfWeek":2}
[2026-02-05 15:45:28] DEBUG: Resolving schedule | {"context":"ScheduleResolver","employeeId":54,"date":"2026-01-27","dayOfWeek":2}
[2026-02-05 15:45:28] DEBUG: Resolving schedule | {"context":"ScheduleResolver","employeeId":55,"date":"2026-01-27","dayOfWeek":2}
[2026-02-05 15:45:28] DEBUG: Found department schedule | {"context":"ScheduleResolver","employeeId":55,"departmentId":5,"isWorkDay":true,"workDays":[1,2,3,4,5]}
[2026-02-05 15:45:28] DEBUG: Resolving schedule | {"context":"ScheduleResolver","employeeId":56,"date":"2026-01-27","dayOfWeek":2}
[2026-02-05 15:45:28] DEBUG: Resolving schedule | {"context":"ScheduleResolver","employeeId":57,"date":"2026-01-27","dayOfWeek":2}
[2026-02-05 15:45:28] DEBUG: Resolving schedule | {"context":"ScheduleResolver","employeeId":58,"date":"2026-01-27","dayOfWeek":2}
[2026-02-05 15:45:28] DEBUG: Found department schedule | {"context":"ScheduleResolver","employeeId":58,"departmentId":5,"isWorkDay":true,"workDays":[1,2,3,4,5]}
[2026-02-05 15:45:28] DEBUG: Resolving schedule | {"context":"ScheduleResolver","employeeId":59,"date":"2026-01-27","dayOfWeek":2}
[2026-02-05 15:45:28] DEBUG: Resolving schedule | {"context":"ScheduleResolver","employeeId":60,"date":"2026-01-27","dayOfWeek":2}
[2026-02-05 15:45:28] DEBUG: Found department schedule | {"context":"ScheduleResolver","employeeId":60,"departmentId":5,"isWorkDay":true,"workDays":[1,2,3,4,5]}
[2026-02-05 15:45:28] DEBUG: Resolving schedule | {"context":"ScheduleResolver","employeeId":61,"date":"2026-01-27","dayOfWeek":2}
[2026-02-05 15:45:28] DEBUG: Resolving schedule | {"context":"ScheduleResolver","employeeId":62,"date":"2026-01-27","dayOfWeek":2}
[2026-02-05 15:45:28] DEBUG: Found department schedule | {"context":"ScheduleResolver","employeeId":62,"departmentId":5,"isWorkDay":true,"workDays":[1,2,3,4,5]}
[2026-02-05 15:45:28] DEBUG: Resolving schedule | {"context":"ScheduleResolver","employeeId":63,"date":"2026-01-27","dayOfWeek":2}
[2026-02-05 15:45:28] DEBUG: Resolving schedule | {"context":"ScheduleResolver","employeeId":64,"date":"2026-01-27","dayOfWeek":2}
[2026-02-05 15:45:28] DEBUG: Resolving schedule | {"context":"ScheduleResolver","employeeId":65,"date":"2026-01-27","dayOfWeek":2}
[2026-02-05 15:45:28] DEBUG: Resolving schedule | {"context":"ScheduleResolver","employeeId":66,"date":"2026-01-27","dayOfWeek":2}
[2026-02-05 15:45:28] DEBUG: Resolving schedule | {"context":"ScheduleResolver","employeeId":67,"date":"2026-01-27","dayOfWeek":2}
[2026-02-05 15:45:28] DEBUG: Resolving schedule | {"context":"ScheduleResolver","employeeId":68,"date":"2026-01-27","dayOfWeek":2}
[2026-02-05 15:45:28] DEBUG: Resolving schedule | {"context":"ScheduleResolver","employeeId":70,"date":"2026-01-27","dayOfWeek":2}
[2026-02-05 15:45:28] DEBUG: Resolving schedule | {"context":"ScheduleResolver","employeeId":71,"date":"2026-01-27","dayOfWeek":2}
[2026-02-05 15:45:28] DEBUG: Found employee schedule | {"context":"ScheduleResolver","employeeId":71,"isWorkDay":true,"workDays":[1,2,3,4,5]}
[2026-02-05 15:45:28] DEBUG: Resolving schedule | {"context":"ScheduleResolver","employeeId":72,"date":"2026-01-27","dayOfWeek":2}
[2026-02-05 15:45:28] DEBUG: Resolving schedule | {"context":"ScheduleResolver","employeeId":73,"date":"2026-01-27","dayOfWeek":2}
[2026-02-05 15:45:28] DEBUG: Resolving schedule | {"context":"ScheduleResolver","employeeId":75,"date":"2026-01-27","dayOfWeek":2}
[2026-02-05 15:45:28] DEBUG: Resolving schedule | {"context":"ScheduleResolver","employeeId":1,"date":"2026-01-28","dayOfWeek":3}
[2026-02-05 15:45:28] DEBUG: Found employee schedule | {"context":"ScheduleResolver","employeeId":1,"isWorkDay":true,"workDays":[1,3,5]}
[2026-02-05 15:45:28] DEBUG: Resolving schedule | {"context":"ScheduleResolver","employeeId":3,"date":"2026-01-28","dayOfWeek":3}
[2026-02-05 15:45:28] DEBUG: Resolving schedule | {"context":"ScheduleResolver","employeeId":4,"date":"2026-01-28","dayOfWeek":3}
[2026-02-05 15:45:28] DEBUG: Resolving schedule | {"context":"ScheduleResolver","employeeId":5,"date":"2026-01-28","dayOfWeek":3}
[2026-02-05 15:45:28] DEBUG: Resolving schedule | {"context":"ScheduleResolver","employeeId":6,"date":"2026-01-28","dayOfWeek":3}
[2026-02-05 15:45:28] DEBUG: Found department schedule | {"context":"ScheduleResolver","employeeId":6,"departmentId":5,"isWorkDay":true,"workDays":[1,2,3,4,5]}
[2026-02-05 15:45:28] DEBUG: Resolving schedule | {"context":"ScheduleResolver","employeeId":7,"date":"2026-01-28","dayOfWeek":3}
[2026-02-05 15:45:28] DEBUG: Resolving schedule | {"context":"ScheduleResolver","employeeId":10,"date":"2026-01-28","dayOfWeek":3}
[2026-02-05 15:45:28] DEBUG: Resolving schedule | {"context":"ScheduleResolver","employeeId":12,"date":"2026-01-28","dayOfWeek":3}
[2026-02-05 15:45:28] DEBUG: Resolving schedule | {"context":"ScheduleResolver","employeeId":15,"date":"2026-01-28","dayOfWeek":3}
[2026-02-05 15:45:28] DEBUG: Found employee schedule | {"context":"ScheduleResolver","employeeId":15,"isWorkDay":true,"workDays":[1,2,3,4,5]}
[2026-02-05 15:45:28] DEBUG: Resolving schedule | {"context":"ScheduleResolver","employeeId":18,"date":"2026-01-28","dayOfWeek":3}
[2026-02-05 15:45:28] DEBUG: Resolving schedule | {"context":"ScheduleResolver","employeeId":19,"date":"2026-01-28","dayOfWeek":3}
[2026-02-05 15:45:28] DEBUG: Resolving schedule | {"context":"ScheduleResolver","employeeId":21,"date":"2026-01-28","dayOfWeek":3}
[2026-02-05 15:45:28] DEBUG: Found department schedule | {"context":"ScheduleResolver","employeeId":21,"departmentId":5,"isWorkDay":true,"workDays":[1,2,3,4,5]}
[2026-02-05 15:45:28] DEBUG: Resolving schedule | {"context":"ScheduleResolver","employeeId":23,"date":"2026-01-28","dayOfWeek":3}
[2026-02-05 15:45:28] DEBUG: Resolving schedule | {"context":"ScheduleResolver","employeeId":24,"date":"2026-01-28","dayOfWeek":3}
[2026-02-05 15:45:28] DEBUG: Resolving schedule | {"context":"ScheduleResolver","employeeId":25,"date":"2026-01-28","dayOfWeek":3}
[2026-02-05 15:45:28] DEBUG: Resolving schedule | {"context":"ScheduleResolver","employeeId":27,"date":"2026-01-28","dayOfWeek":3}
[2026-02-05 15:45:28] DEBUG: Found department schedule | {"context":"ScheduleResolver","employeeId":27,"departmentId":5,"isWorkDay":true,"workDays":[1,2,3,4,5]}
[2026-02-05 15:45:28] DEBUG: Resolving schedule | {"context":"ScheduleResolver","employeeId":28,"date":"2026-01-28","dayOfWeek":3}
[2026-02-05 15:45:28] DEBUG: Found employee schedule | {"context":"ScheduleResolver","employeeId":28,"isWorkDay":true,"workDays":[1,3,5]}
[2026-02-05 15:45:28] DEBUG: Resolving schedule | {"context":"ScheduleResolver","employeeId":29,"date":"2026-01-28","dayOfWeek":3}
[2026-02-05 15:45:28] DEBUG: Found employee schedule | {"context":"ScheduleResolver","employeeId":29,"isWorkDay":true,"workDays":[1,2,3,4,5]}
[2026-02-05 15:45:28] DEBUG: Resolving schedule | {"context":"ScheduleResolver","employeeId":30,"date":"2026-01-28","dayOfWeek":3}
[2026-02-05 15:45:28] DEBUG: Found employee schedule | {"context":"ScheduleResolver","employeeId":30,"isWorkDay":true,"workDays":[1,2,3,4,5]}
[2026-02-05 15:45:28] DEBUG: Resolving schedule | {"context":"ScheduleResolver","employeeId":32,"date":"2026-01-28","dayOfWeek":3}
[2026-02-05 15:45:28] DEBUG: Found department schedule | {"context":"ScheduleResolver","employeeId":32,"departmentId":5,"isWorkDay":true,"workDays":[1,2,3,4,5]}
[2026-02-05 15:45:28] DEBUG: Resolving schedule | {"context":"ScheduleResolver","employeeId":33,"date":"2026-01-28","dayOfWeek":3}
[2026-02-05 15:45:28] DEBUG: Resolving schedule | {"context":"ScheduleResolver","employeeId":34,"date":"2026-01-28","dayOfWeek":3}
[2026-02-05 15:45:28] DEBUG: Found department schedule | {"context":"ScheduleResolver","employeeId":34,"departmentId":5,"isWorkDay":true,"workDays":[1,2,3,4,5]}
[2026-02-05 15:45:28] DEBUG: Resolving schedule | {"context":"ScheduleResolver","employeeId":35,"date":"2026-01-28","dayOfWeek":3}
[2026-02-05 15:45:28] DEBUG: Found department schedule | {"context":"ScheduleResolver","employeeId":35,"departmentId":5,"isWorkDay":true,"workDays":[1,2,3,4,5]}
[2026-02-05 15:45:28] DEBUG: Resolving schedule | {"context":"ScheduleResolver","employeeId":36,"date":"2026-01-28","dayOfWeek":3}
[2026-02-05 15:45:28] DEBUG: Resolving schedule | {"context":"ScheduleResolver","employeeId":38,"date":"2026-01-28","dayOfWeek":3}
[2026-02-05 15:45:28] DEBUG: Resolving schedule | {"context":"ScheduleResolver","employeeId":40,"date":"2026-01-28","dayOfWeek":3}
[2026-02-05 15:45:28] DEBUG: Resolving schedule | {"context":"ScheduleResolver","employeeId":41,"date":"2026-01-28","dayOfWeek":3}
[2026-02-05 15:45:28] DEBUG: Found department schedule | {"context":"ScheduleResolver","employeeId":41,"departmentId":5,"isWorkDay":true,"workDays":[1,2,3,4,5]}
[2026-02-05 15:45:28] DEBUG: Resolving schedule | {"context":"ScheduleResolver","employeeId":42,"date":"2026-01-28","dayOfWeek":3}
[2026-02-05 15:45:28] DEBUG: Resolving schedule | {"context":"ScheduleResolver","employeeId":43,"date":"2026-01-28","dayOfWeek":3}
[2026-02-05 15:45:28] DEBUG: Found employee schedule | {"context":"ScheduleResolver","employeeId":43,"isWorkDay":true,"workDays":[1,2,3,4,5]}
[2026-02-05 15:45:28] DEBUG: Resolving schedule | {"context":"ScheduleResolver","employeeId":44,"date":"2026-01-28","dayOfWeek":3}
[2026-02-05 15:45:28] DEBUG: Resolving schedule | {"context":"ScheduleResolver","employeeId":45,"date":"2026-01-28","dayOfWeek":3}
[2026-02-05 15:45:28] DEBUG: Resolving schedule | {"context":"ScheduleResolver","employeeId":46,"date":"2026-01-28","dayOfWeek":3}
[2026-02-05 15:45:28] DEBUG: Resolving schedule | {"context":"ScheduleResolver","employeeId":47,"date":"2026-01-28","dayOfWeek":3}
[2026-02-05 15:45:28] DEBUG: Resolving schedule | {"context":"ScheduleResolver","employeeId":48,"date":"2026-01-28","dayOfWeek":3}
[2026-02-05 15:45:28] DEBUG: Resolving schedule | {"context":"ScheduleResolver","employeeId":49,"date":"2026-01-28","dayOfWeek":3}
[2026-02-05 15:45:28] DEBUG: Resolving schedule | {"context":"ScheduleResolver","employeeId":50,"date":"2026-01-28","dayOfWeek":3}
[2026-02-05 15:45:28] DEBUG: Found department schedule | {"context":"ScheduleResolver","employeeId":50,"departmentId":5,"isWorkDay":true,"workDays":[1,2,3,4,5]}
[2026-02-05 15:45:28] DEBUG: Resolving schedule | {"context":"ScheduleResolver","employeeId":51,"date":"2026-01-28","dayOfWeek":3}
[2026-02-05 15:45:28] DEBUG: Resolving schedule | {"context":"ScheduleResolver","employeeId":52,"date":"2026-01-28","dayOfWeek":3}
[2026-02-05 15:45:28] DEBUG: Resolving schedule | {"context":"ScheduleResolver","employeeId":53,"date":"2026-01-28","dayOfWeek":3}
[2026-02-05 15:45:28] DEBUG: Resolving schedule | {"context":"ScheduleResolver","employeeId":54,"date":"2026-01-28","dayOfWeek":3}
[2026-02-05 15:45:28] DEBUG: Resolving schedule | {"context":"ScheduleResolver","employeeId":55,"date":"2026-01-28","dayOfWeek":3}
[2026-02-05 15:45:28] DEBUG: Found department schedule | {"context":"ScheduleResolver","employeeId":55,"departmentId":5,"isWorkDay":true,"workDays":[1,2,3,4,5]}
[2026-02-05 15:45:28] DEBUG: Resolving schedule | {"context":"ScheduleResolver","employeeId":56,"date":"2026-01-28","dayOfWeek":3}
[2026-02-05 15:45:28] DEBUG: Resolving schedule | {"context":"ScheduleResolver","employeeId":57,"date":"2026-01-28","dayOfWeek":3}
[2026-02-05 15:45:28] DEBUG: Resolving schedule | {"context":"ScheduleResolver","employeeId":59,"date":"2026-01-28","dayOfWeek":3}
[2026-02-05 15:45:28] DEBUG: Resolving schedule | {"context":"ScheduleResolver","employeeId":60,"date":"2026-01-28","dayOfWeek":3}
[2026-02-05 15:45:28] DEBUG: Found department schedule | {"context":"ScheduleResolver","employeeId":60,"departmentId":5,"isWorkDay":true,"workDays":[1,2,3,4,5]}
[2026-02-05 15:45:28] DEBUG: Resolving schedule | {"context":"ScheduleResolver","employeeId":61,"date":"2026-01-28","dayOfWeek":3}
[2026-02-05 15:45:28] DEBUG: Resolving schedule | {"context":"ScheduleResolver","employeeId":62,"date":"2026-01-28","dayOfWeek":3}
[2026-02-05 15:45:28] DEBUG: Found department schedule | {"context":"ScheduleResolver","employeeId":62,"departmentId":5,"isWorkDay":true,"workDays":[1,2,3,4,5]}
[2026-02-05 15:45:28] DEBUG: Resolving schedule | {"context":"ScheduleResolver","employeeId":63,"date":"2026-01-28","dayOfWeek":3}
[2026-02-05 15:45:28] DEBUG: Resolving schedule | {"context":"ScheduleResolver","employeeId":64,"date":"2026-01-28","dayOfWeek":3}
[2026-02-05 15:45:28] DEBUG: Resolving schedule | {"context":"ScheduleResolver","employeeId":65,"date":"2026-01-28","dayOfWeek":3}
[2026-02-05 15:45:28] DEBUG: Resolving schedule | {"context":"ScheduleResolver","employeeId":66,"date":"2026-01-28","dayOfWeek":3}
[2026-02-05 15:45:28] DEBUG: Resolving schedule | {"context":"ScheduleResolver","employeeId":67,"date":"2026-01-28","dayOfWeek":3}
[2026-02-05 15:45:28] DEBUG: Resolving schedule | {"context":"ScheduleResolver","employeeId":68,"date":"2026-01-28","dayOfWeek":3}
[2026-02-05 15:45:28] DEBUG: Resolving schedule | {"context":"ScheduleResolver","employeeId":70,"date":"2026-01-28","dayOfWeek":3}
[2026-02-05 15:45:28] DEBUG: Resolving schedule | {"context":"ScheduleResolver","employeeId":71,"date":"2026-01-28","dayOfWeek":3}
[2026-02-05 15:45:28] DEBUG: Found employee schedule | {"context":"ScheduleResolver","employeeId":71,"isWorkDay":true,"workDays":[1,2,3,4,5]}
[2026-02-05 15:45:28] DEBUG: Resolving schedule | {"context":"ScheduleResolver","employeeId":72,"date":"2026-01-28","dayOfWeek":3}
[2026-02-05 15:45:28] DEBUG: Resolving schedule | {"context":"ScheduleResolver","employeeId":73,"date":"2026-01-28","dayOfWeek":3}
[2026-02-05 15:45:28] DEBUG: Resolving schedule | {"context":"ScheduleResolver","employeeId":75,"date":"2026-01-28","dayOfWeek":3}
[2026-02-05 15:45:28] DEBUG: Resolving schedule | {"context":"ScheduleResolver","employeeId":2,"date":"2026-01-29","dayOfWeek":4}
[2026-02-05 15:45:28] DEBUG: Found employee schedule | {"context":"ScheduleResolver","employeeId":2,"isWorkDay":true,"workDays":[2,4,6]}
[2026-02-05 15:45:28] DEBUG: Resolving schedule | {"context":"ScheduleResolver","employeeId":3,"date":"2026-01-29","dayOfWeek":4}
[2026-02-05 15:45:28] DEBUG: Resolving schedule | {"context":"ScheduleResolver","employeeId":4,"date":"2026-01-29","dayOfWeek":4}
[2026-02-05 15:45:28] DEBUG: Resolving schedule | {"context":"ScheduleResolver","employeeId":5,"date":"2026-01-29","dayOfWeek":4}
[2026-02-05 15:45:28] DEBUG: Resolving schedule | {"context":"ScheduleResolver","employeeId":6,"date":"2026-01-29","dayOfWeek":4}
[2026-02-05 15:45:28] DEBUG: Found department schedule | {"context":"ScheduleResolver","employeeId":6,"departmentId":5,"isWorkDay":true,"workDays":[1,2,3,4,5]}
[2026-02-05 15:45:28] DEBUG: Resolving schedule | {"context":"ScheduleResolver","employeeId":10,"date":"2026-01-29","dayOfWeek":4}
[2026-02-05 15:45:28] DEBUG: Resolving schedule | {"context":"ScheduleResolver","employeeId":12,"date":"2026-01-29","dayOfWeek":4}
[2026-02-05 15:45:28] DEBUG: Resolving schedule | {"context":"ScheduleResolver","employeeId":15,"date":"2026-01-29","dayOfWeek":4}
[2026-02-05 15:45:28] DEBUG: Found employee schedule | {"context":"ScheduleResolver","employeeId":15,"isWorkDay":true,"workDays":[1,2,3,4,5]}
[2026-02-05 15:45:28] DEBUG: Resolving schedule | {"context":"ScheduleResolver","employeeId":18,"date":"2026-01-29","dayOfWeek":4}
[2026-02-05 15:45:28] DEBUG: Resolving schedule | {"context":"ScheduleResolver","employeeId":19,"date":"2026-01-29","dayOfWeek":4}
[2026-02-05 15:45:28] DEBUG: Resolving schedule | {"context":"ScheduleResolver","employeeId":23,"date":"2026-01-29","dayOfWeek":4}
[2026-02-05 15:45:28] DEBUG: Resolving schedule | {"context":"ScheduleResolver","employeeId":24,"date":"2026-01-29","dayOfWeek":4}
[2026-02-05 15:45:28] DEBUG: Resolving schedule | {"context":"ScheduleResolver","employeeId":25,"date":"2026-01-29","dayOfWeek":4}
[2026-02-05 15:45:28] DEBUG: Resolving schedule | {"context":"ScheduleResolver","employeeId":27,"date":"2026-01-29","dayOfWeek":4}
[2026-02-05 15:45:28] DEBUG: Found department schedule | {"context":"ScheduleResolver","employeeId":27,"departmentId":5,"isWorkDay":true,"workDays":[1,2,3,4,5]}
[2026-02-05 15:45:28] DEBUG: Resolving schedule | {"context":"ScheduleResolver","employeeId":29,"date":"2026-01-29","dayOfWeek":4}
[2026-02-05 15:45:28] DEBUG: Found employee schedule | {"context":"ScheduleResolver","employeeId":29,"isWorkDay":true,"workDays":[1,2,3,4,5]}
[2026-02-05 15:45:28] DEBUG: Resolving schedule | {"context":"ScheduleResolver","employeeId":30,"date":"2026-01-29","dayOfWeek":4}
[2026-02-05 15:45:28] DEBUG: Found employee schedule | {"context":"ScheduleResolver","employeeId":30,"isWorkDay":true,"workDays":[1,2,3,4,5]}
[2026-02-05 15:45:28] DEBUG: Resolving schedule | {"context":"ScheduleResolver","employeeId":32,"date":"2026-01-29","dayOfWeek":4}
[2026-02-05 15:45:28] DEBUG: Found department schedule | {"context":"ScheduleResolver","employeeId":32,"departmentId":5,"isWorkDay":true,"workDays":[1,2,3,4,5]}
[2026-02-05 15:45:28] DEBUG: Resolving schedule | {"context":"ScheduleResolver","employeeId":33,"date":"2026-01-29","dayOfWeek":4}
[2026-02-05 15:45:28] DEBUG: Resolving schedule | {"context":"ScheduleResolver","employeeId":34,"date":"2026-01-29","dayOfWeek":4}
[2026-02-05 15:45:28] DEBUG: Found department schedule | {"context":"ScheduleResolver","employeeId":34,"departmentId":5,"isWorkDay":true,"workDays":[1,2,3,4,5]}
[2026-02-05 15:45:28] DEBUG: Resolving schedule | {"context":"ScheduleResolver","employeeId":35,"date":"2026-01-29","dayOfWeek":4}
[2026-02-05 15:45:28] DEBUG: Found department schedule | {"context":"ScheduleResolver","employeeId":35,"departmentId":5,"isWorkDay":true,"workDays":[1,2,3,4,5]}
[2026-02-05 15:45:28] DEBUG: Resolving schedule | {"context":"ScheduleResolver","employeeId":38,"date":"2026-01-29","dayOfWeek":4}
[2026-02-05 15:45:28] DEBUG: Resolving schedule | {"context":"ScheduleResolver","employeeId":40,"date":"2026-01-29","dayOfWeek":4}
[2026-02-05 15:45:28] DEBUG: Resolving schedule | {"context":"ScheduleResolver","employeeId":41,"date":"2026-01-29","dayOfWeek":4}
[2026-02-05 15:45:28] DEBUG: Found department schedule | {"context":"ScheduleResolver","employeeId":41,"departmentId":5,"isWorkDay":true,"workDays":[1,2,3,4,5]}
[2026-02-05 15:45:28] DEBUG: Resolving schedule | {"context":"ScheduleResolver","employeeId":42,"date":"2026-01-29","dayOfWeek":4}
[2026-02-05 15:45:28] DEBUG: Resolving schedule | {"context":"ScheduleResolver","employeeId":43,"date":"2026-01-29","dayOfWeek":4}
[2026-02-05 15:45:28] DEBUG: Found employee schedule | {"context":"ScheduleResolver","employeeId":43,"isWorkDay":true,"workDays":[1,2,3,4,5]}
[2026-02-05 15:45:28] DEBUG: Resolving schedule | {"context":"ScheduleResolver","employeeId":44,"date":"2026-01-29","dayOfWeek":4}
[2026-02-05 15:45:28] DEBUG: Resolving schedule | {"context":"ScheduleResolver","employeeId":45,"date":"2026-01-29","dayOfWeek":4}
[2026-02-05 15:45:28] DEBUG: Resolving schedule | {"context":"ScheduleResolver","employeeId":46,"date":"2026-01-29","dayOfWeek":4}
[2026-02-05 15:45:28] DEBUG: Resolving schedule | {"context":"ScheduleResolver","employeeId":47,"date":"2026-01-29","dayOfWeek":4}
[2026-02-05 15:45:28] DEBUG: Resolving schedule | {"context":"ScheduleResolver","employeeId":48,"date":"2026-01-29","dayOfWeek":4}
[2026-02-05 15:45:28] DEBUG: Resolving schedule | {"context":"ScheduleResolver","employeeId":49,"date":"2026-01-29","dayOfWeek":4}
[2026-02-05 15:45:28] DEBUG: Resolving schedule | {"context":"ScheduleResolver","employeeId":50,"date":"2026-01-29","dayOfWeek":4}
[2026-02-05 15:45:28] DEBUG: Found department schedule | {"context":"ScheduleResolver","employeeId":50,"departmentId":5,"isWorkDay":true,"workDays":[1,2,3,4,5]}
[2026-02-05 15:45:28] DEBUG: Resolving schedule | {"context":"ScheduleResolver","employeeId":51,"date":"2026-01-29","dayOfWeek":4}
[2026-02-05 15:45:28] DEBUG: Resolving schedule | {"context":"ScheduleResolver","employeeId":52,"date":"2026-01-29","dayOfWeek":4}
[2026-02-05 15:45:28] DEBUG: Resolving schedule | {"context":"ScheduleResolver","employeeId":53,"date":"2026-01-29","dayOfWeek":4}
[2026-02-05 15:45:28] DEBUG: Resolving schedule | {"context":"ScheduleResolver","employeeId":54,"date":"2026-01-29","dayOfWeek":4}
[2026-02-05 15:45:28] DEBUG: Resolving schedule | {"context":"ScheduleResolver","employeeId":55,"date":"2026-01-29","dayOfWeek":4}
[2026-02-05 15:45:28] DEBUG: Found department schedule | {"context":"ScheduleResolver","employeeId":55,"departmentId":5,"isWorkDay":true,"workDays":[1,2,3,4,5]}
[2026-02-05 15:45:28] DEBUG: Resolving schedule | {"context":"ScheduleResolver","employeeId":56,"date":"2026-01-29","dayOfWeek":4}
[2026-02-05 15:45:28] DEBUG: Resolving schedule | {"context":"ScheduleResolver","employeeId":57,"date":"2026-01-29","dayOfWeek":4}
[2026-02-05 15:45:28] DEBUG: Resolving schedule | {"context":"ScheduleResolver","employeeId":58,"date":"2026-01-29","dayOfWeek":4}
[2026-02-05 15:45:28] DEBUG: Found department schedule | {"context":"ScheduleResolver","employeeId":58,"departmentId":5,"isWorkDay":true,"workDays":[1,2,3,4,5]}
[2026-02-05 15:45:28] DEBUG: Resolving schedule | {"context":"ScheduleResolver","employeeId":59,"date":"2026-01-29","dayOfWeek":4}
[2026-02-05 15:45:28] DEBUG: Resolving schedule | {"context":"ScheduleResolver","employeeId":60,"date":"2026-01-29","dayOfWeek":4}
[2026-02-05 15:45:28] DEBUG: Found department schedule | {"context":"ScheduleResolver","employeeId":60,"departmentId":5,"isWorkDay":true,"workDays":[1,2,3,4,5]}
[2026-02-05 15:45:28] DEBUG: Resolving schedule | {"context":"ScheduleResolver","employeeId":61,"date":"2026-01-29","dayOfWeek":4}
[2026-02-05 15:45:28] DEBUG: Resolving schedule | {"context":"ScheduleResolver","employeeId":62,"date":"2026-01-29","dayOfWeek":4}
[2026-02-05 15:45:28] DEBUG: Found department schedule | {"context":"ScheduleResolver","employeeId":62,"departmentId":5,"isWorkDay":true,"workDays":[1,2,3,4,5]}
[2026-02-05 15:45:28] DEBUG: Resolving schedule | {"context":"ScheduleResolver","employeeId":63,"date":"2026-01-29","dayOfWeek":4}
[2026-02-05 15:45:28] DEBUG: Resolving schedule | {"context":"ScheduleResolver","employeeId":64,"date":"2026-01-29","dayOfWeek":4}
[2026-02-05 15:45:28] DEBUG: Resolving schedule | {"context":"ScheduleResolver","employeeId":65,"date":"2026-01-29","dayOfWeek":4}
[2026-02-05 15:45:28] DEBUG: Resolving schedule | {"context":"ScheduleResolver","employeeId":66,"date":"2026-01-29","dayOfWeek":4}
[2026-02-05 15:45:28] DEBUG: Resolving schedule | {"context":"ScheduleResolver","employeeId":67,"date":"2026-01-29","dayOfWeek":4}
[2026-02-05 15:45:28] DEBUG: Resolving schedule | {"context":"ScheduleResolver","employeeId":68,"date":"2026-01-29","dayOfWeek":4}
[2026-02-05 15:45:28] DEBUG: Resolving schedule | {"context":"ScheduleResolver","employeeId":70,"date":"2026-01-29","dayOfWeek":4}
[2026-02-05 15:45:28] DEBUG: Resolving schedule | {"context":"ScheduleResolver","employeeId":71,"date":"2026-01-29","dayOfWeek":4}
[2026-02-05 15:45:28] DEBUG: Found employee schedule | {"context":"ScheduleResolver","employeeId":71,"isWorkDay":true,"workDays":[1,2,3,4,5]}
[2026-02-05 15:45:28] DEBUG: Resolving schedule | {"context":"ScheduleResolver","employeeId":72,"date":"2026-01-29","dayOfWeek":4}
[2026-02-05 15:45:28] DEBUG: Resolving schedule | {"context":"ScheduleResolver","employeeId":73,"date":"2026-01-29","dayOfWeek":4}
[2026-02-05 15:45:28] DEBUG: Resolving schedule | {"context":"ScheduleResolver","employeeId":75,"date":"2026-01-29","dayOfWeek":4}
[2026-02-05 15:45:28] DEBUG: Resolving schedule | {"context":"ScheduleResolver","employeeId":1,"date":"2026-01-30","dayOfWeek":5}
[2026-02-05 15:45:28] DEBUG: Found employee schedule | {"context":"ScheduleResolver","employeeId":1,"isWorkDay":true,"workDays":[1,3,5]}
[2026-02-05 15:45:28] DEBUG: Resolving schedule | {"context":"ScheduleResolver","employeeId":3,"date":"2026-01-30","dayOfWeek":5}
[2026-02-05 15:45:28] DEBUG: Resolving schedule | {"context":"ScheduleResolver","employeeId":4,"date":"2026-01-30","dayOfWeek":5}
[2026-02-05 15:45:28] DEBUG: Resolving schedule | {"context":"ScheduleResolver","employeeId":5,"date":"2026-01-30","dayOfWeek":5}
[2026-02-05 15:45:28] DEBUG: Resolving schedule | {"context":"ScheduleResolver","employeeId":6,"date":"2026-01-30","dayOfWeek":5}
[2026-02-05 15:45:28] DEBUG: Found department schedule | {"context":"ScheduleResolver","employeeId":6,"departmentId":5,"isWorkDay":true,"workDays":[1,2,3,4,5]}
[2026-02-05 15:45:28] DEBUG: Resolving schedule | {"context":"ScheduleResolver","employeeId":10,"date":"2026-01-30","dayOfWeek":5}
[2026-02-05 15:45:28] DEBUG: Resolving schedule | {"context":"ScheduleResolver","employeeId":12,"date":"2026-01-30","dayOfWeek":5}
[2026-02-05 15:45:28] DEBUG: Resolving schedule | {"context":"ScheduleResolver","employeeId":15,"date":"2026-01-30","dayOfWeek":5}
[2026-02-05 15:45:28] DEBUG: Found employee schedule | {"context":"ScheduleResolver","employeeId":15,"isWorkDay":true,"workDays":[1,2,3,4,5]}
[2026-02-05 15:45:28] DEBUG: Resolving schedule | {"context":"ScheduleResolver","employeeId":17,"date":"2026-01-30","dayOfWeek":5}
[2026-02-05 15:45:28] DEBUG: Resolving schedule | {"context":"ScheduleResolver","employeeId":18,"date":"2026-01-30","dayOfWeek":5}
[2026-02-05 15:45:28] DEBUG: Resolving schedule | {"context":"ScheduleResolver","employeeId":19,"date":"2026-01-30","dayOfWeek":5}
[2026-02-05 15:45:28] DEBUG: Resolving schedule | {"context":"ScheduleResolver","employeeId":21,"date":"2026-01-30","dayOfWeek":5}
[2026-02-05 15:45:28] DEBUG: Found department schedule | {"context":"ScheduleResolver","employeeId":21,"departmentId":5,"isWorkDay":true,"workDays":[1,2,3,4,5]}
[2026-02-05 15:45:28] DEBUG: Resolving schedule | {"context":"ScheduleResolver","employeeId":23,"date":"2026-01-30","dayOfWeek":5}
[2026-02-05 15:45:28] DEBUG: Resolving schedule | {"context":"ScheduleResolver","employeeId":24,"date":"2026-01-30","dayOfWeek":5}
[2026-02-05 15:45:28] DEBUG: Resolving schedule | {"context":"ScheduleResolver","employeeId":25,"date":"2026-01-30","dayOfWeek":5}
[2026-02-05 15:45:28] DEBUG: Resolving schedule | {"context":"ScheduleResolver","employeeId":27,"date":"2026-01-30","dayOfWeek":5}
[2026-02-05 15:45:28] DEBUG: Found department schedule | {"context":"ScheduleResolver","employeeId":27,"departmentId":5,"isWorkDay":true,"workDays":[1,2,3,4,5]}
[2026-02-05 15:45:28] DEBUG: Resolving schedule | {"context":"ScheduleResolver","employeeId":28,"date":"2026-01-30","dayOfWeek":5}
[2026-02-05 15:45:28] DEBUG: Found employee schedule | {"context":"ScheduleResolver","employeeId":28,"isWorkDay":true,"workDays":[1,3,5]}
[2026-02-05 15:45:28] DEBUG: Resolving schedule | {"context":"ScheduleResolver","employeeId":29,"date":"2026-01-30","dayOfWeek":5}
[2026-02-05 15:45:28] DEBUG: Found employee schedule | {"context":"ScheduleResolver","employeeId":29,"isWorkDay":true,"workDays":[1,2,3,4,5]}
[2026-02-05 15:45:28] DEBUG: Resolving schedule | {"context":"ScheduleResolver","employeeId":30,"date":"2026-01-30","dayOfWeek":5}
[2026-02-05 15:45:28] DEBUG: Found employee schedule | {"context":"ScheduleResolver","employeeId":30,"isWorkDay":true,"workDays":[1,2,3,4,5]}
[2026-02-05 15:45:28] DEBUG: Resolving schedule | {"context":"ScheduleResolver","employeeId":32,"date":"2026-01-30","dayOfWeek":5}
[2026-02-05 15:45:28] DEBUG: Found department schedule | {"context":"ScheduleResolver","employeeId":32,"departmentId":5,"isWorkDay":true,"workDays":[1,2,3,4,5]}
[2026-02-05 15:45:28] DEBUG: Resolving schedule | {"context":"ScheduleResolver","employeeId":33,"date":"2026-01-30","dayOfWeek":5}
[2026-02-05 15:45:28] DEBUG: Resolving schedule | {"context":"ScheduleResolver","employeeId":34,"date":"2026-01-30","dayOfWeek":5}
[2026-02-05 15:45:28] DEBUG: Found department schedule | {"context":"ScheduleResolver","employeeId":34,"departmentId":5,"isWorkDay":true,"workDays":[1,2,3,4,5]}
[2026-02-05 15:45:28] DEBUG: Resolving schedule | {"context":"ScheduleResolver","employeeId":35,"date":"2026-01-30","dayOfWeek":5}
[2026-02-05 15:45:28] DEBUG: Found department schedule | {"context":"ScheduleResolver","employeeId":35,"departmentId":5,"isWorkDay":true,"workDays":[1,2,3,4,5]}
[2026-02-05 15:45:28] DEBUG: Resolving schedule | {"context":"ScheduleResolver","employeeId":36,"date":"2026-01-30","dayOfWeek":5}
[2026-02-05 15:45:28] DEBUG: Resolving schedule | {"context":"ScheduleResolver","employeeId":38,"date":"2026-01-30","dayOfWeek":5}
[2026-02-05 15:45:28] DEBUG: Resolving schedule | {"context":"ScheduleResolver","employeeId":40,"date":"2026-01-30","dayOfWeek":5}
[2026-02-05 15:45:28] DEBUG: Resolving schedule | {"context":"ScheduleResolver","employeeId":42,"date":"2026-01-30","dayOfWeek":5}
[2026-02-05 15:45:28] DEBUG: Resolving schedule | {"context":"ScheduleResolver","employeeId":43,"date":"2026-01-30","dayOfWeek":5}
[2026-02-05 15:45:28] DEBUG: Found employee schedule | {"context":"ScheduleResolver","employeeId":43,"isWorkDay":true,"workDays":[1,2,3,4,5]}
[2026-02-05 15:45:28] DEBUG: Resolving schedule | {"context":"ScheduleResolver","employeeId":44,"date":"2026-01-30","dayOfWeek":5}
[2026-02-05 15:45:28] DEBUG: Resolving schedule | {"context":"ScheduleResolver","employeeId":45,"date":"2026-01-30","dayOfWeek":5}
[2026-02-05 15:45:28] DEBUG: Resolving schedule | {"context":"ScheduleResolver","employeeId":46,"date":"2026-01-30","dayOfWeek":5}
[2026-02-05 15:45:28] DEBUG: Resolving schedule | {"context":"ScheduleResolver","employeeId":47,"date":"2026-01-30","dayOfWeek":5}
[2026-02-05 15:45:28] DEBUG: Resolving schedule | {"context":"ScheduleResolver","employeeId":48,"date":"2026-01-30","dayOfWeek":5}
[2026-02-05 15:45:28] DEBUG: Resolving schedule | {"context":"ScheduleResolver","employeeId":49,"date":"2026-01-30","dayOfWeek":5}
[2026-02-05 15:45:28] DEBUG: Resolving schedule | {"context":"ScheduleResolver","employeeId":50,"date":"2026-01-30","dayOfWeek":5}
[2026-02-05 15:45:28] DEBUG: Found department schedule | {"context":"ScheduleResolver","employeeId":50,"departmentId":5,"isWorkDay":true,"workDays":[1,2,3,4,5]}
[2026-02-05 15:45:28] DEBUG: Resolving schedule | {"context":"ScheduleResolver","employeeId":51,"date":"2026-01-30","dayOfWeek":5}
[2026-02-05 15:45:28] DEBUG: Resolving schedule | {"context":"ScheduleResolver","employeeId":52,"date":"2026-01-30","dayOfWeek":5}
[2026-02-05 15:45:28] DEBUG: Resolving schedule | {"context":"ScheduleResolver","employeeId":53,"date":"2026-01-30","dayOfWeek":5}
[2026-02-05 15:45:28] DEBUG: Resolving schedule | {"context":"ScheduleResolver","employeeId":54,"date":"2026-01-30","dayOfWeek":5}
[2026-02-05 15:45:28] DEBUG: Resolving schedule | {"context":"ScheduleResolver","employeeId":55,"date":"2026-01-30","dayOfWeek":5}
[2026-02-05 15:45:28] DEBUG: Found department schedule | {"context":"ScheduleResolver","employeeId":55,"departmentId":5,"isWorkDay":true,"workDays":[1,2,3,4,5]}
[2026-02-05 15:45:28] DEBUG: Resolving schedule | {"context":"ScheduleResolver","employeeId":56,"date":"2026-01-30","dayOfWeek":5}
[2026-02-05 15:45:28] DEBUG: Resolving schedule | {"context":"ScheduleResolver","employeeId":57,"date":"2026-01-30","dayOfWeek":5}
[2026-02-05 15:45:28] DEBUG: Resolving schedule | {"context":"ScheduleResolver","employeeId":58,"date":"2026-01-30","dayOfWeek":5}
[2026-02-05 15:45:28] DEBUG: Found department schedule | {"context":"ScheduleResolver","employeeId":58,"departmentId":5,"isWorkDay":true,"workDays":[1,2,3,4,5]}
[2026-02-05 15:45:28] DEBUG: Resolving schedule | {"context":"ScheduleResolver","employeeId":59,"date":"2026-01-30","dayOfWeek":5}
[2026-02-05 15:45:28] DEBUG: Resolving schedule | {"context":"ScheduleResolver","employeeId":60,"date":"2026-01-30","dayOfWeek":5}
[2026-02-05 15:45:28] DEBUG: Found department schedule | {"context":"ScheduleResolver","employeeId":60,"departmentId":5,"isWorkDay":true,"workDays":[1,2,3,4,5]}
[2026-02-05 15:45:28] DEBUG: Resolving schedule | {"context":"ScheduleResolver","employeeId":61,"date":"2026-01-30","dayOfWeek":5}
[2026-02-05 15:45:28] DEBUG: Resolving schedule | {"context":"ScheduleResolver","employeeId":62,"date":"2026-01-30","dayOfWeek":5}
[2026-02-05 15:45:28] DEBUG: Found department schedule | {"context":"ScheduleResolver","employeeId":62,"departmentId":5,"isWorkDay":true,"workDays":[1,2,3,4,5]}
[2026-02-05 15:45:28] DEBUG: Resolving schedule | {"context":"ScheduleResolver","employeeId":63,"date":"2026-01-30","dayOfWeek":5}
[2026-02-05 15:45:28] DEBUG: Resolving schedule | {"context":"ScheduleResolver","employeeId":64,"date":"2026-01-30","dayOfWeek":5}
[2026-02-05 15:45:28] DEBUG: Resolving schedule | {"context":"ScheduleResolver","employeeId":65,"date":"2026-01-30","dayOfWeek":5}
[2026-02-05 15:45:28] DEBUG: Resolving schedule | {"context":"ScheduleResolver","employeeId":66,"date":"2026-01-30","dayOfWeek":5}
[2026-02-05 15:45:28] DEBUG: Resolving schedule | {"context":"ScheduleResolver","employeeId":67,"date":"2026-01-30","dayOfWeek":5}
[2026-02-05 15:45:28] DEBUG: Resolving schedule | {"context":"ScheduleResolver","employeeId":68,"date":"2026-01-30","dayOfWeek":5}
[2026-02-05 15:45:28] DEBUG: Resolving schedule | {"context":"ScheduleResolver","employeeId":71,"date":"2026-01-30","dayOfWeek":5}
[2026-02-05 15:45:28] DEBUG: Found employee schedule | {"context":"ScheduleResolver","employeeId":71,"isWorkDay":true,"workDays":[1,2,3,4,5]}
[2026-02-05 15:45:28] DEBUG: Resolving schedule | {"context":"ScheduleResolver","employeeId":72,"date":"2026-01-30","dayOfWeek":5}
[2026-02-05 15:45:28] DEBUG: Resolving schedule | {"context":"ScheduleResolver","employeeId":73,"date":"2026-01-30","dayOfWeek":5}
[2026-02-05 15:45:28] DEBUG: Resolving schedule | {"context":"ScheduleResolver","employeeId":75,"date":"2026-01-30","dayOfWeek":5}
[2026-02-05 15:45:28] DEBUG: Resolving schedule | {"context":"ScheduleResolver","employeeId":2,"date":"2026-01-31","dayOfWeek":6}
[2026-02-05 15:45:28] DEBUG: Found employee schedule | {"context":"ScheduleResolver","employeeId":2,"isWorkDay":true,"workDays":[2,4,6]}
[2026-02-05 15:45:28] DEBUG: Resolving schedule | {"context":"ScheduleResolver","employeeId":70,"date":"2026-01-31","dayOfWeek":6}
[2026-02-05 15:45:28] INFO: Time records recalculation completed | {"context":"ScheduleResolver","dateFrom":"2026-01-01","dateTo":"2026-01-31","updatedCount":1099}
[2026-02-05 15:45:28] INFO: POST /recalculate | {"status":200,"duration":"136ms"}
[2026-02-05 15:45:28] INFO: Starting violation calculation | {"context":"ViolationsAPI","year":2026,"month":1}
[2026-02-05 15:45:28] INFO: Starting monthly violation calculation | {"context":"ViolationCalculator","year":2026,"month":1}
[2026-02-05 15:45:28] INFO: Monthly violation calculation completed | {"context":"ViolationCalculator","year":2026,"month":1,"processedCount":75}
[2026-02-05 15:45:28] INFO: POST /calculate | {"status":200,"duration":"12ms"}
[2026-02-05 15:45:28] INFO: GET /report | {"status":200,"duration":"2ms","query":{"year":"2026","month":"1","sortBy":"violation_count","sortOrder":"desc"}}
[2026-02-05 15:45:32] INFO: GET / | {"status":304,"duration":"1ms"}
[2026-02-05 15:45:32] INFO: GET / | {"status":304,"duration":"1ms"}
[2026-02-05 15:45:32] INFO: GET / | {"status":304,"duration":"0ms"}
[2026-02-05 15:45:32] INFO: GET / | {"status":304,"duration":"1ms"}
[2026-02-05 15:45:32] INFO: GET / | {"status":200,"duration":"0ms","query":{"limit":"1000"}}
[2026-02-05 15:45:32] INFO: GET / | {"status":304,"duration":"0ms","query":{"limit":"1000"}}
[2026-02-05 15:45:32] INFO: GET /exceptions/list | {"status":304,"duration":"1ms"}
[2026-02-05 15:45:32] INFO: GET /exceptions/list | {"status":304,"duration":"0ms"}
[2026-02-05 15:45:32] INFO: GET /calculation | {"status":304,"duration":"0ms"}
[2026-02-05 15:45:32] INFO: GET /calculation | {"status":304,"duration":"0ms"}
[2026-02-05 15:45:33] INFO: Compensation records fetched | {"context":"CompensationAPI","count":0,"year":"2026","month":"2"}
[2026-02-05 15:45:33] INFO: GET / | {"status":304,"duration":"1ms","query":{"year":"2026","month":"2"}}
[2026-02-05 15:45:33] INFO: Compensation records fetched | {"context":"CompensationAPI","count":0,"year":"2026","month":"2"}
[2026-02-05 15:45:33] INFO: GET / | {"status":304,"duration":"0ms","query":{"year":"2026","month":"2"}}
[2026-02-05 15:45:36] INFO: Compensation records fetched | {"context":"CompensationAPI","count":0,"year":"2026","month":"1"}
[2026-02-05 15:45:36] INFO: GET / | {"status":200,"duration":"1ms","query":{"year":"2026","month":"1"}}
[2026-02-05 15:45:37] INFO: Generating compensation template | {"context":"CompensationAPI"}
[2026-02-05 15:45:37] INFO: Template generated successfully | {"context":"CompensationAPI"}
[2026-02-05 15:45:37] INFO: GET /template | {"status":200,"duration":"25ms"}
[2026-02-05 15:47:03] INFO: GET / | {"status":304,"duration":"1ms"}
[2026-02-05 15:47:03] INFO: GET / | {"status":304,"duration":"1ms"}
[2026-02-05 15:47:03] INFO: GET / | {"status":304,"duration":"1ms"}
[2026-02-05 15:47:03] INFO: GET / | {"status":304,"duration":"0ms"}
[2026-02-05 15:47:03] INFO: GET / | {"status":304,"duration":"1ms","query":{"limit":"1000"}}
[2026-02-05 15:47:03] INFO: GET / | {"status":304,"duration":"1ms","query":{"limit":"1000"}}
[2026-02-05 15:47:03] INFO: GET /exceptions/list | {"status":304,"duration":"0ms"}
[2026-02-05 15:47:03] INFO: GET /exceptions/list | {"status":304,"duration":"0ms"}
[2026-02-05 15:47:03] INFO: GET /calculation | {"status":304,"duration":"0ms"}
[2026-02-05 15:47:03] INFO: GET /calculation | {"status":304,"duration":"0ms"}
[2026-02-05 15:47:18] INFO: Starting import | {"context":"ImportAPI","fileName":"Monthly Details_2026-01-01_2026-01-31.xlsx","size":13268,"userFileType":"details"}
[2026-02-05 15:47:18] INFO: Starting Excel parse | {"context":"ExcelParser"}
[2026-02-05 15:47:18] INFO: Found time period in row 7 | {"context":"ExcelParser","startYear":2026,"startMonth":1,"endYear":2026,"endMonth":1}
[2026-02-05 15:47:18] DEBUG: Found header row | {"context":"ExcelParser","row":7,"valA":"name","valB":"id","valC":"department"}
[2026-02-05 15:47:18] INFO: Header row found | {"context":"ExcelParser","headerRowIndex":7}
[2026-02-05 15:47:18] INFO: Detected file type from title: details | {"context":"ExcelParser","value":"monthly details"}
[2026-02-05 15:47:18] INFO: Detected file type | {"context":"ExcelParser","fileType":"details","sampleCount":50}
[2026-02-05 15:47:18] INFO: Excel parse completed | {"context":"ExcelParser","employeeCount":75,"dateColumns":22,"fileType":"details","errors":0,"warnings":0}
[2026-02-05 15:47:18] INFO: Using file type | {"context":"ImportAPI","detected":"details","userSpecified":"details","effective":"details"}
[2026-02-05 15:47:18] WARN: Invalid status code detected, defaulting to NS | {"context":"ExcelParser","original":"-","normalized":"-"}
[2026-02-05 15:47:18] WARN: Invalid status code detected, defaulting to NS | {"context":"ExcelParser","original":"-","normalized":"-"}
[2026-02-05 15:47:18] WARN: Invalid status code detected, defaulting to NS | {"context":"ExcelParser","original":"-","normalized":"-"}
[2026-02-05 15:47:18] WARN: Invalid status code detected, defaulting to NS | {"context":"ExcelParser","original":"-","normalized":"-"}
[2026-02-05 15:47:18] WARN: Invalid status code detected, defaulting to NS | {"context":"ExcelParser","original":"-","normalized":"-"}
[2026-02-05 15:47:18] WARN: Invalid status code detected, defaulting to NS | {"context":"ExcelParser","original":"-","normalized":"-"}
[2026-02-05 15:47:18] WARN: Invalid status code detected, defaulting to NS | {"context":"ExcelParser","original":"-","normalized":"-"}
[2026-02-05 15:47:18] WARN: Invalid status code detected, defaulting to NS | {"context":"ExcelParser","original":"-","normalized":"-"}
[2026-02-05 15:47:18] WARN: Invalid status code detected, defaulting to NS | {"context":"ExcelParser","original":"-","normalized":"-"}
[2026-02-05 15:47:18] WARN: Invalid status code detected, defaulting to NS | {"context":"ExcelParser","original":"-","normalized":"-"}
[2026-02-05 15:47:18] WARN: Invalid status code detected, defaulting to NS | {"context":"ExcelParser","original":"-","normalized":"-"}
[2026-02-05 15:47:18] WARN: Invalid status code detected, defaulting to NS | {"context":"ExcelParser","original":"-","normalized":"-"}
[2026-02-05 15:47:18] WARN: Invalid status code detected, defaulting to NS | {"context":"ExcelParser","original":"-","normalized":"-"}
[2026-02-05 15:47:18] WARN: Invalid status code detected, defaulting to NS | {"context":"ExcelParser","original":"-","normalized":"-"}
[2026-02-05 15:47:18] WARN: Invalid status code detected, defaulting to NS | {"context":"ExcelParser","original":"-","normalized":"-"}
[2026-02-05 15:47:18] WARN: Invalid status code detected, defaulting to NS | {"context":"ExcelParser","original":"-","normalized":"-"}
[2026-02-05 15:47:18] WARN: Invalid status code detected, defaulting to NS | {"context":"ExcelParser","original":"-","normalized":"-"}
[2026-02-05 15:47:18] WARN: Invalid status code detected, defaulting to NS | {"context":"ExcelParser","original":"-","normalized":"-"}
[2026-02-05 15:47:18] WARN: Invalid status code detected, defaulting to NS | {"context":"ExcelParser","original":"-","normalized":"-"}
[2026-02-05 15:47:18] WARN: Invalid status code detected, defaulting to NS | {"context":"ExcelParser","original":"-","normalized":"-"}
[2026-02-05 15:47:18] WARN: Invalid status code detected, defaulting to NS | {"context":"ExcelParser","original":"-","normalized":"-"}
[2026-02-05 15:47:18] WARN: Invalid status code detected, defaulting to NS | {"context":"ExcelParser","original":"-","normalized":"-"}
[2026-02-05 15:47:18] WARN: Invalid status code detected, defaulting to NS | {"context":"ExcelParser","original":"-","normalized":"-"}
[2026-02-05 15:47:18] WARN: Invalid status code detected, defaulting to NS | {"context":"ExcelParser","original":"-","normalized":"-"}
[2026-02-05 15:47:18] WARN: Invalid status code detected, defaulting to NS | {"context":"ExcelParser","original":"-","normalized":"-"}
[2026-02-05 15:47:18] WARN: Invalid status code detected, defaulting to NS | {"context":"ExcelParser","original":"-","normalized":"-"}
[2026-02-05 15:47:18] WARN: Invalid status code detected, defaulting to NS | {"context":"ExcelParser","original":"-","normalized":"-"}
[2026-02-05 15:47:18] WARN: Invalid status code detected, defaulting to NS | {"context":"ExcelParser","original":"-","normalized":"-"}
[2026-02-05 15:47:18] WARN: Invalid status code detected, defaulting to NS | {"context":"ExcelParser","original":"-","normalized":"-"}
[2026-02-05 15:47:18] WARN: Invalid status code detected, defaulting to NS | {"context":"ExcelParser","original":"-","normalized":"-"}
[2026-02-05 15:47:18] WARN: Invalid status code detected, defaulting to NS | {"context":"ExcelParser","original":"-","normalized":"-"}
[2026-02-05 15:47:18] WARN: Invalid status code detected, defaulting to NS | {"context":"ExcelParser","original":"-","normalized":"-"}
[2026-02-05 15:47:18] WARN: Invalid status code detected, defaulting to NS | {"context":"ExcelParser","original":"-","normalized":"-"}
[2026-02-05 15:47:18] WARN: Invalid status code detected, defaulting to NS | {"context":"ExcelParser","original":"-","normalized":"-"}
[2026-02-05 15:47:18] WARN: Invalid status code detected, defaulting to NS | {"context":"ExcelParser","original":"-","normalized":"-"}
[2026-02-05 15:47:18] WARN: Invalid status code detected, defaulting to NS | {"context":"ExcelParser","original":"-","normalized":"-"}
[2026-02-05 15:47:18] WARN: Invalid status code detected, defaulting to NS | {"context":"ExcelParser","original":"-","normalized":"-"}
[2026-02-05 15:47:18] WARN: Invalid status code detected, defaulting to NS | {"context":"ExcelParser","original":"-","normalized":"-"}
[2026-02-05 15:47:18] WARN: Invalid status code detected, defaulting to NS | {"context":"ExcelParser","original":"-","normalized":"-"}
[2026-02-05 15:47:18] WARN: Invalid status code detected, defaulting to NS | {"context":"ExcelParser","original":"-","normalized":"-"}
[2026-02-05 15:47:18] WARN: Invalid status code detected, defaulting to NS | {"context":"ExcelParser","original":"-","normalized":"-"}
[2026-02-05 15:47:18] WARN: Invalid status code detected, defaulting to NS | {"context":"ExcelParser","original":"-","normalized":"-"}
[2026-02-05 15:47:18] WARN: Invalid status code detected, defaulting to NS | {"context":"ExcelParser","original":"-","normalized":"-"}
[2026-02-05 15:47:18] WARN: Invalid status code detected, defaulting to NS | {"context":"ExcelParser","original":"-","normalized":"-"}
[2026-02-05 15:47:18] WARN: Invalid status code detected, defaulting to NS | {"context":"ExcelParser","original":"-","normalized":"-"}
[2026-02-05 15:47:18] WARN: Invalid status code detected, defaulting to NS | {"context":"ExcelParser","original":"-","normalized":"-"}
[2026-02-05 15:47:18] WARN: Invalid status code detected, defaulting to NS | {"context":"ExcelParser","original":"-","normalized":"-"}
[2026-02-05 15:47:18] WARN: Invalid status code detected, defaulting to NS | {"context":"ExcelParser","original":"-","normalized":"-"}
[2026-02-05 15:47:18] WARN: Invalid status code detected, defaulting to NS | {"context":"ExcelParser","original":"-","normalized":"-"}
[2026-02-05 15:47:18] WARN: Invalid status code detected, defaulting to NS | {"context":"ExcelParser","original":"-","normalized":"-"}
[2026-02-05 15:47:18] WARN: Invalid status code detected, defaulting to NS | {"context":"ExcelParser","original":"-","normalized":"-"}
[2026-02-05 15:47:18] WARN: Invalid status code detected, defaulting to NS | {"context":"ExcelParser","original":"-","normalized":"-"}
[2026-02-05 15:47:18] WARN: Invalid status code detected, defaulting to NS | {"context":"ExcelParser","original":"-","normalized":"-"}
[2026-02-05 15:47:18] WARN: Invalid status code detected, defaulting to NS | {"context":"ExcelParser","original":"-","normalized":"-"}
[2026-02-05 15:47:18] WARN: Invalid status code detected, defaulting to NS | {"context":"ExcelParser","original":"-","normalized":"-"}
[2026-02-05 15:47:18] WARN: Invalid status code detected, defaulting to NS | {"context":"ExcelParser","original":"-","normalized":"-"}
[2026-02-05 15:47:18] WARN: Invalid status code detected, defaulting to NS | {"context":"ExcelParser","original":"-","normalized":"-"}
[2026-02-05 15:47:18] WARN: Invalid status code detected, defaulting to NS | {"context":"ExcelParser","original":"-","normalized":"-"}
[2026-02-05 15:47:18] WARN: Invalid status code detected, defaulting to NS | {"context":"ExcelParser","original":"-","normalized":"-"}
[2026-02-05 15:47:18] WARN: Invalid status code detected, defaulting to NS | {"context":"ExcelParser","original":"-","normalized":"-"}
[2026-02-05 15:47:18] WARN: Invalid status code detected, defaulting to NS | {"context":"ExcelParser","original":"-","normalized":"-"}
[2026-02-05 15:47:18] WARN: Invalid status code detected, defaulting to NS | {"context":"ExcelParser","original":"-","normalized":"-"}
[2026-02-05 15:47:18] WARN: Invalid status code detected, defaulting to NS | {"context":"ExcelParser","original":"-","normalized":"-"}
[2026-02-05 15:47:18] WARN: Invalid status code detected, defaulting to NS | {"context":"ExcelParser","original":"-","normalized":"-"}
[2026-02-05 15:47:18] WARN: Invalid status code detected, defaulting to NS | {"context":"ExcelParser","original":"-","normalized":"-"}
[2026-02-05 15:47:18] WARN: Invalid status code detected, defaulting to NS | {"context":"ExcelParser","original":"-","normalized":"-"}
[2026-02-05 15:47:18] WARN: Invalid status code detected, defaulting to NS | {"context":"ExcelParser","original":"-","normalized":"-"}
[2026-02-05 15:47:18] WARN: Invalid status code detected, defaulting to NS | {"context":"ExcelParser","original":"-","normalized":"-"}
[2026-02-05 15:47:18] WARN: Invalid status code detected, defaulting to NS | {"context":"ExcelParser","original":"-","normalized":"-"}
[2026-02-05 15:47:18] WARN: Invalid status code detected, defaulting to NS | {"context":"ExcelParser","original":"-","normalized":"-"}
[2026-02-05 15:47:18] WARN: Invalid status code detected, defaulting to NS | {"context":"ExcelParser","original":"-","normalized":"-"}
[2026-02-05 15:47:18] WARN: Invalid status code detected, defaulting to NS | {"context":"ExcelParser","original":"-","normalized":"-"}
[2026-02-05 15:47:18] WARN: Invalid status code detected, defaulting to NS | {"context":"ExcelParser","original":"-","normalized":"-"}
[2026-02-05 15:47:18] WARN: Invalid status code detected, defaulting to NS | {"context":"ExcelParser","original":"-","normalized":"-"}
[2026-02-05 15:47:18] WARN: Invalid status code detected, defaulting to NS | {"context":"ExcelParser","original":"-","normalized":"-"}
[2026-02-05 15:47:18] WARN: Invalid status code detected, defaulting to NS | {"context":"ExcelParser","original":"-","normalized":"-"}
[2026-02-05 15:47:18] WARN: Invalid status code detected, defaulting to NS | {"context":"ExcelParser","original":"-","normalized":"-"}
[2026-02-05 15:47:18] WARN: Invalid status code detected, defaulting to NS | {"context":"ExcelParser","original":"-","normalized":"-"}
[2026-02-05 15:47:18] WARN: Invalid status code detected, defaulting to NS | {"context":"ExcelParser","original":"-","normalized":"-"}
[2026-02-05 15:47:18] WARN: Invalid status code detected, defaulting to NS | {"context":"ExcelParser","original":"-","normalized":"-"}
[2026-02-05 15:47:18] WARN: Invalid status code detected, defaulting to NS | {"context":"ExcelParser","original":"-","normalized":"-"}
[2026-02-05 15:47:18] WARN: Invalid status code detected, defaulting to NS | {"context":"ExcelParser","original":"-","normalized":"-"}
[2026-02-05 15:47:18] WARN: Invalid status code detected, defaulting to NS | {"context":"ExcelParser","original":"-","normalized":"-"}
[2026-02-05 15:47:18] WARN: Invalid status code detected, defaulting to NS | {"context":"ExcelParser","original":"-","normalized":"-"}
[2026-02-05 15:47:18] WARN: Invalid status code detected, defaulting to NS | {"context":"ExcelParser","original":"-","normalized":"-"}
[2026-02-05 15:47:18] WARN: Invalid status code detected, defaulting to NS | {"context":"ExcelParser","original":"-","normalized":"-"}
[2026-02-05 15:47:18] WARN: Invalid status code detected, defaulting to NS | {"context":"ExcelParser","original":"-","normalized":"-"}
[2026-02-05 15:47:18] WARN: Invalid status code detected, defaulting to NS | {"context":"ExcelParser","original":"-","normalized":"-"}
[2026-02-05 15:47:18] WARN: Invalid status code detected, defaulting to NS | {"context":"ExcelParser","original":"-","normalized":"-"}
[2026-02-05 15:47:18] WARN: Invalid status code detected, defaulting to NS | {"context":"ExcelParser","original":"-","normalized":"-"}
[2026-02-05 15:47:18] WARN: Invalid status code detected, defaulting to NS | {"context":"ExcelParser","original":"-","normalized":"-"}
[2026-02-05 15:47:18] WARN: Invalid status code detected, defaulting to NS | {"context":"ExcelParser","original":"-","normalized":"-"}
[2026-02-05 15:47:18] WARN: Invalid status code detected, defaulting to NS | {"context":"ExcelParser","original":"-","normalized":"-"}
[2026-02-05 15:47:18] WARN: Invalid status code detected, defaulting to NS | {"context":"ExcelParser","original":"-","normalized":"-"}
[2026-02-05 15:47:18] WARN: Invalid status code detected, defaulting to NS | {"context":"ExcelParser","original":"-","normalized":"-"}
[2026-02-05 15:47:18] WARN: Invalid status code detected, defaulting to NS | {"context":"ExcelParser","original":"-","normalized":"-"}
[2026-02-05 15:47:18] WARN: Invalid status code detected, defaulting to NS | {"context":"ExcelParser","original":"-","normalized":"-"}
[2026-02-05 15:47:18] WARN: Invalid status code detected, defaulting to NS | {"context":"ExcelParser","original":"-","normalized":"-"}
[2026-02-05 15:47:18] WARN: Invalid status code detected, defaulting to NS | {"context":"ExcelParser","original":"-","normalized":"-"}
[2026-02-05 15:47:18] WARN: Invalid status code detected, defaulting to NS | {"context":"ExcelParser","original":"-","normalized":"-"}
[2026-02-05 15:47:18] WARN: Invalid status code detected, defaulting to NS | {"context":"ExcelParser","original":"-","normalized":"-"}
[2026-02-05 15:47:18] WARN: Invalid status code detected, defaulting to NS | {"context":"ExcelParser","original":"-","normalized":"-"}
[2026-02-05 15:47:18] WARN: Invalid status code detected, defaulting to NS | {"context":"ExcelParser","original":"-","normalized":"-"}
[2026-02-05 15:47:18] WARN: Invalid status code detected, defaulting to NS | {"context":"ExcelParser","original":"-","normalized":"-"}
[2026-02-05 15:47:18] WARN: Invalid status code detected, defaulting to NS | {"context":"ExcelParser","original":"-","normalized":"-"}
[2026-02-05 15:47:18] WARN: Invalid status code detected, defaulting to NS | {"context":"ExcelParser","original":"-","normalized":"-"}
[2026-02-05 15:47:18] WARN: Invalid status code detected, defaulting to NS | {"context":"ExcelParser","original":"-","normalized":"-"}
[2026-02-05 15:47:18] WARN: Invalid status code detected, defaulting to NS | {"context":"ExcelParser","original":"-","normalized":"-"}
[2026-02-05 15:47:18] WARN: Invalid status code detected, defaulting to NS | {"context":"ExcelParser","original":"-","normalized":"-"}
[2026-02-05 15:47:18] WARN: Invalid status code detected, defaulting to NS | {"context":"ExcelParser","original":"-","normalized":"-"}
[2026-02-05 15:47:18] WARN: Invalid status code detected, defaulting to NS | {"context":"ExcelParser","original":"-","normalized":"-"}
[2026-02-05 15:47:18] WARN: Invalid status code detected, defaulting to NS | {"context":"ExcelParser","original":"-","normalized":"-"}
[2026-02-05 15:47:18] WARN: Invalid status code detected, defaulting to NS | {"context":"ExcelParser","original":"-","normalized":"-"}
[2026-02-05 15:47:18] WARN: Invalid status code detected, defaulting to NS | {"context":"ExcelParser","original":"-","normalized":"-"}
[2026-02-05 15:47:18] WARN: Invalid status code detected, defaulting to NS | {"context":"ExcelParser","original":"-","normalized":"-"}
[2026-02-05 15:47:18] WARN: Invalid status code detected, defaulting to NS | {"context":"ExcelParser","original":"-","normalized":"-"}
[2026-02-05 15:47:18] WARN: Invalid status code detected, defaulting to NS | {"context":"ExcelParser","original":"-","normalized":"-"}
[2026-02-05 15:47:18] WARN: Invalid status code detected, defaulting to NS | {"context":"ExcelParser","original":"-","normalized":"-"}
[2026-02-05 15:47:18] WARN: Invalid status code detected, defaulting to NS | {"context":"ExcelParser","original":"-","normalized":"-"}
[2026-02-05 15:47:18] WARN: Invalid status code detected, defaulting to NS | {"context":"ExcelParser","original":"-","normalized":"-"}
[2026-02-05 15:47:18] WARN: Invalid status code detected, defaulting to NS | {"context":"ExcelParser","original":"-","normalized":"-"}
[2026-02-05 15:47:18] WARN: Invalid status code detected, defaulting to NS | {"context":"ExcelParser","original":"-","normalized":"-"}
[2026-02-05 15:47:18] WARN: Invalid status code detected, defaulting to NS | {"context":"ExcelParser","original":"-","normalized":"-"}
[2026-02-05 15:47:18] WARN: Invalid status code detected, defaulting to NS | {"context":"ExcelParser","original":"-","normalized":"-"}
[2026-02-05 15:47:18] WARN: Invalid status code detected, defaulting to NS | {"context":"ExcelParser","original":"-","normalized":"-"}
[2026-02-05 15:47:18] WARN: Invalid status code detected, defaulting to NS | {"context":"ExcelParser","original":"-","normalized":"-"}
[2026-02-05 15:47:18] WARN: Invalid status code detected, defaulting to NS | {"context":"ExcelParser","original":"-","normalized":"-"}
[2026-02-05 15:47:18] WARN: Invalid status code detected, defaulting to NS | {"context":"ExcelParser","original":"-","normalized":"-"}
[2026-02-05 15:47:18] WARN: Invalid status code detected, defaulting to NS | {"context":"ExcelParser","original":"-","normalized":"-"}
[2026-02-05 15:47:18] WARN: Invalid status code detected, defaulting to NS | {"context":"ExcelParser","original":"-","normalized":"-"}
[2026-02-05 15:47:18] WARN: Invalid status code detected, defaulting to NS | {"context":"ExcelParser","original":"-","normalized":"-"}
[2026-02-05 15:47:18] WARN: Invalid status code detected, defaulting to NS | {"context":"ExcelParser","original":"-","normalized":"-"}
[2026-02-05 15:47:18] WARN: Invalid status code detected, defaulting to NS | {"context":"ExcelParser","original":"-","normalized":"-"}
[2026-02-05 15:47:18] WARN: Invalid status code detected, defaulting to NS | {"context":"ExcelParser","original":"-","normalized":"-"}
[2026-02-05 15:47:18] WARN: Invalid status code detected, defaulting to NS | {"context":"ExcelParser","original":"-","normalized":"-"}
[2026-02-05 15:47:18] WARN: Invalid status code detected, defaulting to NS | {"context":"ExcelParser","original":"-","normalized":"-"}
[2026-02-05 15:47:18] WARN: Invalid status code detected, defaulting to NS | {"context":"ExcelParser","original":"-","normalized":"-"}
[2026-02-05 15:47:18] WARN: Invalid status code detected, defaulting to NS | {"context":"ExcelParser","original":"-","normalized":"-"}
[2026-02-05 15:47:18] WARN: Invalid status code detected, defaulting to NS | {"context":"ExcelParser","original":"-","normalized":"-"}
[2026-02-05 15:47:18] WARN: Invalid status code detected, defaulting to NS | {"context":"ExcelParser","original":"-","normalized":"-"}
[2026-02-05 15:47:18] WARN: Invalid status code detected, defaulting to NS | {"context":"ExcelParser","original":"-","normalized":"-"}
[2026-02-05 15:47:18] WARN: Invalid status code detected, defaulting to NS | {"context":"ExcelParser","original":"-","normalized":"-"}
[2026-02-05 15:47:18] WARN: Invalid status code detected, defaulting to NS | {"context":"ExcelParser","original":"-","normalized":"-"}
[2026-02-05 15:47:18] WARN: Invalid status code detected, defaulting to NS | {"context":"ExcelParser","original":"-","normalized":"-"}
[2026-02-05 15:47:18] WARN: Invalid status code detected, defaulting to NS | {"context":"ExcelParser","original":"-","normalized":"-"}
[2026-02-05 15:47:18] WARN: Invalid status code detected, defaulting to NS | {"context":"ExcelParser","original":"-","normalized":"-"}
[2026-02-05 15:47:18] WARN: Invalid status code detected, defaulting to NS | {"context":"ExcelParser","original":"-","normalized":"-"}
[2026-02-05 15:47:18] WARN: Invalid status code detected, defaulting to NS | {"context":"ExcelParser","original":"-","normalized":"-"}
[2026-02-05 15:47:18] WARN: Invalid status code detected, defaulting to NS | {"context":"ExcelParser","original":"-","normalized":"-"}
[2026-02-05 15:47:18] WARN: Invalid status code detected, defaulting to NS | {"context":"ExcelParser","original":"-","normalized":"-"}
[2026-02-05 15:47:18] WARN: Invalid status code detected, defaulting to NS | {"context":"ExcelParser","original":"-","normalized":"-"}
[2026-02-05 15:47:18] WARN: Invalid status code detected, defaulting to NS | {"context":"ExcelParser","original":"-","normalized":"-"}
[2026-02-05 15:47:18] WARN: Invalid status code detected, defaulting to NS | {"context":"ExcelParser","original":"-","normalized":"-"}
[2026-02-05 15:47:18] WARN: Invalid status code detected, defaulting to NS | {"context":"ExcelParser","original":"-","normalized":"-"}
[2026-02-05 15:47:18] WARN: Invalid status code detected, defaulting to NS | {"context":"ExcelParser","original":"-","normalized":"-"}
[2026-02-05 15:47:18] WARN: Invalid status code detected, defaulting to NS | {"context":"ExcelParser","original":"-","normalized":"-"}
[2026-02-05 15:47:18] WARN: Invalid status code detected, defaulting to NS | {"context":"ExcelParser","original":"-","normalized":"-"}
[2026-02-05 15:47:18] WARN: Invalid status code detected, defaulting to NS | {"context":"ExcelParser","original":"-","normalized":"-"}
[2026-02-05 15:47:18] WARN: Invalid status code detected, defaulting to NS | {"context":"ExcelParser","original":"-","normalized":"-"}
[2026-02-05 15:47:18] WARN: Invalid status code detected, defaulting to NS | {"context":"ExcelParser","original":"-","normalized":"-"}
[2026-02-05 15:47:18] WARN: Invalid status code detected, defaulting to NS | {"context":"ExcelParser","original":"-","normalized":"-"}
[2026-02-05 15:47:18] WARN: Invalid status code detected, defaulting to NS | {"context":"ExcelParser","original":"-","normalized":"-"}
[2026-02-05 15:47:18] WARN: Invalid status code detected, defaulting to NS | {"context":"ExcelParser","original":"-","normalized":"-"}
[2026-02-05 15:47:18] WARN: Invalid status code detected, defaulting to NS | {"context":"ExcelParser","original":"-","normalized":"-"}
[2026-02-05 15:47:18] WARN: Invalid status code detected, defaulting to NS | {"context":"ExcelParser","original":"-","normalized":"-"}
[2026-02-05 15:47:18] WARN: Invalid status code detected, defaulting to NS | {"context":"ExcelParser","original":"-","normalized":"-"}
[2026-02-05 15:47:18] WARN: Invalid status code detected, defaulting to NS | {"context":"ExcelParser","original":"-","normalized":"-"}
[2026-02-05 15:47:18] WARN: Invalid status code detected, defaulting to NS | {"context":"ExcelParser","original":"-","normalized":"-"}
[2026-02-05 15:47:18] WARN: Invalid status code detected, defaulting to NS | {"context":"ExcelParser","original":"-","normalized":"-"}
[2026-02-05 15:47:18] WARN: Invalid status code detected, defaulting to NS | {"context":"ExcelParser","original":"-","normalized":"-"}
[2026-02-05 15:47:18] WARN: Invalid status code detected, defaulting to NS | {"context":"ExcelParser","original":"-","normalized":"-"}
[2026-02-05 15:47:18] WARN: Invalid status code detected, defaulting to NS | {"context":"ExcelParser","original":"-","normalized":"-"}
[2026-02-05 15:47:18] WARN: Invalid status code detected, defaulting to NS | {"context":"ExcelParser","original":"-","normalized":"-"}
[2026-02-05 15:47:18] WARN: Invalid status code detected, defaulting to NS | {"context":"ExcelParser","original":"-","normalized":"-"}
[2026-02-05 15:47:18] WARN: Invalid status code detected, defaulting to NS | {"context":"ExcelParser","original":"-","normalized":"-"}
[2026-02-05 15:47:18] WARN: Invalid status code detected, defaulting to NS | {"context":"ExcelParser","original":"-","normalized":"-"}
[2026-02-05 15:47:18] WARN: Invalid status code detected, defaulting to NS | {"context":"ExcelParser","original":"-","normalized":"-"}
[2026-02-05 15:47:18] WARN: Invalid status code detected, defaulting to NS | {"context":"ExcelParser","original":"-","normalized":"-"}
[2026-02-05 15:47:18] WARN: Invalid status code detected, defaulting to NS | {"context":"ExcelParser","original":"-","normalized":"-"}
[2026-02-05 15:47:18] WARN: Invalid status code detected, defaulting to NS | {"context":"ExcelParser","original":"-","normalized":"-"}
[2026-02-05 15:47:18] WARN: Invalid status code detected, defaulting to NS | {"context":"ExcelParser","original":"-","normalized":"-"}
[2026-02-05 15:47:18] WARN: Invalid status code detected, defaulting to NS | {"context":"ExcelParser","original":"-","normalized":"-"}
[2026-02-05 15:47:18] WARN: Invalid status code detected, defaulting to NS | {"context":"ExcelParser","original":"-","normalized":"-"}
[2026-02-05 15:47:18] WARN: Invalid status code detected, defaulting to NS | {"context":"ExcelParser","original":"-","normalized":"-"}
[2026-02-05 15:47:18] WARN: Invalid status code detected, defaulting to NS | {"context":"ExcelParser","original":"-","normalized":"-"}
[2026-02-05 15:47:18] WARN: Invalid status code detected, defaulting to NS | {"context":"ExcelParser","original":"-","normalized":"-"}
[2026-02-05 15:47:18] WARN: Invalid status code detected, defaulting to NS | {"context":"ExcelParser","original":"-","normalized":"-"}
[2026-02-05 15:47:18] WARN: Invalid status code detected, defaulting to NS | {"context":"ExcelParser","original":"-","normalized":"-"}
[2026-02-05 15:47:18] WARN: Invalid status code detected, defaulting to NS | {"context":"ExcelParser","original":"-","normalized":"-"}
[2026-02-05 15:47:18] WARN: Invalid status code detected, defaulting to NS | {"context":"ExcelParser","original":"-","normalized":"-"}
[2026-02-05 15:47:18] WARN: Invalid status code detected, defaulting to NS | {"context":"ExcelParser","original":"-","normalized":"-"}
[2026-02-05 15:47:18] WARN: Invalid status code detected, defaulting to NS | {"context":"ExcelParser","original":"-","normalized":"-"}
[2026-02-05 15:47:18] WARN: Invalid status code detected, defaulting to NS | {"context":"ExcelParser","original":"-","normalized":"-"}
[2026-02-05 15:47:18] WARN: Invalid status code detected, defaulting to NS | {"context":"ExcelParser","original":"-","normalized":"-"}
[2026-02-05 15:47:18] WARN: Invalid status code detected, defaulting to NS | {"context":"ExcelParser","original":"-","normalized":"-"}
[2026-02-05 15:47:18] WARN: Invalid status code detected, defaulting to NS | {"context":"ExcelParser","original":"-","normalized":"-"}
[2026-02-05 15:47:18] WARN: Invalid status code detected, defaulting to NS | {"context":"ExcelParser","original":"-","normalized":"-"}
[2026-02-05 15:47:18] WARN: Invalid status code detected, defaulting to NS | {"context":"ExcelParser","original":"-","normalized":"-"}
[2026-02-05 15:47:18] WARN: Invalid status code detected, defaulting to NS | {"context":"ExcelParser","original":"-","normalized":"-"}
[2026-02-05 15:47:18] WARN: Invalid status code detected, defaulting to NS | {"context":"ExcelParser","original":"-","normalized":"-"}
[2026-02-05 15:47:18] WARN: Invalid status code detected, defaulting to NS | {"context":"ExcelParser","original":"-","normalized":"-"}
[2026-02-05 15:47:18] WARN: Invalid status code detected, defaulting to NS | {"context":"ExcelParser","original":"-","normalized":"-"}
[2026-02-05 15:47:18] WARN: Invalid status code detected, defaulting to NS | {"context":"ExcelParser","original":"-","normalized":"-"}
[2026-02-05 15:47:18] WARN: Invalid status code detected, defaulting to NS | {"context":"ExcelParser","original":"-","normalized":"-"}
[2026-02-05 15:47:18] INFO: Import completed | {"context":"ImportAPI","importId":12,"newEmployees":0,"updatedRecords":1650,"totalEmployees":75,"dateColumns":22,"fileType":"details"}
[2026-02-05 15:47:18] INFO: POST /upload | {"status":200,"duration":"231ms"}
[2026-02-05 15:47:22] INFO: Compensation records fetched | {"context":"CompensationAPI","count":0,"year":"2026","month":"2"}
[2026-02-05 15:47:22] INFO: GET / | {"status":304,"duration":"1ms","query":{"year":"2026","month":"2"}}
[2026-02-05 15:47:22] INFO: Compensation records fetched | {"context":"CompensationAPI","count":0,"year":"2026","month":"2"}
[2026-02-05 15:47:22] INFO: GET / | {"status":304,"duration":"1ms","query":{"year":"2026","month":"2"}}
[2026-02-05 15:47:30] INFO: GET / | {"status":304,"duration":"1ms"}
[2026-02-05 15:47:30] INFO: GET / | {"status":304,"duration":"1ms"}
[2026-02-05 15:47:30] INFO: GET / | {"status":304,"duration":"0ms"}
[2026-02-05 15:47:30] INFO: GET / | {"status":304,"duration":"0ms"}
[2026-02-05 15:47:30] INFO: GET / | {"status":200,"duration":"1ms","query":{"limit":"1000"}}
[2026-02-05 15:47:30] INFO: GET / | {"status":304,"duration":"0ms","query":{"limit":"1000"}}
[2026-02-05 15:47:30] INFO: GET /exceptions/list | {"status":304,"duration":"1ms"}
[2026-02-05 15:47:30] INFO: GET /exceptions/list | {"status":304,"duration":"1ms"}
[2026-02-05 15:47:30] INFO: GET /calculation | {"status":304,"duration":"0ms"}
[2026-02-05 15:47:30] INFO: GET /calculation | {"status":304,"duration":"0ms"}
[2026-02-05 15:47:32] INFO: GET / | {"status":304,"duration":"0ms"}
[2026-02-05 15:47:32] INFO: GET / | {"status":304,"duration":"1ms"}
[2026-02-05 15:47:32] INFO: GET /report | {"status":304,"duration":"0ms","query":{"year":"2026","month":"2","sortBy":"violation_count","sortOrder":"desc"}}
[2026-02-05 15:47:32] INFO: GET /report | {"status":304,"duration":"1ms","query":{"year":"2026","month":"2","sortBy":"violation_count","sortOrder":"desc"}}
[2026-02-05 15:47:34] INFO: GET /report | {"status":304,"duration":"1ms","query":{"year":"2026","month":"1","sortBy":"violation_count","sortOrder":"desc"}}
[2026-02-05 15:47:42] INFO: GET /report | {"status":200,"duration":"1ms","query":{"year":"2026","month":"1","sortBy":"violation_count","sortOrder":"asc"}}
[2026-02-05 15:47:43] INFO: GET /report | {"status":304,"duration":"1ms","query":{"year":"2026","month":"1","sortBy":"violation_count","sortOrder":"desc"}}
[2026-02-05 15:47:46] INFO: Compensation records fetched | {"context":"CompensationAPI","count":0,"year":"2026","month":"2"}
[2026-02-05 15:47:46] INFO: GET / | {"status":304,"duration":"0ms","query":{"year":"2026","month":"2"}}
[2026-02-05 15:47:46] INFO: Compensation records fetched | {"context":"CompensationAPI","count":0,"year":"2026","month":"2"}
[2026-02-05 15:47:46] INFO: GET / | {"status":304,"duration":"1ms","query":{"year":"2026","month":"2"}}
[2026-02-05 15:47:51] INFO: GET / | {"status":304,"duration":"1ms"}
[2026-02-05 15:47:51] INFO: GET / | {"status":304,"duration":"1ms"}
[2026-02-05 15:47:51] INFO: GET /report | {"status":304,"duration":"1ms","query":{"year":"2026","month":"2","sortBy":"violation_count","sortOrder":"desc"}}
[2026-02-05 15:47:51] INFO: GET /report | {"status":304,"duration":"1ms","query":{"year":"2026","month":"2","sortBy":"violation_count","sortOrder":"desc"}}
[2026-02-05 15:47:53] INFO: GET /report | {"status":304,"duration":"1ms","query":{"year":"2026","month":"1","sortBy":"violation_count","sortOrder":"desc"}}
[2026-02-05 15:56:44] INFO: Running database migrations...
[2026-02-05 15:56:44] INFO: Initializing database connection | {"path":"C:\\Users\\Kamoliddin\\Documents\\GitHub\\Employee-Churn-Prediction\\hr-analytics\\server\\data\\hr_analytics.db"}
[2026-02-05 15:56:44] INFO: Database connection established successfully
[2026-02-05 15:56:44] INFO: Starting database migrations...
[2026-02-05 15:56:44] DEBUG: Migration 1/27 completed
[2026-02-05 15:56:44] DEBUG: Migration 2/27 completed
[2026-02-05 15:56:44] DEBUG: Migration 3/27 completed
[2026-02-05 15:56:44] DEBUG: Migration 4/27 completed
[2026-02-05 15:56:44] DEBUG: Migration 5/27 completed
[2026-02-05 15:56:44] DEBUG: Migration 6/27 completed
[2026-02-05 15:56:44] DEBUG: Migration 7/27 completed
[2026-02-05 15:56:44] DEBUG: Migration 8/27 completed
[2026-02-05 15:56:44] DEBUG: Migration 9/27 completed
[2026-02-05 15:56:44] DEBUG: Migration 10/27 completed
[2026-02-05 15:56:44] DEBUG: Migration 11/27 completed
[2026-02-05 15:56:44] DEBUG: Migration 12/27 completed
[2026-02-05 15:56:44] DEBUG: Migration 13/27 completed
[2026-02-05 15:56:44] DEBUG: Migration 14/27 completed
[2026-02-05 15:56:44] DEBUG: Migration 15/27 completed
[2026-02-05 15:56:44] DEBUG: Migration 16/27 completed
[2026-02-05 15:56:44] DEBUG: Migration 17/27 completed
[2026-02-05 15:56:44] DEBUG: Migration 18/27 completed
[2026-02-05 15:56:44] DEBUG: Migration 19/27 completed
[2026-02-05 15:56:44] DEBUG: Migration 20/27 completed
[2026-02-05 15:56:44] DEBUG: Migration 21/27 completed
[2026-02-05 15:56:44] DEBUG: Migration 22/27 completed
[2026-02-05 15:56:44] DEBUG: Migration 23/27 completed
[2026-02-05 15:56:44] DEBUG: Migration 24/27 completed
[2026-02-05 15:56:44] DEBUG: Migration 25/27 completed
[2026-02-05 15:56:44] DEBUG: Migration 26/27 completed
[2026-02-05 15:56:44] DEBUG: Migration 27/27 completed
[2026-02-05 15:56:44] INFO: All 27 migrations completed successfully
[2026-02-05 15:56:44] INFO: 🚀 HR Analytics API server started | {"port":3001,"environment":"development","url":"http://localhost:3001"}
[2026-02-05 15:56:44] INFO: Available endpoints:
[2026-02-05 15:56:44] INFO:   GET  /api/health
[2026-02-05 15:56:44] INFO:   GET  /api/employees
[2026-02-05 15:56:44] INFO:   GET  /api/departments
[2026-02-05 15:56:44] INFO:   GET  /api/schedules
[2026-02-05 15:56:44] INFO:   POST /api/import/upload
[2026-02-05 15:56:44] INFO:   POST /api/import/recalculate
[2026-02-05 15:56:44] INFO:   GET  /api/settings/calculation
[2026-02-05 15:56:44] INFO:   GET  /api/violations/summary
[2026-02-05 15:56:44] INFO:   POST /api/violations/calculate
[2026-02-05 15:57:48] INFO: Running database migrations...
[2026-02-05 15:57:48] INFO: Initializing database connection | {"path":"C:\\Users\\Kamoliddin\\Documents\\GitHub\\Employee-Churn-Prediction\\hr-analytics\\server\\data\\hr_analytics.db"}
[2026-02-05 15:57:48] INFO: Database connection established successfully
[2026-02-05 15:57:48] INFO: Starting database migrations...
[2026-02-05 15:57:48] DEBUG: Migration 1/27 completed
[2026-02-05 15:57:48] DEBUG: Migration 2/27 completed
[2026-02-05 15:57:48] DEBUG: Migration 3/27 completed
[2026-02-05 15:57:48] DEBUG: Migration 4/27 completed
[2026-02-05 15:57:48] DEBUG: Migration 5/27 completed
[2026-02-05 15:57:48] DEBUG: Migration 6/27 completed
[2026-02-05 15:57:48] DEBUG: Migration 7/27 completed
[2026-02-05 15:57:48] DEBUG: Migration 8/27 completed
[2026-02-05 15:57:48] DEBUG: Migration 9/27 completed
[2026-02-05 15:57:48] DEBUG: Migration 10/27 completed
[2026-02-05 15:57:48] DEBUG: Migration 11/27 completed
[2026-02-05 15:57:48] DEBUG: Migration 12/27 completed
[2026-02-05 15:57:48] DEBUG: Migration 13/27 completed
[2026-02-05 15:57:48] DEBUG: Migration 14/27 completed
[2026-02-05 15:57:48] DEBUG: Migration 15/27 completed
[2026-02-05 15:57:48] DEBUG: Migration 16/27 completed
[2026-02-05 15:57:48] DEBUG: Migration 17/27 completed
[2026-02-05 15:57:48] DEBUG: Migration 18/27 completed
[2026-02-05 15:57:48] DEBUG: Migration 19/27 completed
[2026-02-05 15:57:48] DEBUG: Migration 20/27 completed
[2026-02-05 15:57:48] DEBUG: Migration 21/27 completed
[2026-02-05 15:57:48] DEBUG: Migration 22/27 completed
[2026-02-05 15:57:48] DEBUG: Migration 23/27 completed
[2026-02-05 15:57:48] DEBUG: Migration 24/27 completed
[2026-02-05 15:57:48] DEBUG: Migration 25/27 completed
[2026-02-05 15:57:48] DEBUG: Migration 26/27 completed
[2026-02-05 15:57:48] DEBUG: Migration 27/27 completed
[2026-02-05 15:57:48] INFO: All 27 migrations completed successfully
[2026-02-05 15:57:48] INFO: 🚀 HR Analytics API server started | {"port":3001,"environment":"development","url":"http://localhost:3001"}
[2026-02-05 15:57:48] INFO: Available endpoints:
[2026-02-05 15:57:48] INFO:   GET  /api/health
[2026-02-05 15:57:48] INFO:   GET  /api/employees
[2026-02-05 15:57:48] INFO:   GET  /api/departments
[2026-02-05 15:57:48] INFO:   GET  /api/schedules
[2026-02-05 15:57:48] INFO:   POST /api/import/upload
[2026-02-05 15:57:48] INFO:   POST /api/import/recalculate
[2026-02-05 15:57:48] INFO:   GET  /api/settings/calculation
[2026-02-05 15:57:48] INFO:   GET  /api/violations/summary
[2026-02-05 15:57:48] INFO:   POST /api/violations/calculate
[2026-02-05 16:00:31] INFO: Compensation records fetched | {"context":"CompensationAPI","count":0,"year":"2026","month":"2"}
[2026-02-05 16:00:31] INFO: GET / | {"status":304,"duration":"3ms","query":{"year":"2026","month":"2"}}
[2026-02-05 16:00:31] INFO: Compensation records fetched | {"context":"CompensationAPI","count":0,"year":"2026","month":"2"}
[2026-02-05 16:00:31] INFO: GET / | {"status":304,"duration":"1ms","query":{"year":"2026","month":"2"}}
[2026-02-05 16:00:32] INFO: Generating compensation template with employee data | {"context":"CompensationAPI"}
[2026-02-05 16:00:32] ERROR: Failed to generate template | {"context":"CompensationAPI","error":{"code":"SQLITE_ERROR"}}
[2026-02-05 16:00:32] INFO: GET /template | {"status":500,"duration":"2ms"}
[2026-02-05 16:01:50] INFO: GET / | {"status":200,"duration":"2ms"}
[2026-02-05 16:01:50] INFO: GET / | {"status":304,"duration":"1ms"}
[2026-02-05 16:01:50] INFO: GET / | {"status":304,"duration":"1ms"}
[2026-02-05 16:01:50] INFO: GET / | {"status":304,"duration":"0ms"}
[2026-02-05 16:01:50] INFO: GET / | {"status":304,"duration":"1ms","query":{"limit":"1000"}}
[2026-02-05 16:01:50] INFO: GET / | {"status":304,"duration":"1ms","query":{"limit":"1000"}}
[2026-02-05 16:01:50] INFO: GET /exceptions/list | {"status":304,"duration":"1ms"}
[2026-02-05 16:01:50] INFO: GET /exceptions/list | {"status":304,"duration":"1ms"}
[2026-02-05 16:01:50] INFO: GET /calculation | {"status":304,"duration":"1ms"}
[2026-02-05 16:01:50] INFO: GET /calculation | {"status":304,"duration":"1ms"}
[2026-02-05 16:01:52] INFO: GET / | {"status":304,"duration":"0ms"}
[2026-02-05 16:01:52] INFO: GET / | {"status":304,"duration":"0ms"}
[2026-02-05 16:01:52] INFO: GET /report | {"status":304,"duration":"1ms","query":{"year":"2026","month":"2","sortBy":"violation_count","sortOrder":"desc"}}
[2026-02-05 16:01:52] INFO: GET /report | {"status":304,"duration":"1ms","query":{"year":"2026","month":"2","sortBy":"violation_count","sortOrder":"desc"}}
[2026-02-05 16:01:52] INFO: Compensation records fetched | {"context":"CompensationAPI","count":0,"year":"2026","month":"2"}
[2026-02-05 16:01:52] INFO: GET / | {"status":304,"duration":"0ms","query":{"year":"2026","month":"2"}}
[2026-02-05 16:01:52] INFO: Compensation records fetched | {"context":"CompensationAPI","count":0,"year":"2026","month":"2"}
[2026-02-05 16:01:52] INFO: GET / | {"status":304,"duration":"0ms","query":{"year":"2026","month":"2"}}
[2026-02-05 16:01:54] INFO: Generating compensation template with employee data | {"context":"CompensationAPI"}
[2026-02-05 16:01:54] ERROR: Failed to generate template | {"context":"CompensationAPI","error":{"code":"SQLITE_ERROR"}}
[2026-02-05 16:01:54] INFO: GET /template | {"status":500,"duration":"1ms"}
[2026-02-05 16:21:41] INFO: Running database migrations...
[2026-02-05 16:21:41] INFO: Initializing database connection | {"path":"C:\\Users\\Kamoliddin\\Documents\\GitHub\\Employee-Churn-Prediction\\hr-analytics\\server\\data\\hr_analytics.db"}
[2026-02-05 16:21:41] INFO: Database connection established successfully
[2026-02-05 16:21:41] INFO: Starting database migrations...
[2026-02-05 16:21:41] DEBUG: Migration 1/27 completed
[2026-02-05 16:21:41] DEBUG: Migration 2/27 completed
[2026-02-05 16:21:41] DEBUG: Migration 3/27 completed
[2026-02-05 16:21:41] DEBUG: Migration 4/27 completed
[2026-02-05 16:21:41] DEBUG: Migration 5/27 completed
[2026-02-05 16:21:41] DEBUG: Migration 6/27 completed
[2026-02-05 16:21:41] DEBUG: Migration 7/27 completed
[2026-02-05 16:21:41] DEBUG: Migration 8/27 completed
[2026-02-05 16:21:41] DEBUG: Migration 9/27 completed
[2026-02-05 16:21:41] DEBUG: Migration 10/27 completed
[2026-02-05 16:21:41] DEBUG: Migration 11/27 completed
[2026-02-05 16:21:41] DEBUG: Migration 12/27 completed
[2026-02-05 16:21:41] DEBUG: Migration 13/27 completed
[2026-02-05 16:21:41] DEBUG: Migration 14/27 completed
[2026-02-05 16:21:41] DEBUG: Migration 15/27 completed
[2026-02-05 16:21:41] DEBUG: Migration 16/27 completed
[2026-02-05 16:21:41] DEBUG: Migration 17/27 completed
[2026-02-05 16:21:41] DEBUG: Migration 18/27 completed
[2026-02-05 16:21:41] DEBUG: Migration 19/27 completed
[2026-02-05 16:21:41] DEBUG: Migration 20/27 completed
[2026-02-05 16:21:41] DEBUG: Migration 21/27 completed
[2026-02-05 16:21:41] DEBUG: Migration 22/27 completed
[2026-02-05 16:21:41] DEBUG: Migration 23/27 completed
[2026-02-05 16:21:41] DEBUG: Migration 24/27 completed
[2026-02-05 16:21:41] DEBUG: Migration 25/27 completed
[2026-02-05 16:21:41] DEBUG: Migration 26/27 completed
[2026-02-05 16:21:41] DEBUG: Migration 27/27 completed
[2026-02-05 16:21:41] INFO: All 27 migrations completed successfully
[2026-02-05 16:21:41] INFO: 🚀 HR Analytics API server started | {"port":3001,"environment":"development","url":"http://localhost:3001"}
[2026-02-05 16:21:41] INFO: Available endpoints:
[2026-02-05 16:21:41] INFO:   GET  /api/health
[2026-02-05 16:21:41] INFO:   GET  /api/employees
[2026-02-05 16:21:41] INFO:   GET  /api/departments
[2026-02-05 16:21:41] INFO:   GET  /api/schedules
[2026-02-05 16:21:41] INFO:   POST /api/import/upload
[2026-02-05 16:21:41] INFO:   POST /api/import/recalculate
[2026-02-05 16:21:41] INFO:   GET  /api/settings/calculation
[2026-02-05 16:21:41] INFO:   GET  /api/violations/summary
[2026-02-05 16:21:41] INFO:   POST /api/violations/calculate
[2026-02-05 16:23:33] INFO: GET / | {"status":200,"duration":"7ms"}
[2026-02-05 16:23:33] INFO: GET / | {"status":304,"duration":"1ms"}
[2026-02-05 16:23:33] INFO: GET / | {"status":200,"duration":"1ms"}
[2026-02-05 16:23:33] INFO: GET / | {"status":304,"duration":"0ms"}
[2026-02-05 16:23:33] INFO: GET / | {"status":200,"duration":"1ms","query":{"limit":"1000"}}
[2026-02-05 16:23:33] INFO: GET / | {"status":304,"duration":"1ms","query":{"limit":"1000"}}
[2026-02-05 16:23:33] INFO: GET /exceptions/list | {"status":200,"duration":"0ms"}
[2026-02-05 16:23:33] INFO: GET /exceptions/list | {"status":304,"duration":"0ms"}
[2026-02-05 16:23:33] INFO: GET /calculation | {"status":200,"duration":"0ms"}
[2026-02-05 16:23:33] INFO: GET /calculation | {"status":304,"duration":"0ms"}
[2026-02-05 16:23:35] INFO: GET / | {"status":304,"duration":"1ms"}
[2026-02-05 16:23:35] INFO: GET / | {"status":304,"duration":"1ms"}
[2026-02-05 16:23:35] INFO: GET /report | {"status":200,"duration":"1ms","query":{"year":"2026","month":"2","sortBy":"violation_count","sortOrder":"desc"}}
[2026-02-05 16:23:35] INFO: GET /report | {"status":304,"duration":"2ms","query":{"year":"2026","month":"2","sortBy":"violation_count","sortOrder":"desc"}}
[2026-02-05 16:23:37] INFO: Compensation records fetched | {"context":"CompensationAPI","count":0,"year":"2026","month":"2"}
[2026-02-05 16:23:37] INFO: GET / | {"status":200,"duration":"2ms","query":{"year":"2026","month":"2"}}
[2026-02-05 16:23:37] INFO: Compensation records fetched | {"context":"CompensationAPI","count":0,"year":"2026","month":"2"}
[2026-02-05 16:23:37] INFO: GET / | {"status":304,"duration":"1ms","query":{"year":"2026","month":"2"}}
[2026-02-05 16:23:41] INFO: Generating compensation template with employee data | {"context":"CompensationAPI"}
[2026-02-05 16:23:41] INFO: Template generated successfully | {"context":"CompensationAPI","employeeCount":75}
[2026-02-05 16:23:41] INFO: GET /template | {"status":200,"duration":"36ms"}
[2026-02-05 16:26:53] INFO: GET / | {"status":304,"duration":"1ms"}
[2026-02-05 16:26:53] INFO: GET / | {"status":304,"duration":"1ms"}
[2026-02-05 16:26:53] INFO: GET /report | {"status":304,"duration":"1ms","query":{"year":"2026","month":"2","sortBy":"violation_count","sortOrder":"desc"}}
[2026-02-05 16:26:53] INFO: GET /report | {"status":304,"duration":"1ms","query":{"year":"2026","month":"2","sortBy":"violation_count","sortOrder":"desc"}}
[2026-02-05 16:26:58] INFO: GET /report | {"status":200,"duration":"2ms","query":{"year":"2026","month":"1","sortBy":"violation_count","sortOrder":"desc"}}
[2026-02-05 16:27:01] INFO: Starting recalculation | {"context":"ImportAPI","dateFrom":"2026-01-01","dateTo":"2026-01-31"}
[2026-02-05 16:27:01] INFO: Starting time records recalculation | {"context":"ScheduleResolver","dateFrom":"2026-01-01","dateTo":"2026-01-31"}
[2026-02-05 16:27:01] DEBUG: Resolving schedule | {"context":"ScheduleResolver","employeeId":12,"date":"2026-01-03","dayOfWeek":6}
[2026-02-05 16:27:01] DEBUG: Resolving schedule | {"context":"ScheduleResolver","employeeId":18,"date":"2026-01-03","dayOfWeek":6}
[2026-02-05 16:27:01] DEBUG: Resolving schedule | {"context":"ScheduleResolver","employeeId":24,"date":"2026-01-03","dayOfWeek":6}
[2026-02-05 16:27:01] DEBUG: Resolving schedule | {"context":"ScheduleResolver","employeeId":33,"date":"2026-01-03","dayOfWeek":6}
[2026-02-05 16:27:01] DEBUG: Resolving schedule | {"context":"ScheduleResolver","employeeId":51,"date":"2026-01-03","dayOfWeek":6}
[2026-02-05 16:27:01] DEBUG: Resolving schedule | {"context":"ScheduleResolver","employeeId":57,"date":"2026-01-03","dayOfWeek":6}
[2026-02-05 16:27:01] DEBUG: Resolving schedule | {"context":"ScheduleResolver","employeeId":59,"date":"2026-01-03","dayOfWeek":6}
[2026-02-05 16:27:01] DEBUG: Resolving schedule | {"context":"ScheduleResolver","employeeId":63,"date":"2026-01-03","dayOfWeek":6}
[2026-02-05 16:27:01] DEBUG: Resolving schedule | {"context":"ScheduleResolver","employeeId":65,"date":"2026-01-03","dayOfWeek":6}
[2026-02-05 16:27:01] DEBUG: Resolving schedule | {"context":"ScheduleResolver","employeeId":66,"date":"2026-01-03","dayOfWeek":6}
[2026-02-05 16:27:01] DEBUG: Resolving schedule | {"context":"ScheduleResolver","employeeId":67,"date":"2026-01-03","dayOfWeek":6}
[2026-02-05 16:27:01] DEBUG: Resolving schedule | {"context":"ScheduleResolver","employeeId":68,"date":"2026-01-03","dayOfWeek":6}
[2026-02-05 16:27:01] DEBUG: Resolving schedule | {"context":"ScheduleResolver","employeeId":70,"date":"2026-01-03","dayOfWeek":6}
[2026-02-05 16:27:01] DEBUG: Resolving schedule | {"context":"ScheduleResolver","employeeId":75,"date":"2026-01-03","dayOfWeek":6}
[2026-02-05 16:27:01] DEBUG: Resolving schedule | {"context":"ScheduleResolver","employeeId":3,"date":"2026-01-05","dayOfWeek":1}
[2026-02-05 16:27:01] DEBUG: Resolving schedule | {"context":"ScheduleResolver","employeeId":4,"date":"2026-01-05","dayOfWeek":1}
[2026-02-05 16:27:01] DEBUG: Resolving schedule | {"context":"ScheduleResolver","employeeId":5,"date":"2026-01-05","dayOfWeek":1}
[2026-02-05 16:27:01] DEBUG: Resolving schedule | {"context":"ScheduleResolver","employeeId":6,"date":"2026-01-05","dayOfWeek":1}
[2026-02-05 16:27:01] DEBUG: Found department schedule | {"context":"ScheduleResolver","employeeId":6,"departmentId":5,"isWorkDay":true,"workDays":[1,2,3,4,5]}
[2026-02-05 16:27:01] DEBUG: Resolving schedule | {"context":"ScheduleResolver","employeeId":10,"date":"2026-01-05","dayOfWeek":1}
[2026-02-05 16:27:01] DEBUG: Resolving schedule | {"context":"ScheduleResolver","employeeId":12,"date":"2026-01-05","dayOfWeek":1}
[2026-02-05 16:27:01] DEBUG: Resolving schedule | {"context":"ScheduleResolver","employeeId":15,"date":"2026-01-05","dayOfWeek":1}
[2026-02-05 16:27:01] DEBUG: Found employee schedule | {"context":"ScheduleResolver","employeeId":15,"isWorkDay":true,"workDays":[1,2,3,4,5]}
[2026-02-05 16:27:01] DEBUG: Resolving schedule | {"context":"ScheduleResolver","employeeId":18,"date":"2026-01-05","dayOfWeek":1}
[2026-02-05 16:27:01] DEBUG: Resolving schedule | {"context":"ScheduleResolver","employeeId":19,"date":"2026-01-05","dayOfWeek":1}
[2026-02-05 16:27:01] DEBUG: Resolving schedule | {"context":"ScheduleResolver","employeeId":21,"date":"2026-01-05","dayOfWeek":1}
[2026-02-05 16:27:01] DEBUG: Found department schedule | {"context":"ScheduleResolver","employeeId":21,"departmentId":5,"isWorkDay":true,"workDays":[1,2,3,4,5]}
[2026-02-05 16:27:01] DEBUG: Resolving schedule | {"context":"ScheduleResolver","employeeId":23,"date":"2026-01-05","dayOfWeek":1}
[2026-02-05 16:27:01] DEBUG: Resolving schedule | {"context":"ScheduleResolver","employeeId":24,"date":"2026-01-05","dayOfWeek":1}
[2026-02-05 16:27:01] DEBUG: Resolving schedule | {"context":"ScheduleResolver","employeeId":25,"date":"2026-01-05","dayOfWeek":1}
[2026-02-05 16:27:01] DEBUG: Resolving schedule | {"context":"ScheduleResolver","employeeId":27,"date":"2026-01-05","dayOfWeek":1}
[2026-02-05 16:27:01] DEBUG: Found department schedule | {"context":"ScheduleResolver","employeeId":27,"departmentId":5,"isWorkDay":true,"workDays":[1,2,3,4,5]}
[2026-02-05 16:27:01] DEBUG: Resolving schedule | {"context":"ScheduleResolver","employeeId":28,"date":"2026-01-05","dayOfWeek":1}
[2026-02-05 16:27:01] DEBUG: Found employee schedule | {"context":"ScheduleResolver","employeeId":28,"isWorkDay":true,"workDays":[1,3,5]}
[2026-02-05 16:27:01] DEBUG: Resolving schedule | {"context":"ScheduleResolver","employeeId":29,"date":"2026-01-05","dayOfWeek":1}
[2026-02-05 16:27:01] DEBUG: Found employee schedule | {"context":"ScheduleResolver","employeeId":29,"isWorkDay":true,"workDays":[1,2,3,4,5]}
[2026-02-05 16:27:01] DEBUG: Resolving schedule | {"context":"ScheduleResolver","employeeId":30,"date":"2026-01-05","dayOfWeek":1}
[2026-02-05 16:27:01] DEBUG: Found employee schedule | {"context":"ScheduleResolver","employeeId":30,"isWorkDay":true,"workDays":[1,2,3,4,5]}
[2026-02-05 16:27:01] DEBUG: Resolving schedule | {"context":"ScheduleResolver","employeeId":33,"date":"2026-01-05","dayOfWeek":1}
[2026-02-05 16:27:01] DEBUG: Resolving schedule | {"context":"ScheduleResolver","employeeId":34,"date":"2026-01-05","dayOfWeek":1}
[2026-02-05 16:27:01] DEBUG: Found department schedule | {"context":"ScheduleResolver","employeeId":34,"departmentId":5,"isWorkDay":true,"workDays":[1,2,3,4,5]}
[2026-02-05 16:27:01] DEBUG: Resolving schedule | {"context":"ScheduleResolver","employeeId":35,"date":"2026-01-05","dayOfWeek":1}
[2026-02-05 16:27:01] DEBUG: Found department schedule | {"context":"ScheduleResolver","employeeId":35,"departmentId":5,"isWorkDay":true,"workDays":[1,2,3,4,5]}
[2026-02-05 16:27:01] DEBUG: Resolving schedule | {"context":"ScheduleResolver","employeeId":40,"date":"2026-01-05","dayOfWeek":1}
[2026-02-05 16:27:01] DEBUG: Resolving schedule | {"context":"ScheduleResolver","employeeId":41,"date":"2026-01-05","dayOfWeek":1}
[2026-02-05 16:27:01] DEBUG: Found department schedule | {"context":"ScheduleResolver","employeeId":41,"departmentId":5,"isWorkDay":true,"workDays":[1,2,3,4,5]}
[2026-02-05 16:27:01] DEBUG: Resolving schedule | {"context":"ScheduleResolver","employeeId":42,"date":"2026-01-05","dayOfWeek":1}
[2026-02-05 16:27:01] DEBUG: Resolving schedule | {"context":"ScheduleResolver","employeeId":43,"date":"2026-01-05","dayOfWeek":1}
[2026-02-05 16:27:01] DEBUG: Found employee schedule | {"context":"ScheduleResolver","employeeId":43,"isWorkDay":true,"workDays":[1,2,3,4,5]}
[2026-02-05 16:27:01] DEBUG: Resolving schedule | {"context":"ScheduleResolver","employeeId":44,"date":"2026-01-05","dayOfWeek":1}
[2026-02-05 16:27:01] DEBUG: Resolving schedule | {"context":"ScheduleResolver","employeeId":45,"date":"2026-01-05","dayOfWeek":1}
[2026-02-05 16:27:01] DEBUG: Resolving schedule | {"context":"ScheduleResolver","employeeId":46,"date":"2026-01-05","dayOfWeek":1}
[2026-02-05 16:27:01] DEBUG: Resolving schedule | {"context":"ScheduleResolver","employeeId":48,"date":"2026-01-05","dayOfWeek":1}
[2026-02-05 16:27:01] DEBUG: Resolving schedule | {"context":"ScheduleResolver","employeeId":49,"date":"2026-01-05","dayOfWeek":1}
[2026-02-05 16:27:01] DEBUG: Resolving schedule | {"context":"ScheduleResolver","employeeId":50,"date":"2026-01-05","dayOfWeek":1}
[2026-02-05 16:27:01] DEBUG: Found department schedule | {"context":"ScheduleResolver","employeeId":50,"departmentId":5,"isWorkDay":true,"workDays":[1,2,3,4,5]}
[2026-02-05 16:27:01] DEBUG: Resolving schedule | {"context":"ScheduleResolver","employeeId":51,"date":"2026-01-05","dayOfWeek":1}
[2026-02-05 16:27:01] DEBUG: Resolving schedule | {"context":"ScheduleResolver","employeeId":52,"date":"2026-01-05","dayOfWeek":1}
[2026-02-05 16:27:01] DEBUG: Resolving schedule | {"context":"ScheduleResolver","employeeId":54,"date":"2026-01-05","dayOfWeek":1}
[2026-02-05 16:27:01] DEBUG: Resolving schedule | {"context":"ScheduleResolver","employeeId":55,"date":"2026-01-05","dayOfWeek":1}
[2026-02-05 16:27:01] DEBUG: Found department schedule | {"context":"ScheduleResolver","employeeId":55,"departmentId":5,"isWorkDay":true,"workDays":[1,2,3,4,5]}
[2026-02-05 16:27:01] DEBUG: Resolving schedule | {"context":"ScheduleResolver","employeeId":56,"date":"2026-01-05","dayOfWeek":1}
[2026-02-05 16:27:01] DEBUG: Resolving schedule | {"context":"ScheduleResolver","employeeId":57,"date":"2026-01-05","dayOfWeek":1}
[2026-02-05 16:27:01] DEBUG: Resolving schedule | {"context":"ScheduleResolver","employeeId":58,"date":"2026-01-05","dayOfWeek":1}
[2026-02-05 16:27:01] DEBUG: Found department schedule | {"context":"ScheduleResolver","employeeId":58,"departmentId":5,"isWorkDay":true,"workDays":[1,2,3,4,5]}
[2026-02-05 16:27:01] DEBUG: Resolving schedule | {"context":"ScheduleResolver","employeeId":59,"date":"2026-01-05","dayOfWeek":1}
[2026-02-05 16:27:01] DEBUG: Resolving schedule | {"context":"ScheduleResolver","employeeId":60,"date":"2026-01-05","dayOfWeek":1}
[2026-02-05 16:27:01] DEBUG: Found department schedule | {"context":"ScheduleResolver","employeeId":60,"departmentId":5,"isWorkDay":true,"workDays":[1,2,3,4,5]}
[2026-02-05 16:27:01] DEBUG: Resolving schedule | {"context":"ScheduleResolver","employeeId":61,"date":"2026-01-05","dayOfWeek":1}
[2026-02-05 16:27:01] DEBUG: Resolving schedule | {"context":"ScheduleResolver","employeeId":62,"date":"2026-01-05","dayOfWeek":1}
[2026-02-05 16:27:01] DEBUG: Found department schedule | {"context":"ScheduleResolver","employeeId":62,"departmentId":5,"isWorkDay":true,"workDays":[1,2,3,4,5]}
[2026-02-05 16:27:01] DEBUG: Resolving schedule | {"context":"ScheduleResolver","employeeId":63,"date":"2026-01-05","dayOfWeek":1}
[2026-02-05 16:27:01] DEBUG: Resolving schedule | {"context":"ScheduleResolver","employeeId":64,"date":"2026-01-05","dayOfWeek":1}
[2026-02-05 16:27:01] DEBUG: Resolving schedule | {"context":"ScheduleResolver","employeeId":65,"date":"2026-01-05","dayOfWeek":1}
[2026-02-05 16:27:01] DEBUG: Resolving schedule | {"context":"ScheduleResolver","employeeId":66,"date":"2026-01-05","dayOfWeek":1}
[2026-02-05 16:27:01] DEBUG: Resolving schedule | {"context":"ScheduleResolver","employeeId":67,"date":"2026-01-05","dayOfWeek":1}
[2026-02-05 16:27:01] DEBUG: Resolving schedule | {"context":"ScheduleResolver","employeeId":68,"date":"2026-01-05","dayOfWeek":1}
[2026-02-05 16:27:01] DEBUG: Resolving schedule | {"context":"ScheduleResolver","employeeId":70,"date":"2026-01-05","dayOfWeek":1}
[2026-02-05 16:27:01] DEBUG: Resolving schedule | {"context":"ScheduleResolver","employeeId":71,"date":"2026-01-05","dayOfWeek":1}
[2026-02-05 16:27:01] DEBUG: Found employee schedule | {"context":"ScheduleResolver","employeeId":71,"isWorkDay":true,"workDays":[1,2,3,4,5]}
[2026-02-05 16:27:01] DEBUG: Resolving schedule | {"context":"ScheduleResolver","employeeId":72,"date":"2026-01-05","dayOfWeek":1}
[2026-02-05 16:27:01] DEBUG: Resolving schedule | {"context":"ScheduleResolver","employeeId":73,"date":"2026-01-05","dayOfWeek":1}
[2026-02-05 16:27:01] DEBUG: Resolving schedule | {"context":"ScheduleResolver","employeeId":75,"date":"2026-01-05","dayOfWeek":1}
[2026-02-05 16:27:01] DEBUG: Resolving schedule | {"context":"ScheduleResolver","employeeId":3,"date":"2026-01-06","dayOfWeek":2}
[2026-02-05 16:27:01] DEBUG: Resolving schedule | {"context":"ScheduleResolver","employeeId":4,"date":"2026-01-06","dayOfWeek":2}
[2026-02-05 16:27:01] DEBUG: Resolving schedule | {"context":"ScheduleResolver","employeeId":5,"date":"2026-01-06","dayOfWeek":2}
[2026-02-05 16:27:01] DEBUG: Resolving schedule | {"context":"ScheduleResolver","employeeId":6,"date":"2026-01-06","dayOfWeek":2}
[2026-02-05 16:27:01] DEBUG: Found department schedule | {"context":"ScheduleResolver","employeeId":6,"departmentId":5,"isWorkDay":true,"workDays":[1,2,3,4,5]}
[2026-02-05 16:27:01] DEBUG: Resolving schedule | {"context":"ScheduleResolver","employeeId":10,"date":"2026-01-06","dayOfWeek":2}
[2026-02-05 16:27:01] DEBUG: Resolving schedule | {"context":"ScheduleResolver","employeeId":12,"date":"2026-01-06","dayOfWeek":2}
[2026-02-05 16:27:01] DEBUG: Resolving schedule | {"context":"ScheduleResolver","employeeId":15,"date":"2026-01-06","dayOfWeek":2}
[2026-02-05 16:27:01] DEBUG: Found employee schedule | {"context":"ScheduleResolver","employeeId":15,"isWorkDay":true,"workDays":[1,2,3,4,5]}
[2026-02-05 16:27:01] DEBUG: Resolving schedule | {"context":"ScheduleResolver","employeeId":18,"date":"2026-01-06","dayOfWeek":2}
[2026-02-05 16:27:01] DEBUG: Resolving schedule | {"context":"ScheduleResolver","employeeId":19,"date":"2026-01-06","dayOfWeek":2}
[2026-02-05 16:27:01] DEBUG: Resolving schedule | {"context":"ScheduleResolver","employeeId":21,"date":"2026-01-06","dayOfWeek":2}
[2026-02-05 16:27:01] DEBUG: Found department schedule | {"context":"ScheduleResolver","employeeId":21,"departmentId":5,"isWorkDay":true,"workDays":[1,2,3,4,5]}
[2026-02-05 16:27:01] DEBUG: Resolving schedule | {"context":"ScheduleResolver","employeeId":23,"date":"2026-01-06","dayOfWeek":2}
[2026-02-05 16:27:01] DEBUG: Resolving schedule | {"context":"ScheduleResolver","employeeId":24,"date":"2026-01-06","dayOfWeek":2}
[2026-02-05 16:27:01] DEBUG: Resolving schedule | {"context":"ScheduleResolver","employeeId":25,"date":"2026-01-06","dayOfWeek":2}
[2026-02-05 16:27:01] DEBUG: Resolving schedule | {"context":"ScheduleResolver","employeeId":27,"date":"2026-01-06","dayOfWeek":2}
[2026-02-05 16:27:01] DEBUG: Found department schedule | {"context":"ScheduleResolver","employeeId":27,"departmentId":5,"isWorkDay":true,"workDays":[1,2,3,4,5]}
[2026-02-05 16:27:01] DEBUG: Resolving schedule | {"context":"ScheduleResolver","employeeId":29,"date":"2026-01-06","dayOfWeek":2}
[2026-02-05 16:27:01] DEBUG: Found employee schedule | {"context":"ScheduleResolver","employeeId":29,"isWorkDay":true,"workDays":[1,2,3,4,5]}
[2026-02-05 16:27:01] DEBUG: Resolving schedule | {"context":"ScheduleResolver","employeeId":30,"date":"2026-01-06","dayOfWeek":2}
[2026-02-05 16:27:01] DEBUG: Found employee schedule | {"context":"ScheduleResolver","employeeId":30,"isWorkDay":true,"workDays":[1,2,3,4,5]}
[2026-02-05 16:27:01] DEBUG: Resolving schedule | {"context":"ScheduleResolver","employeeId":32,"date":"2026-01-06","dayOfWeek":2}
[2026-02-05 16:27:01] DEBUG: Found department schedule | {"context":"ScheduleResolver","employeeId":32,"departmentId":5,"isWorkDay":true,"workDays":[1,2,3,4,5]}
[2026-02-05 16:27:01] DEBUG: Resolving schedule | {"context":"ScheduleResolver","employeeId":33,"date":"2026-01-06","dayOfWeek":2}
[2026-02-05 16:27:01] DEBUG: Resolving schedule | {"context":"ScheduleResolver","employeeId":34,"date":"2026-01-06","dayOfWeek":2}
[2026-02-05 16:27:01] DEBUG: Found department schedule | {"context":"ScheduleResolver","employeeId":34,"departmentId":5,"isWorkDay":true,"workDays":[1,2,3,4,5]}
[2026-02-05 16:27:01] DEBUG: Resolving schedule | {"context":"ScheduleResolver","employeeId":35,"date":"2026-01-06","dayOfWeek":2}
[2026-02-05 16:27:01] DEBUG: Found department schedule | {"context":"ScheduleResolver","employeeId":35,"departmentId":5,"isWorkDay":true,"workDays":[1,2,3,4,5]}
[2026-02-05 16:27:01] DEBUG: Resolving schedule | {"context":"ScheduleResolver","employeeId":40,"date":"2026-01-06","dayOfWeek":2}
[2026-02-05 16:27:01] DEBUG: Resolving schedule | {"context":"ScheduleResolver","employeeId":41,"date":"2026-01-06","dayOfWeek":2}
[2026-02-05 16:27:01] DEBUG: Found department schedule | {"context":"ScheduleResolver","employeeId":41,"departmentId":5,"isWorkDay":true,"workDays":[1,2,3,4,5]}
[2026-02-05 16:27:01] DEBUG: Resolving schedule | {"context":"ScheduleResolver","employeeId":42,"date":"2026-01-06","dayOfWeek":2}
[2026-02-05 16:27:01] DEBUG: Resolving schedule | {"context":"ScheduleResolver","employeeId":43,"date":"2026-01-06","dayOfWeek":2}
[2026-02-05 16:27:01] DEBUG: Found employee schedule | {"context":"ScheduleResolver","employeeId":43,"isWorkDay":true,"workDays":[1,2,3,4,5]}
[2026-02-05 16:27:01] DEBUG: Resolving schedule | {"context":"ScheduleResolver","employeeId":44,"date":"2026-01-06","dayOfWeek":2}
[2026-02-05 16:27:01] DEBUG: Resolving schedule | {"context":"ScheduleResolver","employeeId":45,"date":"2026-01-06","dayOfWeek":2}
[2026-02-05 16:27:01] DEBUG: Resolving schedule | {"context":"ScheduleResolver","employeeId":46,"date":"2026-01-06","dayOfWeek":2}
[2026-02-05 16:27:01] DEBUG: Resolving schedule | {"context":"ScheduleResolver","employeeId":48,"date":"2026-01-06","dayOfWeek":2}
[2026-02-05 16:27:01] DEBUG: Resolving schedule | {"context":"ScheduleResolver","employeeId":49,"date":"2026-01-06","dayOfWeek":2}
[2026-02-05 16:27:01] DEBUG: Resolving schedule | {"context":"ScheduleResolver","employeeId":50,"date":"2026-01-06","dayOfWeek":2}
[2026-02-05 16:27:01] DEBUG: Found department schedule | {"context":"ScheduleResolver","employeeId":50,"departmentId":5,"isWorkDay":true,"workDays":[1,2,3,4,5]}
[2026-02-05 16:27:01] DEBUG: Resolving schedule | {"context":"ScheduleResolver","employeeId":51,"date":"2026-01-06","dayOfWeek":2}
[2026-02-05 16:27:01] DEBUG: Resolving schedule | {"context":"ScheduleResolver","employeeId":52,"date":"2026-01-06","dayOfWeek":2}
[2026-02-05 16:27:01] DEBUG: Resolving schedule | {"context":"ScheduleResolver","employeeId":54,"date":"2026-01-06","dayOfWeek":2}
[2026-02-05 16:27:01] DEBUG: Resolving schedule | {"context":"ScheduleResolver","employeeId":55,"date":"2026-01-06","dayOfWeek":2}
[2026-02-05 16:27:01] DEBUG: Found department schedule | {"context":"ScheduleResolver","employeeId":55,"departmentId":5,"isWorkDay":true,"workDays":[1,2,3,4,5]}
[2026-02-05 16:27:01] DEBUG: Resolving schedule | {"context":"ScheduleResolver","employeeId":56,"date":"2026-01-06","dayOfWeek":2}
[2026-02-05 16:27:01] DEBUG: Resolving schedule | {"context":"ScheduleResolver","employeeId":57,"date":"2026-01-06","dayOfWeek":2}
[2026-02-05 16:27:01] DEBUG: Resolving schedule | {"context":"ScheduleResolver","employeeId":58,"date":"2026-01-06","dayOfWeek":2}
[2026-02-05 16:27:01] DEBUG: Found department schedule | {"context":"ScheduleResolver","employeeId":58,"departmentId":5,"isWorkDay":true,"workDays":[1,2,3,4,5]}
[2026-02-05 16:27:01] DEBUG: Resolving schedule | {"context":"ScheduleResolver","employeeId":59,"date":"2026-01-06","dayOfWeek":2}
[2026-02-05 16:27:01] DEBUG: Resolving schedule | {"context":"ScheduleResolver","employeeId":60,"date":"2026-01-06","dayOfWeek":2}
[2026-02-05 16:27:01] DEBUG: Found department schedule | {"context":"ScheduleResolver","employeeId":60,"departmentId":5,"isWorkDay":true,"workDays":[1,2,3,4,5]}
[2026-02-05 16:27:01] DEBUG: Resolving schedule | {"context":"ScheduleResolver","employeeId":61,"date":"2026-01-06","dayOfWeek":2}
[2026-02-05 16:27:01] DEBUG: Resolving schedule | {"context":"ScheduleResolver","employeeId":62,"date":"2026-01-06","dayOfWeek":2}
[2026-02-05 16:27:01] DEBUG: Found department schedule | {"context":"ScheduleResolver","employeeId":62,"departmentId":5,"isWorkDay":true,"workDays":[1,2,3,4,5]}
[2026-02-05 16:27:01] DEBUG: Resolving schedule | {"context":"ScheduleResolver","employeeId":63,"date":"2026-01-06","dayOfWeek":2}
[2026-02-05 16:27:01] DEBUG: Resolving schedule | {"context":"ScheduleResolver","employeeId":64,"date":"2026-01-06","dayOfWeek":2}
[2026-02-05 16:27:01] DEBUG: Resolving schedule | {"context":"ScheduleResolver","employeeId":65,"date":"2026-01-06","dayOfWeek":2}
[2026-02-05 16:27:01] DEBUG: Resolving schedule | {"context":"ScheduleResolver","employeeId":66,"date":"2026-01-06","dayOfWeek":2}
[2026-02-05 16:27:01] DEBUG: Resolving schedule | {"context":"ScheduleResolver","employeeId":68,"date":"2026-01-06","dayOfWeek":2}
[2026-02-05 16:27:01] DEBUG: Resolving schedule | {"context":"ScheduleResolver","employeeId":71,"date":"2026-01-06","dayOfWeek":2}
[2026-02-05 16:27:01] DEBUG: Found employee schedule | {"context":"ScheduleResolver","employeeId":71,"isWorkDay":true,"workDays":[1,2,3,4,5]}
[2026-02-05 16:27:01] DEBUG: Resolving schedule | {"context":"ScheduleResolver","employeeId":72,"date":"2026-01-06","dayOfWeek":2}
[2026-02-05 16:27:01] DEBUG: Resolving schedule | {"context":"ScheduleResolver","employeeId":73,"date":"2026-01-06","dayOfWeek":2}
[2026-02-05 16:27:01] DEBUG: Resolving schedule | {"context":"ScheduleResolver","employeeId":75,"date":"2026-01-06","dayOfWeek":2}
[2026-02-05 16:27:01] DEBUG: Resolving schedule | {"context":"ScheduleResolver","employeeId":3,"date":"2026-01-07","dayOfWeek":3}
[2026-02-05 16:27:01] DEBUG: Resolving schedule | {"context":"ScheduleResolver","employeeId":4,"date":"2026-01-07","dayOfWeek":3}
[2026-02-05 16:27:01] DEBUG: Resolving schedule | {"context":"ScheduleResolver","employeeId":5,"date":"2026-01-07","dayOfWeek":3}
[2026-02-05 16:27:01] DEBUG: Resolving schedule | {"context":"ScheduleResolver","employeeId":6,"date":"2026-01-07","dayOfWeek":3}
[2026-02-05 16:27:01] DEBUG: Found department schedule | {"context":"ScheduleResolver","employeeId":6,"departmentId":5,"isWorkDay":true,"workDays":[1,2,3,4,5]}
[2026-02-05 16:27:01] DEBUG: Resolving schedule | {"context":"ScheduleResolver","employeeId":10,"date":"2026-01-07","dayOfWeek":3}
[2026-02-05 16:27:01] DEBUG: Resolving schedule | {"context":"ScheduleResolver","employeeId":12,"date":"2026-01-07","dayOfWeek":3}
[2026-02-05 16:27:01] DEBUG: Resolving schedule | {"context":"ScheduleResolver","employeeId":15,"date":"2026-01-07","dayOfWeek":3}
[2026-02-05 16:27:01] DEBUG: Found employee schedule | {"context":"ScheduleResolver","employeeId":15,"isWorkDay":true,"workDays":[1,2,3,4,5]}
[2026-02-05 16:27:01] DEBUG: Resolving schedule | {"context":"ScheduleResolver","employeeId":18,"date":"2026-01-07","dayOfWeek":3}
[2026-02-05 16:27:01] DEBUG: Resolving schedule | {"context":"ScheduleResolver","employeeId":19,"date":"2026-01-07","dayOfWeek":3}
[2026-02-05 16:27:01] DEBUG: Resolving schedule | {"context":"ScheduleResolver","employeeId":21,"date":"2026-01-07","dayOfWeek":3}
[2026-02-05 16:27:01] DEBUG: Found department schedule | {"context":"ScheduleResolver","employeeId":21,"departmentId":5,"isWorkDay":true,"workDays":[1,2,3,4,5]}
[2026-02-05 16:27:01] DEBUG: Resolving schedule | {"context":"ScheduleResolver","employeeId":23,"date":"2026-01-07","dayOfWeek":3}
[2026-02-05 16:27:01] DEBUG: Resolving schedule | {"context":"ScheduleResolver","employeeId":24,"date":"2026-01-07","dayOfWeek":3}
[2026-02-05 16:27:01] DEBUG: Resolving schedule | {"context":"ScheduleResolver","employeeId":25,"date":"2026-01-07","dayOfWeek":3}
[2026-02-05 16:27:01] DEBUG: Resolving schedule | {"context":"ScheduleResolver","employeeId":27,"date":"2026-01-07","dayOfWeek":3}
[2026-02-05 16:27:01] DEBUG: Found department schedule | {"context":"ScheduleResolver","employeeId":27,"departmentId":5,"isWorkDay":true,"workDays":[1,2,3,4,5]}
[2026-02-05 16:27:01] DEBUG: Resolving schedule | {"context":"ScheduleResolver","employeeId":28,"date":"2026-01-07","dayOfWeek":3}
[2026-02-05 16:27:01] DEBUG: Found employee schedule | {"context":"ScheduleResolver","employeeId":28,"isWorkDay":true,"workDays":[1,3,5]}
[2026-02-05 16:27:01] DEBUG: Resolving schedule | {"context":"ScheduleResolver","employeeId":29,"date":"2026-01-07","dayOfWeek":3}
[2026-02-05 16:27:01] DEBUG: Found employee schedule | {"context":"ScheduleResolver","employeeId":29,"isWorkDay":true,"workDays":[1,2,3,4,5]}
[2026-02-05 16:27:01] DEBUG: Resolving schedule | {"context":"ScheduleResolver","employeeId":30,"date":"2026-01-07","dayOfWeek":3}
[2026-02-05 16:27:01] DEBUG: Found employee schedule | {"context":"ScheduleResolver","employeeId":30,"isWorkDay":true,"workDays":[1,2,3,4,5]}
[2026-02-05 16:27:01] DEBUG: Resolving schedule | {"context":"ScheduleResolver","employeeId":32,"date":"2026-01-07","dayOfWeek":3}
[2026-02-05 16:27:01] DEBUG: Found department schedule | {"context":"ScheduleResolver","employeeId":32,"departmentId":5,"isWorkDay":true,"workDays":[1,2,3,4,5]}
[2026-02-05 16:27:01] DEBUG: Resolving schedule | {"context":"ScheduleResolver","employeeId":33,"date":"2026-01-07","dayOfWeek":3}
[2026-02-05 16:27:01] DEBUG: Resolving schedule | {"context":"ScheduleResolver","employeeId":34,"date":"2026-01-07","dayOfWeek":3}
[2026-02-05 16:27:01] DEBUG: Found department schedule | {"context":"ScheduleResolver","employeeId":34,"departmentId":5,"isWorkDay":true,"workDays":[1,2,3,4,5]}
[2026-02-05 16:27:01] DEBUG: Resolving schedule | {"context":"ScheduleResolver","employeeId":35,"date":"2026-01-07","dayOfWeek":3}
[2026-02-05 16:27:01] DEBUG: Found department schedule | {"context":"ScheduleResolver","employeeId":35,"departmentId":5,"isWorkDay":true,"workDays":[1,2,3,4,5]}
[2026-02-05 16:27:01] DEBUG: Resolving schedule | {"context":"ScheduleResolver","employeeId":40,"date":"2026-01-07","dayOfWeek":3}
[2026-02-05 16:27:01] DEBUG: Resolving schedule | {"context":"ScheduleResolver","employeeId":41,"date":"2026-01-07","dayOfWeek":3}
[2026-02-05 16:27:01] DEBUG: Found department schedule | {"context":"ScheduleResolver","employeeId":41,"departmentId":5,"isWorkDay":true,"workDays":[1,2,3,4,5]}
[2026-02-05 16:27:01] DEBUG: Resolving schedule | {"context":"ScheduleResolver","employeeId":42,"date":"2026-01-07","dayOfWeek":3}
[2026-02-05 16:27:01] DEBUG: Resolving schedule | {"context":"ScheduleResolver","employeeId":43,"date":"2026-01-07","dayOfWeek":3}
[2026-02-05 16:27:01] DEBUG: Found employee schedule | {"context":"ScheduleResolver","employeeId":43,"isWorkDay":true,"workDays":[1,2,3,4,5]}
[2026-02-05 16:27:01] DEBUG: Resolving schedule | {"context":"ScheduleResolver","employeeId":44,"date":"2026-01-07","dayOfWeek":3}
[2026-02-05 16:27:01] DEBUG: Resolving schedule | {"context":"ScheduleResolver","employeeId":45,"date":"2026-01-07","dayOfWeek":3}
[2026-02-05 16:27:01] DEBUG: Resolving schedule | {"context":"ScheduleResolver","employeeId":46,"date":"2026-01-07","dayOfWeek":3}
[2026-02-05 16:27:01] DEBUG: Resolving schedule | {"context":"ScheduleResolver","employeeId":48,"date":"2026-01-07","dayOfWeek":3}
[2026-02-05 16:27:01] DEBUG: Resolving schedule | {"context":"ScheduleResolver","employeeId":49,"date":"2026-01-07","dayOfWeek":3}
[2026-02-05 16:27:01] DEBUG: Resolving schedule | {"context":"ScheduleResolver","employeeId":50,"date":"2026-01-07","dayOfWeek":3}
[2026-02-05 16:27:01] DEBUG: Found department schedule | {"context":"ScheduleResolver","employeeId":50,"departmentId":5,"isWorkDay":true,"workDays":[1,2,3,4,5]}
[2026-02-05 16:27:01] DEBUG: Resolving schedule | {"context":"ScheduleResolver","employeeId":51,"date":"2026-01-07","dayOfWeek":3}
[2026-02-05 16:27:01] DEBUG: Resolving schedule | {"context":"ScheduleResolver","employeeId":52,"date":"2026-01-07","dayOfWeek":3}
[2026-02-05 16:27:01] DEBUG: Resolving schedule | {"context":"ScheduleResolver","employeeId":54,"date":"2026-01-07","dayOfWeek":3}
[2026-02-05 16:27:01] DEBUG: Resolving schedule | {"context":"ScheduleResolver","employeeId":55,"date":"2026-01-07","dayOfWeek":3}
[2026-02-05 16:27:01] DEBUG: Found department schedule | {"context":"ScheduleResolver","employeeId":55,"departmentId":5,"isWorkDay":true,"workDays":[1,2,3,4,5]}
[2026-02-05 16:27:01] DEBUG: Resolving schedule | {"context":"ScheduleResolver","employeeId":56,"date":"2026-01-07","dayOfWeek":3}
[2026-02-05 16:27:01] DEBUG: Resolving schedule | {"context":"ScheduleResolver","employeeId":57,"date":"2026-01-07","dayOfWeek":3}
[2026-02-05 16:27:01] DEBUG: Resolving schedule | {"context":"ScheduleResolver","employeeId":59,"date":"2026-01-07","dayOfWeek":3}
[2026-02-05 16:27:01] DEBUG: Resolving schedule | {"context":"ScheduleResolver","employeeId":60,"date":"2026-01-07","dayOfWeek":3}
[2026-02-05 16:27:01] DEBUG: Found department schedule | {"context":"ScheduleResolver","employeeId":60,"departmentId":5,"isWorkDay":true,"workDays":[1,2,3,4,5]}
[2026-02-05 16:27:01] DEBUG: Resolving schedule | {"context":"ScheduleResolver","employeeId":61,"date":"2026-01-07","dayOfWeek":3}
[2026-02-05 16:27:01] DEBUG: Resolving schedule | {"context":"ScheduleResolver","employeeId":62,"date":"2026-01-07","dayOfWeek":3}
[2026-02-05 16:27:01] DEBUG: Found department schedule | {"context":"ScheduleResolver","employeeId":62,"departmentId":5,"isWorkDay":true,"workDays":[1,2,3,4,5]}
[2026-02-05 16:27:01] DEBUG: Resolving schedule | {"context":"ScheduleResolver","employeeId":63,"date":"2026-01-07","dayOfWeek":3}
[2026-02-05 16:27:01] DEBUG: Resolving schedule | {"context":"ScheduleResolver","employeeId":64,"date":"2026-01-07","dayOfWeek":3}
[2026-02-05 16:27:01] DEBUG: Resolving schedule | {"context":"ScheduleResolver","employeeId":65,"date":"2026-01-07","dayOfWeek":3}
[2026-02-05 16:27:01] DEBUG: Resolving schedule | {"context":"ScheduleResolver","employeeId":66,"date":"2026-01-07","dayOfWeek":3}
[2026-02-05 16:27:01] DEBUG: Resolving schedule | {"context":"ScheduleResolver","employeeId":67,"date":"2026-01-07","dayOfWeek":3}
[2026-02-05 16:27:01] DEBUG: Resolving schedule | {"context":"ScheduleResolver","employeeId":68,"date":"2026-01-07","dayOfWeek":3}
[2026-02-05 16:27:01] DEBUG: Resolving schedule | {"context":"ScheduleResolver","employeeId":70,"date":"2026-01-07","dayOfWeek":3}
[2026-02-05 16:27:01] DEBUG: Resolving schedule | {"context":"ScheduleResolver","employeeId":71,"date":"2026-01-07","dayOfWeek":3}
[2026-02-05 16:27:01] DEBUG: Found employee schedule | {"context":"ScheduleResolver","employeeId":71,"isWorkDay":true,"workDays":[1,2,3,4,5]}
[2026-02-05 16:27:01] DEBUG: Resolving schedule | {"context":"ScheduleResolver","employeeId":72,"date":"2026-01-07","dayOfWeek":3}
[2026-02-05 16:27:01] DEBUG: Resolving schedule | {"context":"ScheduleResolver","employeeId":73,"date":"2026-01-07","dayOfWeek":3}
[2026-02-05 16:27:01] DEBUG: Resolving schedule | {"context":"ScheduleResolver","employeeId":75,"date":"2026-01-07","dayOfWeek":3}
[2026-02-05 16:27:01] DEBUG: Resolving schedule | {"context":"ScheduleResolver","employeeId":3,"date":"2026-01-08","dayOfWeek":4}
[2026-02-05 16:27:01] DEBUG: Resolving schedule | {"context":"ScheduleResolver","employeeId":4,"date":"2026-01-08","dayOfWeek":4}
[2026-02-05 16:27:01] DEBUG: Resolving schedule | {"context":"ScheduleResolver","employeeId":5,"date":"2026-01-08","dayOfWeek":4}
[2026-02-05 16:27:01] DEBUG: Resolving schedule | {"context":"ScheduleResolver","employeeId":6,"date":"2026-01-08","dayOfWeek":4}
[2026-02-05 16:27:01] DEBUG: Found department schedule | {"context":"ScheduleResolver","employeeId":6,"departmentId":5,"isWorkDay":true,"workDays":[1,2,3,4,5]}
[2026-02-05 16:27:01] DEBUG: Resolving schedule | {"context":"ScheduleResolver","employeeId":10,"date":"2026-01-08","dayOfWeek":4}
[2026-02-05 16:27:01] DEBUG: Resolving schedule | {"context":"ScheduleResolver","employeeId":12,"date":"2026-01-08","dayOfWeek":4}
[2026-02-05 16:27:01] DEBUG: Resolving schedule | {"context":"ScheduleResolver","employeeId":15,"date":"2026-01-08","dayOfWeek":4}
[2026-02-05 16:27:01] DEBUG: Found employee schedule | {"context":"ScheduleResolver","employeeId":15,"isWorkDay":true,"workDays":[1,2,3,4,5]}
[2026-02-05 16:27:01] DEBUG: Resolving schedule | {"context":"ScheduleResolver","employeeId":18,"date":"2026-01-08","dayOfWeek":4}
[2026-02-05 16:27:01] DEBUG: Resolving schedule | {"context":"ScheduleResolver","employeeId":19,"date":"2026-01-08","dayOfWeek":4}
[2026-02-05 16:27:01] DEBUG: Resolving schedule | {"context":"ScheduleResolver","employeeId":21,"date":"2026-01-08","dayOfWeek":4}
[2026-02-05 16:27:01] DEBUG: Found department schedule | {"context":"ScheduleResolver","employeeId":21,"departmentId":5,"isWorkDay":true,"workDays":[1,2,3,4,5]}
[2026-02-05 16:27:01] DEBUG: Resolving schedule | {"context":"ScheduleResolver","employeeId":23,"date":"2026-01-08","dayOfWeek":4}
[2026-02-05 16:27:01] DEBUG: Resolving schedule | {"context":"ScheduleResolver","employeeId":24,"date":"2026-01-08","dayOfWeek":4}
[2026-02-05 16:27:01] DEBUG: Resolving schedule | {"context":"ScheduleResolver","employeeId":25,"date":"2026-01-08","dayOfWeek":4}
[2026-02-05 16:27:01] DEBUG: Resolving schedule | {"context":"ScheduleResolver","employeeId":27,"date":"2026-01-08","dayOfWeek":4}
[2026-02-05 16:27:01] DEBUG: Found department schedule | {"context":"ScheduleResolver","employeeId":27,"departmentId":5,"isWorkDay":true,"workDays":[1,2,3,4,5]}
[2026-02-05 16:27:01] DEBUG: Resolving schedule | {"context":"ScheduleResolver","employeeId":29,"date":"2026-01-08","dayOfWeek":4}
[2026-02-05 16:27:01] DEBUG: Found employee schedule | {"context":"ScheduleResolver","employeeId":29,"isWorkDay":true,"workDays":[1,2,3,4,5]}
[2026-02-05 16:27:01] DEBUG: Resolving schedule | {"context":"ScheduleResolver","employeeId":30,"date":"2026-01-08","dayOfWeek":4}
[2026-02-05 16:27:01] DEBUG: Found employee schedule | {"context":"ScheduleResolver","employeeId":30,"isWorkDay":true,"workDays":[1,2,3,4,5]}
[2026-02-05 16:27:01] DEBUG: Resolving schedule | {"context":"ScheduleResolver","employeeId":32,"date":"2026-01-08","dayOfWeek":4}
[2026-02-05 16:27:01] DEBUG: Found department schedule | {"context":"ScheduleResolver","employeeId":32,"departmentId":5,"isWorkDay":true,"workDays":[1,2,3,4,5]}
[2026-02-05 16:27:01] DEBUG: Resolving schedule | {"context":"ScheduleResolver","employeeId":33,"date":"2026-01-08","dayOfWeek":4}
[2026-02-05 16:27:01] DEBUG: Resolving schedule | {"context":"ScheduleResolver","employeeId":34,"date":"2026-01-08","dayOfWeek":4}
[2026-02-05 16:27:01] DEBUG: Found department schedule | {"context":"ScheduleResolver","employeeId":34,"departmentId":5,"isWorkDay":true,"workDays":[1,2,3,4,5]}
[2026-02-05 16:27:01] DEBUG: Resolving schedule | {"context":"ScheduleResolver","employeeId":35,"date":"2026-01-08","dayOfWeek":4}
[2026-02-05 16:27:01] DEBUG: Found department schedule | {"context":"ScheduleResolver","employeeId":35,"departmentId":5,"isWorkDay":true,"workDays":[1,2,3,4,5]}
[2026-02-05 16:27:01] DEBUG: Resolving schedule | {"context":"ScheduleResolver","employeeId":40,"date":"2026-01-08","dayOfWeek":4}
[2026-02-05 16:27:01] DEBUG: Resolving schedule | {"context":"ScheduleResolver","employeeId":41,"date":"2026-01-08","dayOfWeek":4}
[2026-02-05 16:27:01] DEBUG: Found department schedule | {"context":"ScheduleResolver","employeeId":41,"departmentId":5,"isWorkDay":true,"workDays":[1,2,3,4,5]}
[2026-02-05 16:27:01] DEBUG: Resolving schedule | {"context":"ScheduleResolver","employeeId":42,"date":"2026-01-08","dayOfWeek":4}
[2026-02-05 16:27:01] DEBUG: Resolving schedule | {"context":"ScheduleResolver","employeeId":44,"date":"2026-01-08","dayOfWeek":4}
[2026-02-05 16:27:01] DEBUG: Resolving schedule | {"context":"ScheduleResolver","employeeId":45,"date":"2026-01-08","dayOfWeek":4}
[2026-02-05 16:27:01] DEBUG: Resolving schedule | {"context":"ScheduleResolver","employeeId":46,"date":"2026-01-08","dayOfWeek":4}
[2026-02-05 16:27:01] DEBUG: Resolving schedule | {"context":"ScheduleResolver","employeeId":48,"date":"2026-01-08","dayOfWeek":4}
[2026-02-05 16:27:01] DEBUG: Resolving schedule | {"context":"ScheduleResolver","employeeId":49,"date":"2026-01-08","dayOfWeek":4}
[2026-02-05 16:27:01] DEBUG: Resolving schedule | {"context":"ScheduleResolver","employeeId":50,"date":"2026-01-08","dayOfWeek":4}
[2026-02-05 16:27:01] DEBUG: Found department schedule | {"context":"ScheduleResolver","employeeId":50,"departmentId":5,"isWorkDay":true,"workDays":[1,2,3,4,5]}
[2026-02-05 16:27:01] DEBUG: Resolving schedule | {"context":"ScheduleResolver","employeeId":51,"date":"2026-01-08","dayOfWeek":4}
[2026-02-05 16:27:01] DEBUG: Resolving schedule | {"context":"ScheduleResolver","employeeId":52,"date":"2026-01-08","dayOfWeek":4}
[2026-02-05 16:27:01] DEBUG: Resolving schedule | {"context":"ScheduleResolver","employeeId":54,"date":"2026-01-08","dayOfWeek":4}
[2026-02-05 16:27:01] DEBUG: Resolving schedule | {"context":"ScheduleResolver","employeeId":55,"date":"2026-01-08","dayOfWeek":4}
[2026-02-05 16:27:01] DEBUG: Found department schedule | {"context":"ScheduleResolver","employeeId":55,"departmentId":5,"isWorkDay":true,"workDays":[1,2,3,4,5]}
[2026-02-05 16:27:01] DEBUG: Resolving schedule | {"context":"ScheduleResolver","employeeId":56,"date":"2026-01-08","dayOfWeek":4}
[2026-02-05 16:27:01] DEBUG: Resolving schedule | {"context":"ScheduleResolver","employeeId":57,"date":"2026-01-08","dayOfWeek":4}
[2026-02-05 16:27:01] DEBUG: Resolving schedule | {"context":"ScheduleResolver","employeeId":59,"date":"2026-01-08","dayOfWeek":4}
[2026-02-05 16:27:01] DEBUG: Resolving schedule | {"context":"ScheduleResolver","employeeId":60,"date":"2026-01-08","dayOfWeek":4}
[2026-02-05 16:27:01] DEBUG: Found department schedule | {"context":"ScheduleResolver","employeeId":60,"departmentId":5,"isWorkDay":true,"workDays":[1,2,3,4,5]}
[2026-02-05 16:27:01] DEBUG: Resolving schedule | {"context":"ScheduleResolver","employeeId":61,"date":"2026-01-08","dayOfWeek":4}
[2026-02-05 16:27:01] DEBUG: Resolving schedule | {"context":"ScheduleResolver","employeeId":62,"date":"2026-01-08","dayOfWeek":4}
[2026-02-05 16:27:01] DEBUG: Found department schedule | {"context":"ScheduleResolver","employeeId":62,"departmentId":5,"isWorkDay":true,"workDays":[1,2,3,4,5]}
[2026-02-05 16:27:01] DEBUG: Resolving schedule | {"context":"ScheduleResolver","employeeId":63,"date":"2026-01-08","dayOfWeek":4}
[2026-02-05 16:27:01] DEBUG: Resolving schedule | {"context":"ScheduleResolver","employeeId":64,"date":"2026-01-08","dayOfWeek":4}
[2026-02-05 16:27:01] DEBUG: Resolving schedule | {"context":"ScheduleResolver","employeeId":65,"date":"2026-01-08","dayOfWeek":4}
[2026-02-05 16:27:01] DEBUG: Resolving schedule | {"context":"ScheduleResolver","employeeId":66,"date":"2026-01-08","dayOfWeek":4}
[2026-02-05 16:27:01] DEBUG: Resolving schedule | {"context":"ScheduleResolver","employeeId":67,"date":"2026-01-08","dayOfWeek":4}
[2026-02-05 16:27:01] DEBUG: Resolving schedule | {"context":"ScheduleResolver","employeeId":68,"date":"2026-01-08","dayOfWeek":4}
[2026-02-05 16:27:01] DEBUG: Resolving schedule | {"context":"ScheduleResolver","employeeId":71,"date":"2026-01-08","dayOfWeek":4}
[2026-02-05 16:27:01] DEBUG: Found employee schedule | {"context":"ScheduleResolver","employeeId":71,"isWorkDay":true,"workDays":[1,2,3,4,5]}
[2026-02-05 16:27:01] DEBUG: Resolving schedule | {"context":"ScheduleResolver","employeeId":72,"date":"2026-01-08","dayOfWeek":4}
[2026-02-05 16:27:01] DEBUG: Resolving schedule | {"context":"ScheduleResolver","employeeId":73,"date":"2026-01-08","dayOfWeek":4}
[2026-02-05 16:27:01] DEBUG: Resolving schedule | {"context":"ScheduleResolver","employeeId":75,"date":"2026-01-08","dayOfWeek":4}
[2026-02-05 16:27:01] DEBUG: Resolving schedule | {"context":"ScheduleResolver","employeeId":3,"date":"2026-01-09","dayOfWeek":5}
[2026-02-05 16:27:01] DEBUG: Resolving schedule | {"context":"ScheduleResolver","employeeId":4,"date":"2026-01-09","dayOfWeek":5}
[2026-02-05 16:27:01] DEBUG: Resolving schedule | {"context":"ScheduleResolver","employeeId":5,"date":"2026-01-09","dayOfWeek":5}
[2026-02-05 16:27:01] DEBUG: Resolving schedule | {"context":"ScheduleResolver","employeeId":6,"date":"2026-01-09","dayOfWeek":5}
[2026-02-05 16:27:01] DEBUG: Found department schedule | {"context":"ScheduleResolver","employeeId":6,"departmentId":5,"isWorkDay":true,"workDays":[1,2,3,4,5]}
[2026-02-05 16:27:01] DEBUG: Resolving schedule | {"context":"ScheduleResolver","employeeId":10,"date":"2026-01-09","dayOfWeek":5}
[2026-02-05 16:27:01] DEBUG: Resolving schedule | {"context":"ScheduleResolver","employeeId":12,"date":"2026-01-09","dayOfWeek":5}
[2026-02-05 16:27:01] DEBUG: Resolving schedule | {"context":"ScheduleResolver","employeeId":15,"date":"2026-01-09","dayOfWeek":5}
[2026-02-05 16:27:01] DEBUG: Found employee schedule | {"context":"ScheduleResolver","employeeId":15,"isWorkDay":true,"workDays":[1,2,3,4,5]}
[2026-02-05 16:27:01] DEBUG: Resolving schedule | {"context":"ScheduleResolver","employeeId":18,"date":"2026-01-09","dayOfWeek":5}
[2026-02-05 16:27:01] DEBUG: Resolving schedule | {"context":"ScheduleResolver","employeeId":19,"date":"2026-01-09","dayOfWeek":5}
[2026-02-05 16:27:01] DEBUG: Resolving schedule | {"context":"ScheduleResolver","employeeId":21,"date":"2026-01-09","dayOfWeek":5}
[2026-02-05 16:27:01] DEBUG: Found department schedule | {"context":"ScheduleResolver","employeeId":21,"departmentId":5,"isWorkDay":true,"workDays":[1,2,3,4,5]}
[2026-02-05 16:27:01] DEBUG: Resolving schedule | {"context":"ScheduleResolver","employeeId":23,"date":"2026-01-09","dayOfWeek":5}
[2026-02-05 16:27:01] DEBUG: Resolving schedule | {"context":"ScheduleResolver","employeeId":24,"date":"2026-01-09","dayOfWeek":5}
[2026-02-05 16:27:01] DEBUG: Resolving schedule | {"context":"ScheduleResolver","employeeId":25,"date":"2026-01-09","dayOfWeek":5}
[2026-02-05 16:27:01] DEBUG: Resolving schedule | {"context":"ScheduleResolver","employeeId":27,"date":"2026-01-09","dayOfWeek":5}
[2026-02-05 16:27:01] DEBUG: Found department schedule | {"context":"ScheduleResolver","employeeId":27,"departmentId":5,"isWorkDay":true,"workDays":[1,2,3,4,5]}
[2026-02-05 16:27:01] DEBUG: Resolving schedule | {"context":"ScheduleResolver","employeeId":28,"date":"2026-01-09","dayOfWeek":5}
[2026-02-05 16:27:01] DEBUG: Found employee schedule | {"context":"ScheduleResolver","employeeId":28,"isWorkDay":true,"workDays":[1,3,5]}
[2026-02-05 16:27:01] DEBUG: Resolving schedule | {"context":"ScheduleResolver","employeeId":29,"date":"2026-01-09","dayOfWeek":5}
[2026-02-05 16:27:01] DEBUG: Found employee schedule | {"context":"ScheduleResolver","employeeId":29,"isWorkDay":true,"workDays":[1,2,3,4,5]}
[2026-02-05 16:27:01] DEBUG: Resolving schedule | {"context":"ScheduleResolver","employeeId":30,"date":"2026-01-09","dayOfWeek":5}
[2026-02-05 16:27:01] DEBUG: Found employee schedule | {"context":"ScheduleResolver","employeeId":30,"isWorkDay":true,"workDays":[1,2,3,4,5]}
[2026-02-05 16:27:01] DEBUG: Resolving schedule | {"context":"ScheduleResolver","employeeId":32,"date":"2026-01-09","dayOfWeek":5}
[2026-02-05 16:27:01] DEBUG: Found department schedule | {"context":"ScheduleResolver","employeeId":32,"departmentId":5,"isWorkDay":true,"workDays":[1,2,3,4,5]}
[2026-02-05 16:27:01] DEBUG: Resolving schedule | {"context":"ScheduleResolver","employeeId":33,"date":"2026-01-09","dayOfWeek":5}
[2026-02-05 16:27:01] DEBUG: Resolving schedule | {"context":"ScheduleResolver","employeeId":34,"date":"2026-01-09","dayOfWeek":5}
[2026-02-05 16:27:01] DEBUG: Found department schedule | {"context":"ScheduleResolver","employeeId":34,"departmentId":5,"isWorkDay":true,"workDays":[1,2,3,4,5]}
[2026-02-05 16:27:01] DEBUG: Resolving schedule | {"context":"ScheduleResolver","employeeId":35,"date":"2026-01-09","dayOfWeek":5}
[2026-02-05 16:27:01] DEBUG: Found department schedule | {"context":"ScheduleResolver","employeeId":35,"departmentId":5,"isWorkDay":true,"workDays":[1,2,3,4,5]}
[2026-02-05 16:27:01] DEBUG: Resolving schedule | {"context":"ScheduleResolver","employeeId":36,"date":"2026-01-09","dayOfWeek":5}
[2026-02-05 16:27:01] DEBUG: Resolving schedule | {"context":"ScheduleResolver","employeeId":38,"date":"2026-01-09","dayOfWeek":5}
[2026-02-05 16:27:01] DEBUG: Resolving schedule | {"context":"ScheduleResolver","employeeId":40,"date":"2026-01-09","dayOfWeek":5}
[2026-02-05 16:27:01] DEBUG: Resolving schedule | {"context":"ScheduleResolver","employeeId":41,"date":"2026-01-09","dayOfWeek":5}
[2026-02-05 16:27:01] DEBUG: Found department schedule | {"context":"ScheduleResolver","employeeId":41,"departmentId":5,"isWorkDay":true,"workDays":[1,2,3,4,5]}
[2026-02-05 16:27:01] DEBUG: Resolving schedule | {"context":"ScheduleResolver","employeeId":42,"date":"2026-01-09","dayOfWeek":5}
[2026-02-05 16:27:01] DEBUG: Resolving schedule | {"context":"ScheduleResolver","employeeId":43,"date":"2026-01-09","dayOfWeek":5}
[2026-02-05 16:27:01] DEBUG: Found employee schedule | {"context":"ScheduleResolver","employeeId":43,"isWorkDay":true,"workDays":[1,2,3,4,5]}
[2026-02-05 16:27:01] DEBUG: Resolving schedule | {"context":"ScheduleResolver","employeeId":44,"date":"2026-01-09","dayOfWeek":5}
[2026-02-05 16:27:01] DEBUG: Resolving schedule | {"context":"ScheduleResolver","employeeId":45,"date":"2026-01-09","dayOfWeek":5}
[2026-02-05 16:27:01] DEBUG: Resolving schedule | {"context":"ScheduleResolver","employeeId":46,"date":"2026-01-09","dayOfWeek":5}
[2026-02-05 16:27:01] DEBUG: Resolving schedule | {"context":"ScheduleResolver","employeeId":48,"date":"2026-01-09","dayOfWeek":5}
[2026-02-05 16:27:01] DEBUG: Resolving schedule | {"context":"ScheduleResolver","employeeId":49,"date":"2026-01-09","dayOfWeek":5}
[2026-02-05 16:27:01] DEBUG: Resolving schedule | {"context":"ScheduleResolver","employeeId":50,"date":"2026-01-09","dayOfWeek":5}
[2026-02-05 16:27:01] DEBUG: Found department schedule | {"context":"ScheduleResolver","employeeId":50,"departmentId":5,"isWorkDay":true,"workDays":[1,2,3,4,5]}
[2026-02-05 16:27:01] DEBUG: Resolving schedule | {"context":"ScheduleResolver","employeeId":51,"date":"2026-01-09","dayOfWeek":5}
[2026-02-05 16:27:01] DEBUG: Resolving schedule | {"context":"ScheduleResolver","employeeId":52,"date":"2026-01-09","dayOfWeek":5}
[2026-02-05 16:27:01] DEBUG: Resolving schedule | {"context":"ScheduleResolver","employeeId":54,"date":"2026-01-09","dayOfWeek":5}
[2026-02-05 16:27:01] DEBUG: Resolving schedule | {"context":"ScheduleResolver","employeeId":55,"date":"2026-01-09","dayOfWeek":5}
[2026-02-05 16:27:01] DEBUG: Found department schedule | {"context":"ScheduleResolver","employeeId":55,"departmentId":5,"isWorkDay":true,"workDays":[1,2,3,4,5]}
[2026-02-05 16:27:01] DEBUG: Resolving schedule | {"context":"ScheduleResolver","employeeId":56,"date":"2026-01-09","dayOfWeek":5}
[2026-02-05 16:27:01] DEBUG: Resolving schedule | {"context":"ScheduleResolver","employeeId":57,"date":"2026-01-09","dayOfWeek":5}
[2026-02-05 16:27:01] DEBUG: Resolving schedule | {"context":"ScheduleResolver","employeeId":59,"date":"2026-01-09","dayOfWeek":5}
[2026-02-05 16:27:01] DEBUG: Resolving schedule | {"context":"ScheduleResolver","employeeId":60,"date":"2026-01-09","dayOfWeek":5}
[2026-02-05 16:27:01] DEBUG: Found department schedule | {"context":"ScheduleResolver","employeeId":60,"departmentId":5,"isWorkDay":true,"workDays":[1,2,3,4,5]}
[2026-02-05 16:27:01] DEBUG: Resolving schedule | {"context":"ScheduleResolver","employeeId":61,"date":"2026-01-09","dayOfWeek":5}
[2026-02-05 16:27:01] DEBUG: Resolving schedule | {"context":"ScheduleResolver","employeeId":62,"date":"2026-01-09","dayOfWeek":5}
[2026-02-05 16:27:01] DEBUG: Found department schedule | {"context":"ScheduleResolver","employeeId":62,"departmentId":5,"isWorkDay":true,"workDays":[1,2,3,4,5]}
[2026-02-05 16:27:01] DEBUG: Resolving schedule | {"context":"ScheduleResolver","employeeId":63,"date":"2026-01-09","dayOfWeek":5}
[2026-02-05 16:27:01] DEBUG: Resolving schedule | {"context":"ScheduleResolver","employeeId":64,"date":"2026-01-09","dayOfWeek":5}
[2026-02-05 16:27:01] DEBUG: Resolving schedule | {"context":"ScheduleResolver","employeeId":65,"date":"2026-01-09","dayOfWeek":5}
[2026-02-05 16:27:01] DEBUG: Resolving schedule | {"context":"ScheduleResolver","employeeId":66,"date":"2026-01-09","dayOfWeek":5}
[2026-02-05 16:27:01] DEBUG: Resolving schedule | {"context":"ScheduleResolver","employeeId":67,"date":"2026-01-09","dayOfWeek":5}
[2026-02-05 16:27:01] DEBUG: Resolving schedule | {"context":"ScheduleResolver","employeeId":68,"date":"2026-01-09","dayOfWeek":5}
[2026-02-05 16:27:01] DEBUG: Resolving schedule | {"context":"ScheduleResolver","employeeId":70,"date":"2026-01-09","dayOfWeek":5}
[2026-02-05 16:27:01] DEBUG: Resolving schedule | {"context":"ScheduleResolver","employeeId":71,"date":"2026-01-09","dayOfWeek":5}
[2026-02-05 16:27:01] DEBUG: Found employee schedule | {"context":"ScheduleResolver","employeeId":71,"isWorkDay":true,"workDays":[1,2,3,4,5]}
[2026-02-05 16:27:01] DEBUG: Resolving schedule | {"context":"ScheduleResolver","employeeId":72,"date":"2026-01-09","dayOfWeek":5}
[2026-02-05 16:27:01] DEBUG: Resolving schedule | {"context":"ScheduleResolver","employeeId":73,"date":"2026-01-09","dayOfWeek":5}
[2026-02-05 16:27:01] DEBUG: Resolving schedule | {"context":"ScheduleResolver","employeeId":75,"date":"2026-01-09","dayOfWeek":5}
[2026-02-05 16:27:01] DEBUG: Resolving schedule | {"context":"ScheduleResolver","employeeId":70,"date":"2026-01-10","dayOfWeek":6}
[2026-02-05 16:27:01] DEBUG: Resolving schedule | {"context":"ScheduleResolver","employeeId":3,"date":"2026-01-12","dayOfWeek":1}
[2026-02-05 16:27:01] DEBUG: Resolving schedule | {"context":"ScheduleResolver","employeeId":4,"date":"2026-01-12","dayOfWeek":1}
[2026-02-05 16:27:01] DEBUG: Resolving schedule | {"context":"ScheduleResolver","employeeId":6,"date":"2026-01-12","dayOfWeek":1}
[2026-02-05 16:27:01] DEBUG: Found department schedule | {"context":"ScheduleResolver","employeeId":6,"departmentId":5,"isWorkDay":true,"workDays":[1,2,3,4,5]}
[2026-02-05 16:27:01] DEBUG: Resolving schedule | {"context":"ScheduleResolver","employeeId":10,"date":"2026-01-12","dayOfWeek":1}
[2026-02-05 16:27:01] DEBUG: Resolving schedule | {"context":"ScheduleResolver","employeeId":12,"date":"2026-01-12","dayOfWeek":1}
[2026-02-05 16:27:01] DEBUG: Resolving schedule | {"context":"ScheduleResolver","employeeId":15,"date":"2026-01-12","dayOfWeek":1}
[2026-02-05 16:27:01] DEBUG: Found employee schedule | {"context":"ScheduleResolver","employeeId":15,"isWorkDay":true,"workDays":[1,2,3,4,5]}
[2026-02-05 16:27:01] DEBUG: Resolving schedule | {"context":"ScheduleResolver","employeeId":17,"date":"2026-01-12","dayOfWeek":1}
[2026-02-05 16:27:01] DEBUG: Resolving schedule | {"context":"ScheduleResolver","employeeId":18,"date":"2026-01-12","dayOfWeek":1}
[2026-02-05 16:27:01] DEBUG: Resolving schedule | {"context":"ScheduleResolver","employeeId":19,"date":"2026-01-12","dayOfWeek":1}
[2026-02-05 16:27:01] DEBUG: Resolving schedule | {"context":"ScheduleResolver","employeeId":21,"date":"2026-01-12","dayOfWeek":1}
[2026-02-05 16:27:01] DEBUG: Found department schedule | {"context":"ScheduleResolver","employeeId":21,"departmentId":5,"isWorkDay":true,"workDays":[1,2,3,4,5]}
[2026-02-05 16:27:01] DEBUG: Resolving schedule | {"context":"ScheduleResolver","employeeId":23,"date":"2026-01-12","dayOfWeek":1}
[2026-02-05 16:27:01] DEBUG: Resolving schedule | {"context":"ScheduleResolver","employeeId":24,"date":"2026-01-12","dayOfWeek":1}
[2026-02-05 16:27:01] DEBUG: Resolving schedule | {"context":"ScheduleResolver","employeeId":25,"date":"2026-01-12","dayOfWeek":1}
[2026-02-05 16:27:01] DEBUG: Resolving schedule | {"context":"ScheduleResolver","employeeId":27,"date":"2026-01-12","dayOfWeek":1}
[2026-02-05 16:27:01] DEBUG: Found department schedule | {"context":"ScheduleResolver","employeeId":27,"departmentId":5,"isWorkDay":true,"workDays":[1,2,3,4,5]}
[2026-02-05 16:27:01] DEBUG: Resolving schedule | {"context":"ScheduleResolver","employeeId":28,"date":"2026-01-12","dayOfWeek":1}
[2026-02-05 16:27:01] DEBUG: Found employee schedule | {"context":"ScheduleResolver","employeeId":28,"isWorkDay":true,"workDays":[1,3,5]}
[2026-02-05 16:27:01] DEBUG: Resolving schedule | {"context":"ScheduleResolver","employeeId":29,"date":"2026-01-12","dayOfWeek":1}
[2026-02-05 16:27:01] DEBUG: Found employee schedule | {"context":"ScheduleResolver","employeeId":29,"isWorkDay":true,"workDays":[1,2,3,4,5]}
[2026-02-05 16:27:01] DEBUG: Resolving schedule | {"context":"ScheduleResolver","employeeId":30,"date":"2026-01-12","dayOfWeek":1}
[2026-02-05 16:27:01] DEBUG: Found employee schedule | {"context":"ScheduleResolver","employeeId":30,"isWorkDay":true,"workDays":[1,2,3,4,5]}
[2026-02-05 16:27:01] DEBUG: Resolving schedule | {"context":"ScheduleResolver","employeeId":32,"date":"2026-01-12","dayOfWeek":1}
[2026-02-05 16:27:01] DEBUG: Found department schedule | {"context":"ScheduleResolver","employeeId":32,"departmentId":5,"isWorkDay":true,"workDays":[1,2,3,4,5]}
[2026-02-05 16:27:01] DEBUG: Resolving schedule | {"context":"ScheduleResolver","employeeId":33,"date":"2026-01-12","dayOfWeek":1}
[2026-02-05 16:27:01] DEBUG: Resolving schedule | {"context":"ScheduleResolver","employeeId":34,"date":"2026-01-12","dayOfWeek":1}
[2026-02-05 16:27:01] DEBUG: Found department schedule | {"context":"ScheduleResolver","employeeId":34,"departmentId":5,"isWorkDay":true,"workDays":[1,2,3,4,5]}
[2026-02-05 16:27:01] DEBUG: Resolving schedule | {"context":"ScheduleResolver","employeeId":35,"date":"2026-01-12","dayOfWeek":1}
[2026-02-05 16:27:01] DEBUG: Found department schedule | {"context":"ScheduleResolver","employeeId":35,"departmentId":5,"isWorkDay":true,"workDays":[1,2,3,4,5]}
[2026-02-05 16:27:01] DEBUG: Resolving schedule | {"context":"ScheduleResolver","employeeId":38,"date":"2026-01-12","dayOfWeek":1}
[2026-02-05 16:27:01] DEBUG: Resolving schedule | {"context":"ScheduleResolver","employeeId":40,"date":"2026-01-12","dayOfWeek":1}
[2026-02-05 16:27:01] DEBUG: Resolving schedule | {"context":"ScheduleResolver","employeeId":41,"date":"2026-01-12","dayOfWeek":1}
[2026-02-05 16:27:01] DEBUG: Found department schedule | {"context":"ScheduleResolver","employeeId":41,"departmentId":5,"isWorkDay":true,"workDays":[1,2,3,4,5]}
[2026-02-05 16:27:01] DEBUG: Resolving schedule | {"context":"ScheduleResolver","employeeId":42,"date":"2026-01-12","dayOfWeek":1}
[2026-02-05 16:27:01] DEBUG: Resolving schedule | {"context":"ScheduleResolver","employeeId":43,"date":"2026-01-12","dayOfWeek":1}
[2026-02-05 16:27:01] DEBUG: Found employee schedule | {"context":"ScheduleResolver","employeeId":43,"isWorkDay":true,"workDays":[1,2,3,4,5]}
[2026-02-05 16:27:01] DEBUG: Resolving schedule | {"context":"ScheduleResolver","employeeId":44,"date":"2026-01-12","dayOfWeek":1}
[2026-02-05 16:27:01] DEBUG: Resolving schedule | {"context":"ScheduleResolver","employeeId":45,"date":"2026-01-12","dayOfWeek":1}
[2026-02-05 16:27:01] DEBUG: Resolving schedule | {"context":"ScheduleResolver","employeeId":46,"date":"2026-01-12","dayOfWeek":1}
[2026-02-05 16:27:01] DEBUG: Resolving schedule | {"context":"ScheduleResolver","employeeId":47,"date":"2026-01-12","dayOfWeek":1}
[2026-02-05 16:27:01] DEBUG: Resolving schedule | {"context":"ScheduleResolver","employeeId":48,"date":"2026-01-12","dayOfWeek":1}
[2026-02-05 16:27:01] DEBUG: Resolving schedule | {"context":"ScheduleResolver","employeeId":49,"date":"2026-01-12","dayOfWeek":1}
[2026-02-05 16:27:01] DEBUG: Resolving schedule | {"context":"ScheduleResolver","employeeId":50,"date":"2026-01-12","dayOfWeek":1}
[2026-02-05 16:27:01] DEBUG: Found department schedule | {"context":"ScheduleResolver","employeeId":50,"departmentId":5,"isWorkDay":true,"workDays":[1,2,3,4,5]}
[2026-02-05 16:27:01] DEBUG: Resolving schedule | {"context":"ScheduleResolver","employeeId":51,"date":"2026-01-12","dayOfWeek":1}
[2026-02-05 16:27:01] DEBUG: Resolving schedule | {"context":"ScheduleResolver","employeeId":52,"date":"2026-01-12","dayOfWeek":1}
[2026-02-05 16:27:01] DEBUG: Resolving schedule | {"context":"ScheduleResolver","employeeId":53,"date":"2026-01-12","dayOfWeek":1}
[2026-02-05 16:27:01] DEBUG: Resolving schedule | {"context":"ScheduleResolver","employeeId":54,"date":"2026-01-12","dayOfWeek":1}
[2026-02-05 16:27:01] DEBUG: Resolving schedule | {"context":"ScheduleResolver","employeeId":55,"date":"2026-01-12","dayOfWeek":1}
[2026-02-05 16:27:01] DEBUG: Found department schedule | {"context":"ScheduleResolver","employeeId":55,"departmentId":5,"isWorkDay":true,"workDays":[1,2,3,4,5]}
[2026-02-05 16:27:01] DEBUG: Resolving schedule | {"context":"ScheduleResolver","employeeId":56,"date":"2026-01-12","dayOfWeek":1}
[2026-02-05 16:27:01] DEBUG: Resolving schedule | {"context":"ScheduleResolver","employeeId":57,"date":"2026-01-12","dayOfWeek":1}
[2026-02-05 16:27:01] DEBUG: Resolving schedule | {"context":"ScheduleResolver","employeeId":58,"date":"2026-01-12","dayOfWeek":1}
[2026-02-05 16:27:01] DEBUG: Found department schedule | {"context":"ScheduleResolver","employeeId":58,"departmentId":5,"isWorkDay":true,"workDays":[1,2,3,4,5]}
[2026-02-05 16:27:01] DEBUG: Resolving schedule | {"context":"ScheduleResolver","employeeId":59,"date":"2026-01-12","dayOfWeek":1}
[2026-02-05 16:27:01] DEBUG: Resolving schedule | {"context":"ScheduleResolver","employeeId":60,"date":"2026-01-12","dayOfWeek":1}
[2026-02-05 16:27:01] DEBUG: Found department schedule | {"context":"ScheduleResolver","employeeId":60,"departmentId":5,"isWorkDay":true,"workDays":[1,2,3,4,5]}
[2026-02-05 16:27:01] DEBUG: Resolving schedule | {"context":"ScheduleResolver","employeeId":61,"date":"2026-01-12","dayOfWeek":1}
[2026-02-05 16:27:01] DEBUG: Resolving schedule | {"context":"ScheduleResolver","employeeId":62,"date":"2026-01-12","dayOfWeek":1}
[2026-02-05 16:27:01] DEBUG: Found department schedule | {"context":"ScheduleResolver","employeeId":62,"departmentId":5,"isWorkDay":true,"workDays":[1,2,3,4,5]}
[2026-02-05 16:27:01] DEBUG: Resolving schedule | {"context":"ScheduleResolver","employeeId":63,"date":"2026-01-12","dayOfWeek":1}
[2026-02-05 16:27:01] DEBUG: Resolving schedule | {"context":"ScheduleResolver","employeeId":64,"date":"2026-01-12","dayOfWeek":1}
[2026-02-05 16:27:01] DEBUG: Resolving schedule | {"context":"ScheduleResolver","employeeId":65,"date":"2026-01-12","dayOfWeek":1}
[2026-02-05 16:27:01] DEBUG: Resolving schedule | {"context":"ScheduleResolver","employeeId":66,"date":"2026-01-12","dayOfWeek":1}
[2026-02-05 16:27:01] DEBUG: Resolving schedule | {"context":"ScheduleResolver","employeeId":67,"date":"2026-01-12","dayOfWeek":1}
[2026-02-05 16:27:01] DEBUG: Resolving schedule | {"context":"ScheduleResolver","employeeId":68,"date":"2026-01-12","dayOfWeek":1}
[2026-02-05 16:27:01] DEBUG: Resolving schedule | {"context":"ScheduleResolver","employeeId":71,"date":"2026-01-12","dayOfWeek":1}
[2026-02-05 16:27:01] DEBUG: Found employee schedule | {"context":"ScheduleResolver","employeeId":71,"isWorkDay":true,"workDays":[1,2,3,4,5]}
[2026-02-05 16:27:01] DEBUG: Resolving schedule | {"context":"ScheduleResolver","employeeId":72,"date":"2026-01-12","dayOfWeek":1}
[2026-02-05 16:27:01] DEBUG: Resolving schedule | {"context":"ScheduleResolver","employeeId":73,"date":"2026-01-12","dayOfWeek":1}
[2026-02-05 16:27:01] DEBUG: Resolving schedule | {"context":"ScheduleResolver","employeeId":75,"date":"2026-01-12","dayOfWeek":1}
[2026-02-05 16:27:01] DEBUG: Resolving schedule | {"context":"ScheduleResolver","employeeId":3,"date":"2026-01-13","dayOfWeek":2}
[2026-02-05 16:27:01] DEBUG: Resolving schedule | {"context":"ScheduleResolver","employeeId":4,"date":"2026-01-13","dayOfWeek":2}
[2026-02-05 16:27:01] DEBUG: Resolving schedule | {"context":"ScheduleResolver","employeeId":6,"date":"2026-01-13","dayOfWeek":2}
[2026-02-05 16:27:01] DEBUG: Found department schedule | {"context":"ScheduleResolver","employeeId":6,"departmentId":5,"isWorkDay":true,"workDays":[1,2,3,4,5]}
[2026-02-05 16:27:01] DEBUG: Resolving schedule | {"context":"ScheduleResolver","employeeId":10,"date":"2026-01-13","dayOfWeek":2}
[2026-02-05 16:27:01] DEBUG: Resolving schedule | {"context":"ScheduleResolver","employeeId":12,"date":"2026-01-13","dayOfWeek":2}
[2026-02-05 16:27:01] DEBUG: Resolving schedule | {"context":"ScheduleResolver","employeeId":15,"date":"2026-01-13","dayOfWeek":2}
[2026-02-05 16:27:01] DEBUG: Found employee schedule | {"context":"ScheduleResolver","employeeId":15,"isWorkDay":true,"workDays":[1,2,3,4,5]}
[2026-02-05 16:27:01] DEBUG: Resolving schedule | {"context":"ScheduleResolver","employeeId":17,"date":"2026-01-13","dayOfWeek":2}
[2026-02-05 16:27:01] DEBUG: Resolving schedule | {"context":"ScheduleResolver","employeeId":18,"date":"2026-01-13","dayOfWeek":2}
[2026-02-05 16:27:01] DEBUG: Resolving schedule | {"context":"ScheduleResolver","employeeId":19,"date":"2026-01-13","dayOfWeek":2}
[2026-02-05 16:27:01] DEBUG: Resolving schedule | {"context":"ScheduleResolver","employeeId":21,"date":"2026-01-13","dayOfWeek":2}
[2026-02-05 16:27:01] DEBUG: Found department schedule | {"context":"ScheduleResolver","employeeId":21,"departmentId":5,"isWorkDay":true,"workDays":[1,2,3,4,5]}
[2026-02-05 16:27:01] DEBUG: Resolving schedule | {"context":"ScheduleResolver","employeeId":23,"date":"2026-01-13","dayOfWeek":2}
[2026-02-05 16:27:01] DEBUG: Resolving schedule | {"context":"ScheduleResolver","employeeId":24,"date":"2026-01-13","dayOfWeek":2}
[2026-02-05 16:27:01] DEBUG: Resolving schedule | {"context":"ScheduleResolver","employeeId":25,"date":"2026-01-13","dayOfWeek":2}
[2026-02-05 16:27:01] DEBUG: Resolving schedule | {"context":"ScheduleResolver","employeeId":27,"date":"2026-01-13","dayOfWeek":2}
[2026-02-05 16:27:01] DEBUG: Found department schedule | {"context":"ScheduleResolver","employeeId":27,"departmentId":5,"isWorkDay":true,"workDays":[1,2,3,4,5]}
[2026-02-05 16:27:01] DEBUG: Resolving schedule | {"context":"ScheduleResolver","employeeId":29,"date":"2026-01-13","dayOfWeek":2}
[2026-02-05 16:27:01] DEBUG: Found employee schedule | {"context":"ScheduleResolver","employeeId":29,"isWorkDay":true,"workDays":[1,2,3,4,5]}
[2026-02-05 16:27:01] DEBUG: Resolving schedule | {"context":"ScheduleResolver","employeeId":30,"date":"2026-01-13","dayOfWeek":2}
[2026-02-05 16:27:01] DEBUG: Found employee schedule | {"context":"ScheduleResolver","employeeId":30,"isWorkDay":true,"workDays":[1,2,3,4,5]}
[2026-02-05 16:27:01] DEBUG: Resolving schedule | {"context":"ScheduleResolver","employeeId":32,"date":"2026-01-13","dayOfWeek":2}
[2026-02-05 16:27:01] DEBUG: Found department schedule | {"context":"ScheduleResolver","employeeId":32,"departmentId":5,"isWorkDay":true,"workDays":[1,2,3,4,5]}
[2026-02-05 16:27:01] DEBUG: Resolving schedule | {"context":"ScheduleResolver","employeeId":33,"date":"2026-01-13","dayOfWeek":2}
[2026-02-05 16:27:01] DEBUG: Resolving schedule | {"context":"ScheduleResolver","employeeId":34,"date":"2026-01-13","dayOfWeek":2}
[2026-02-05 16:27:01] DEBUG: Found department schedule | {"context":"ScheduleResolver","employeeId":34,"departmentId":5,"isWorkDay":true,"workDays":[1,2,3,4,5]}
[2026-02-05 16:27:01] DEBUG: Resolving schedule | {"context":"ScheduleResolver","employeeId":35,"date":"2026-01-13","dayOfWeek":2}
[2026-02-05 16:27:01] DEBUG: Found department schedule | {"context":"ScheduleResolver","employeeId":35,"departmentId":5,"isWorkDay":true,"workDays":[1,2,3,4,5]}
[2026-02-05 16:27:01] DEBUG: Resolving schedule | {"context":"ScheduleResolver","employeeId":36,"date":"2026-01-13","dayOfWeek":2}
[2026-02-05 16:27:01] DEBUG: Resolving schedule | {"context":"ScheduleResolver","employeeId":38,"date":"2026-01-13","dayOfWeek":2}
[2026-02-05 16:27:01] DEBUG: Resolving schedule | {"context":"ScheduleResolver","employeeId":40,"date":"2026-01-13","dayOfWeek":2}
[2026-02-05 16:27:01] DEBUG: Resolving schedule | {"context":"ScheduleResolver","employeeId":41,"date":"2026-01-13","dayOfWeek":2}
[2026-02-05 16:27:01] DEBUG: Found department schedule | {"context":"ScheduleResolver","employeeId":41,"departmentId":5,"isWorkDay":true,"workDays":[1,2,3,4,5]}
[2026-02-05 16:27:01] DEBUG: Resolving schedule | {"context":"ScheduleResolver","employeeId":42,"date":"2026-01-13","dayOfWeek":2}
[2026-02-05 16:27:01] DEBUG: Resolving schedule | {"context":"ScheduleResolver","employeeId":43,"date":"2026-01-13","dayOfWeek":2}
[2026-02-05 16:27:01] DEBUG: Found employee schedule | {"context":"ScheduleResolver","employeeId":43,"isWorkDay":true,"workDays":[1,2,3,4,5]}
[2026-02-05 16:27:01] DEBUG: Resolving schedule | {"context":"ScheduleResolver","employeeId":44,"date":"2026-01-13","dayOfWeek":2}
[2026-02-05 16:27:01] DEBUG: Resolving schedule | {"context":"ScheduleResolver","employeeId":45,"date":"2026-01-13","dayOfWeek":2}
[2026-02-05 16:27:01] DEBUG: Resolving schedule | {"context":"ScheduleResolver","employeeId":46,"date":"2026-01-13","dayOfWeek":2}
[2026-02-05 16:27:01] DEBUG: Resolving schedule | {"context":"ScheduleResolver","employeeId":47,"date":"2026-01-13","dayOfWeek":2}
[2026-02-05 16:27:01] DEBUG: Resolving schedule | {"context":"ScheduleResolver","employeeId":48,"date":"2026-01-13","dayOfWeek":2}
[2026-02-05 16:27:01] DEBUG: Resolving schedule | {"context":"ScheduleResolver","employeeId":49,"date":"2026-01-13","dayOfWeek":2}
[2026-02-05 16:27:01] DEBUG: Resolving schedule | {"context":"ScheduleResolver","employeeId":50,"date":"2026-01-13","dayOfWeek":2}
[2026-02-05 16:27:01] DEBUG: Found department schedule | {"context":"ScheduleResolver","employeeId":50,"departmentId":5,"isWorkDay":true,"workDays":[1,2,3,4,5]}
[2026-02-05 16:27:01] DEBUG: Resolving schedule | {"context":"ScheduleResolver","employeeId":51,"date":"2026-01-13","dayOfWeek":2}
[2026-02-05 16:27:01] DEBUG: Resolving schedule | {"context":"ScheduleResolver","employeeId":52,"date":"2026-01-13","dayOfWeek":2}
[2026-02-05 16:27:01] DEBUG: Resolving schedule | {"context":"ScheduleResolver","employeeId":53,"date":"2026-01-13","dayOfWeek":2}
[2026-02-05 16:27:01] DEBUG: Resolving schedule | {"context":"ScheduleResolver","employeeId":54,"date":"2026-01-13","dayOfWeek":2}
[2026-02-05 16:27:01] DEBUG: Resolving schedule | {"context":"ScheduleResolver","employeeId":55,"date":"2026-01-13","dayOfWeek":2}
[2026-02-05 16:27:01] DEBUG: Found department schedule | {"context":"ScheduleResolver","employeeId":55,"departmentId":5,"isWorkDay":true,"workDays":[1,2,3,4,5]}
[2026-02-05 16:27:01] DEBUG: Resolving schedule | {"context":"ScheduleResolver","employeeId":56,"date":"2026-01-13","dayOfWeek":2}
[2026-02-05 16:27:01] DEBUG: Resolving schedule | {"context":"ScheduleResolver","employeeId":57,"date":"2026-01-13","dayOfWeek":2}
[2026-02-05 16:27:01] DEBUG: Resolving schedule | {"context":"ScheduleResolver","employeeId":58,"date":"2026-01-13","dayOfWeek":2}
[2026-02-05 16:27:01] DEBUG: Found department schedule | {"context":"ScheduleResolver","employeeId":58,"departmentId":5,"isWorkDay":true,"workDays":[1,2,3,4,5]}
[2026-02-05 16:27:01] DEBUG: Resolving schedule | {"context":"ScheduleResolver","employeeId":59,"date":"2026-01-13","dayOfWeek":2}
[2026-02-05 16:27:01] DEBUG: Resolving schedule | {"context":"ScheduleResolver","employeeId":60,"date":"2026-01-13","dayOfWeek":2}
[2026-02-05 16:27:01] DEBUG: Found department schedule | {"context":"ScheduleResolver","employeeId":60,"departmentId":5,"isWorkDay":true,"workDays":[1,2,3,4,5]}
[2026-02-05 16:27:01] DEBUG: Resolving schedule | {"context":"ScheduleResolver","employeeId":61,"date":"2026-01-13","dayOfWeek":2}
[2026-02-05 16:27:01] DEBUG: Resolving schedule | {"context":"ScheduleResolver","employeeId":62,"date":"2026-01-13","dayOfWeek":2}
[2026-02-05 16:27:01] DEBUG: Found department schedule | {"context":"ScheduleResolver","employeeId":62,"departmentId":5,"isWorkDay":true,"workDays":[1,2,3,4,5]}
[2026-02-05 16:27:01] DEBUG: Resolving schedule | {"context":"ScheduleResolver","employeeId":63,"date":"2026-01-13","dayOfWeek":2}
[2026-02-05 16:27:01] DEBUG: Resolving schedule | {"context":"ScheduleResolver","employeeId":64,"date":"2026-01-13","dayOfWeek":2}
[2026-02-05 16:27:01] DEBUG: Resolving schedule | {"context":"ScheduleResolver","employeeId":65,"date":"2026-01-13","dayOfWeek":2}
[2026-02-05 16:27:01] DEBUG: Resolving schedule | {"context":"ScheduleResolver","employeeId":66,"date":"2026-01-13","dayOfWeek":2}
[2026-02-05 16:27:01] DEBUG: Resolving schedule | {"context":"ScheduleResolver","employeeId":67,"date":"2026-01-13","dayOfWeek":2}
[2026-02-05 16:27:01] DEBUG: Resolving schedule | {"context":"ScheduleResolver","employeeId":68,"date":"2026-01-13","dayOfWeek":2}
[2026-02-05 16:27:01] DEBUG: Resolving schedule | {"context":"ScheduleResolver","employeeId":70,"date":"2026-01-13","dayOfWeek":2}
[2026-02-05 16:27:01] DEBUG: Resolving schedule | {"context":"ScheduleResolver","employeeId":71,"date":"2026-01-13","dayOfWeek":2}
[2026-02-05 16:27:01] DEBUG: Found employee schedule | {"context":"ScheduleResolver","employeeId":71,"isWorkDay":true,"workDays":[1,2,3,4,5]}
[2026-02-05 16:27:01] DEBUG: Resolving schedule | {"context":"ScheduleResolver","employeeId":72,"date":"2026-01-13","dayOfWeek":2}
[2026-02-05 16:27:01] DEBUG: Resolving schedule | {"context":"ScheduleResolver","employeeId":73,"date":"2026-01-13","dayOfWeek":2}
[2026-02-05 16:27:01] DEBUG: Resolving schedule | {"context":"ScheduleResolver","employeeId":75,"date":"2026-01-13","dayOfWeek":2}
[2026-02-05 16:27:01] DEBUG: Resolving schedule | {"context":"ScheduleResolver","employeeId":3,"date":"2026-01-14","dayOfWeek":3}
[2026-02-05 16:27:01] DEBUG: Resolving schedule | {"context":"ScheduleResolver","employeeId":4,"date":"2026-01-14","dayOfWeek":3}
[2026-02-05 16:27:01] DEBUG: Resolving schedule | {"context":"ScheduleResolver","employeeId":6,"date":"2026-01-14","dayOfWeek":3}
[2026-02-05 16:27:01] DEBUG: Found department schedule | {"context":"ScheduleResolver","employeeId":6,"departmentId":5,"isWorkDay":true,"workDays":[1,2,3,4,5]}
[2026-02-05 16:27:01] DEBUG: Resolving schedule | {"context":"ScheduleResolver","employeeId":10,"date":"2026-01-14","dayOfWeek":3}
[2026-02-05 16:27:01] DEBUG: Resolving schedule | {"context":"ScheduleResolver","employeeId":12,"date":"2026-01-14","dayOfWeek":3}
[2026-02-05 16:27:01] DEBUG: Resolving schedule | {"context":"ScheduleResolver","employeeId":15,"date":"2026-01-14","dayOfWeek":3}
[2026-02-05 16:27:01] DEBUG: Found employee schedule | {"context":"ScheduleResolver","employeeId":15,"isWorkDay":true,"workDays":[1,2,3,4,5]}
[2026-02-05 16:27:01] DEBUG: Resolving schedule | {"context":"ScheduleResolver","employeeId":17,"date":"2026-01-14","dayOfWeek":3}
[2026-02-05 16:27:01] DEBUG: Resolving schedule | {"context":"ScheduleResolver","employeeId":18,"date":"2026-01-14","dayOfWeek":3}
[2026-02-05 16:27:01] DEBUG: Resolving schedule | {"context":"ScheduleResolver","employeeId":19,"date":"2026-01-14","dayOfWeek":3}
[2026-02-05 16:27:01] DEBUG: Resolving schedule | {"context":"ScheduleResolver","employeeId":21,"date":"2026-01-14","dayOfWeek":3}
[2026-02-05 16:27:01] DEBUG: Found department schedule | {"context":"ScheduleResolver","employeeId":21,"departmentId":5,"isWorkDay":true,"workDays":[1,2,3,4,5]}
[2026-02-05 16:27:01] DEBUG: Resolving schedule | {"context":"ScheduleResolver","employeeId":23,"date":"2026-01-14","dayOfWeek":3}
[2026-02-05 16:27:01] DEBUG: Resolving schedule | {"context":"ScheduleResolver","employeeId":24,"date":"2026-01-14","dayOfWeek":3}
[2026-02-05 16:27:01] DEBUG: Resolving schedule | {"context":"ScheduleResolver","employeeId":25,"date":"2026-01-14","dayOfWeek":3}
[2026-02-05 16:27:01] DEBUG: Resolving schedule | {"context":"ScheduleResolver","employeeId":27,"date":"2026-01-14","dayOfWeek":3}
[2026-02-05 16:27:01] DEBUG: Found department schedule | {"context":"ScheduleResolver","employeeId":27,"departmentId":5,"isWorkDay":true,"workDays":[1,2,3,4,5]}
[2026-02-05 16:27:01] DEBUG: Resolving schedule | {"context":"ScheduleResolver","employeeId":28,"date":"2026-01-14","dayOfWeek":3}
[2026-02-05 16:27:01] DEBUG: Found employee schedule | {"context":"ScheduleResolver","employeeId":28,"isWorkDay":true,"workDays":[1,3,5]}
[2026-02-05 16:27:01] DEBUG: Resolving schedule | {"context":"ScheduleResolver","employeeId":29,"date":"2026-01-14","dayOfWeek":3}
[2026-02-05 16:27:01] DEBUG: Found employee schedule | {"context":"ScheduleResolver","employeeId":29,"isWorkDay":true,"workDays":[1,2,3,4,5]}
[2026-02-05 16:27:01] DEBUG: Resolving schedule | {"context":"ScheduleResolver","employeeId":30,"date":"2026-01-14","dayOfWeek":3}
[2026-02-05 16:27:01] DEBUG: Found employee schedule | {"context":"ScheduleResolver","employeeId":30,"isWorkDay":true,"workDays":[1,2,3,4,5]}
[2026-02-05 16:27:01] DEBUG: Resolving schedule | {"context":"ScheduleResolver","employeeId":32,"date":"2026-01-14","dayOfWeek":3}
[2026-02-05 16:27:01] DEBUG: Found department schedule | {"context":"ScheduleResolver","employeeId":32,"departmentId":5,"isWorkDay":true,"workDays":[1,2,3,4,5]}
[2026-02-05 16:27:01] DEBUG: Resolving schedule | {"context":"ScheduleResolver","employeeId":33,"date":"2026-01-14","dayOfWeek":3}
[2026-02-05 16:27:01] DEBUG: Resolving schedule | {"context":"ScheduleResolver","employeeId":34,"date":"2026-01-14","dayOfWeek":3}
[2026-02-05 16:27:01] DEBUG: Found department schedule | {"context":"ScheduleResolver","employeeId":34,"departmentId":5,"isWorkDay":true,"workDays":[1,2,3,4,5]}
[2026-02-05 16:27:01] DEBUG: Resolving schedule | {"context":"ScheduleResolver","employeeId":35,"date":"2026-01-14","dayOfWeek":3}
[2026-02-05 16:27:01] DEBUG: Found department schedule | {"context":"ScheduleResolver","employeeId":35,"departmentId":5,"isWorkDay":true,"workDays":[1,2,3,4,5]}
[2026-02-05 16:27:01] DEBUG: Resolving schedule | {"context":"ScheduleResolver","employeeId":38,"date":"2026-01-14","dayOfWeek":3}
[2026-02-05 16:27:01] DEBUG: Resolving schedule | {"context":"ScheduleResolver","employeeId":40,"date":"2026-01-14","dayOfWeek":3}
[2026-02-05 16:27:01] DEBUG: Resolving schedule | {"context":"ScheduleResolver","employeeId":41,"date":"2026-01-14","dayOfWeek":3}
[2026-02-05 16:27:01] DEBUG: Found department schedule | {"context":"ScheduleResolver","employeeId":41,"departmentId":5,"isWorkDay":true,"workDays":[1,2,3,4,5]}
[2026-02-05 16:27:01] DEBUG: Resolving schedule | {"context":"ScheduleResolver","employeeId":42,"date":"2026-01-14","dayOfWeek":3}
[2026-02-05 16:27:01] DEBUG: Resolving schedule | {"context":"ScheduleResolver","employeeId":43,"date":"2026-01-14","dayOfWeek":3}
[2026-02-05 16:27:01] DEBUG: Found employee schedule | {"context":"ScheduleResolver","employeeId":43,"isWorkDay":true,"workDays":[1,2,3,4,5]}
[2026-02-05 16:27:01] DEBUG: Resolving schedule | {"context":"ScheduleResolver","employeeId":44,"date":"2026-01-14","dayOfWeek":3}
[2026-02-05 16:27:01] DEBUG: Resolving schedule | {"context":"ScheduleResolver","employeeId":45,"date":"2026-01-14","dayOfWeek":3}
[2026-02-05 16:27:01] DEBUG: Resolving schedule | {"context":"ScheduleResolver","employeeId":46,"date":"2026-01-14","dayOfWeek":3}
[2026-02-05 16:27:01] DEBUG: Resolving schedule | {"context":"ScheduleResolver","employeeId":47,"date":"2026-01-14","dayOfWeek":3}
[2026-02-05 16:27:01] DEBUG: Resolving schedule | {"context":"ScheduleResolver","employeeId":48,"date":"2026-01-14","dayOfWeek":3}
[2026-02-05 16:27:01] DEBUG: Resolving schedule | {"context":"ScheduleResolver","employeeId":49,"date":"2026-01-14","dayOfWeek":3}
[2026-02-05 16:27:01] DEBUG: Resolving schedule | {"context":"ScheduleResolver","employeeId":50,"date":"2026-01-14","dayOfWeek":3}
[2026-02-05 16:27:01] DEBUG: Found department schedule | {"context":"ScheduleResolver","employeeId":50,"departmentId":5,"isWorkDay":true,"workDays":[1,2,3,4,5]}
[2026-02-05 16:27:01] DEBUG: Resolving schedule | {"context":"ScheduleResolver","employeeId":51,"date":"2026-01-14","dayOfWeek":3}
[2026-02-05 16:27:01] DEBUG: Resolving schedule | {"context":"ScheduleResolver","employeeId":52,"date":"2026-01-14","dayOfWeek":3}
[2026-02-05 16:27:01] DEBUG: Resolving schedule | {"context":"ScheduleResolver","employeeId":53,"date":"2026-01-14","dayOfWeek":3}
[2026-02-05 16:27:01] DEBUG: Resolving schedule | {"context":"ScheduleResolver","employeeId":54,"date":"2026-01-14","dayOfWeek":3}
[2026-02-05 16:27:01] DEBUG: Resolving schedule | {"context":"ScheduleResolver","employeeId":55,"date":"2026-01-14","dayOfWeek":3}
[2026-02-05 16:27:01] DEBUG: Found department schedule | {"context":"ScheduleResolver","employeeId":55,"departmentId":5,"isWorkDay":true,"workDays":[1,2,3,4,5]}
[2026-02-05 16:27:01] DEBUG: Resolving schedule | {"context":"ScheduleResolver","employeeId":56,"date":"2026-01-14","dayOfWeek":3}
[2026-02-05 16:27:01] DEBUG: Resolving schedule | {"context":"ScheduleResolver","employeeId":57,"date":"2026-01-14","dayOfWeek":3}
[2026-02-05 16:27:01] DEBUG: Resolving schedule | {"context":"ScheduleResolver","employeeId":58,"date":"2026-01-14","dayOfWeek":3}
[2026-02-05 16:27:01] DEBUG: Found department schedule | {"context":"ScheduleResolver","employeeId":58,"departmentId":5,"isWorkDay":true,"workDays":[1,2,3,4,5]}
[2026-02-05 16:27:01] DEBUG: Resolving schedule | {"context":"ScheduleResolver","employeeId":59,"date":"2026-01-14","dayOfWeek":3}
[2026-02-05 16:27:01] DEBUG: Resolving schedule | {"context":"ScheduleResolver","employeeId":60,"date":"2026-01-14","dayOfWeek":3}
[2026-02-05 16:27:01] DEBUG: Found department schedule | {"context":"ScheduleResolver","employeeId":60,"departmentId":5,"isWorkDay":true,"workDays":[1,2,3,4,5]}
[2026-02-05 16:27:01] DEBUG: Resolving schedule | {"context":"ScheduleResolver","employeeId":61,"date":"2026-01-14","dayOfWeek":3}
[2026-02-05 16:27:01] DEBUG: Resolving schedule | {"context":"ScheduleResolver","employeeId":62,"date":"2026-01-14","dayOfWeek":3}
[2026-02-05 16:27:01] DEBUG: Found department schedule | {"context":"ScheduleResolver","employeeId":62,"departmentId":5,"isWorkDay":true,"workDays":[1,2,3,4,5]}
[2026-02-05 16:27:01] DEBUG: Resolving schedule | {"context":"ScheduleResolver","employeeId":63,"date":"2026-01-14","dayOfWeek":3}
[2026-02-05 16:27:01] DEBUG: Resolving schedule | {"context":"ScheduleResolver","employeeId":65,"date":"2026-01-14","dayOfWeek":3}
[2026-02-05 16:27:01] DEBUG: Resolving schedule | {"context":"ScheduleResolver","employeeId":66,"date":"2026-01-14","dayOfWeek":3}
[2026-02-05 16:27:01] DEBUG: Resolving schedule | {"context":"ScheduleResolver","employeeId":67,"date":"2026-01-14","dayOfWeek":3}
[2026-02-05 16:27:01] DEBUG: Resolving schedule | {"context":"ScheduleResolver","employeeId":68,"date":"2026-01-14","dayOfWeek":3}
[2026-02-05 16:27:01] DEBUG: Resolving schedule | {"context":"ScheduleResolver","employeeId":71,"date":"2026-01-14","dayOfWeek":3}
[2026-02-05 16:27:01] DEBUG: Found employee schedule | {"context":"ScheduleResolver","employeeId":71,"isWorkDay":true,"workDays":[1,2,3,4,5]}
[2026-02-05 16:27:01] DEBUG: Resolving schedule | {"context":"ScheduleResolver","employeeId":72,"date":"2026-01-14","dayOfWeek":3}
[2026-02-05 16:27:01] DEBUG: Resolving schedule | {"context":"ScheduleResolver","employeeId":73,"date":"2026-01-14","dayOfWeek":3}
[2026-02-05 16:27:01] DEBUG: Resolving schedule | {"context":"ScheduleResolver","employeeId":75,"date":"2026-01-14","dayOfWeek":3}
[2026-02-05 16:27:01] DEBUG: Resolving schedule | {"context":"ScheduleResolver","employeeId":3,"date":"2026-01-15","dayOfWeek":4}
[2026-02-05 16:27:01] DEBUG: Resolving schedule | {"context":"ScheduleResolver","employeeId":4,"date":"2026-01-15","dayOfWeek":4}
[2026-02-05 16:27:01] DEBUG: Resolving schedule | {"context":"ScheduleResolver","employeeId":6,"date":"2026-01-15","dayOfWeek":4}
[2026-02-05 16:27:01] DEBUG: Found department schedule | {"context":"ScheduleResolver","employeeId":6,"departmentId":5,"isWorkDay":true,"workDays":[1,2,3,4,5]}
[2026-02-05 16:27:01] DEBUG: Resolving schedule | {"context":"ScheduleResolver","employeeId":10,"date":"2026-01-15","dayOfWeek":4}
[2026-02-05 16:27:01] DEBUG: Resolving schedule | {"context":"ScheduleResolver","employeeId":12,"date":"2026-01-15","dayOfWeek":4}
[2026-02-05 16:27:01] DEBUG: Resolving schedule | {"context":"ScheduleResolver","employeeId":15,"date":"2026-01-15","dayOfWeek":4}
[2026-02-05 16:27:01] DEBUG: Found employee schedule | {"context":"ScheduleResolver","employeeId":15,"isWorkDay":true,"workDays":[1,2,3,4,5]}
[2026-02-05 16:27:01] DEBUG: Resolving schedule | {"context":"ScheduleResolver","employeeId":18,"date":"2026-01-15","dayOfWeek":4}
[2026-02-05 16:27:01] DEBUG: Resolving schedule | {"context":"ScheduleResolver","employeeId":19,"date":"2026-01-15","dayOfWeek":4}
[2026-02-05 16:27:01] DEBUG: Resolving schedule | {"context":"ScheduleResolver","employeeId":21,"date":"2026-01-15","dayOfWeek":4}
[2026-02-05 16:27:01] DEBUG: Found department schedule | {"context":"ScheduleResolver","employeeId":21,"departmentId":5,"isWorkDay":true,"workDays":[1,2,3,4,5]}
[2026-02-05 16:27:01] DEBUG: Resolving schedule | {"context":"ScheduleResolver","employeeId":23,"date":"2026-01-15","dayOfWeek":4}
[2026-02-05 16:27:01] DEBUG: Resolving schedule | {"context":"ScheduleResolver","employeeId":24,"date":"2026-01-15","dayOfWeek":4}
[2026-02-05 16:27:01] DEBUG: Resolving schedule | {"context":"ScheduleResolver","employeeId":25,"date":"2026-01-15","dayOfWeek":4}
[2026-02-05 16:27:01] DEBUG: Resolving schedule | {"context":"ScheduleResolver","employeeId":27,"date":"2026-01-15","dayOfWeek":4}
[2026-02-05 16:27:01] DEBUG: Found department schedule | {"context":"ScheduleResolver","employeeId":27,"departmentId":5,"isWorkDay":true,"workDays":[1,2,3,4,5]}
[2026-02-05 16:27:01] DEBUG: Resolving schedule | {"context":"ScheduleResolver","employeeId":29,"date":"2026-01-15","dayOfWeek":4}
[2026-02-05 16:27:01] DEBUG: Found employee schedule | {"context":"ScheduleResolver","employeeId":29,"isWorkDay":true,"workDays":[1,2,3,4,5]}
[2026-02-05 16:27:01] DEBUG: Resolving schedule | {"context":"ScheduleResolver","employeeId":30,"date":"2026-01-15","dayOfWeek":4}
[2026-02-05 16:27:01] DEBUG: Found employee schedule | {"context":"ScheduleResolver","employeeId":30,"isWorkDay":true,"workDays":[1,2,3,4,5]}
[2026-02-05 16:27:01] DEBUG: Resolving schedule | {"context":"ScheduleResolver","employeeId":32,"date":"2026-01-15","dayOfWeek":4}
[2026-02-05 16:27:01] DEBUG: Found department schedule | {"context":"ScheduleResolver","employeeId":32,"departmentId":5,"isWorkDay":true,"workDays":[1,2,3,4,5]}
[2026-02-05 16:27:01] DEBUG: Resolving schedule | {"context":"ScheduleResolver","employeeId":33,"date":"2026-01-15","dayOfWeek":4}
[2026-02-05 16:27:01] DEBUG: Resolving schedule | {"context":"ScheduleResolver","employeeId":34,"date":"2026-01-15","dayOfWeek":4}
[2026-02-05 16:27:01] DEBUG: Found department schedule | {"context":"ScheduleResolver","employeeId":34,"departmentId":5,"isWorkDay":true,"workDays":[1,2,3,4,5]}
[2026-02-05 16:27:01] DEBUG: Resolving schedule | {"context":"ScheduleResolver","employeeId":35,"date":"2026-01-15","dayOfWeek":4}
[2026-02-05 16:27:01] DEBUG: Found department schedule | {"context":"ScheduleResolver","employeeId":35,"departmentId":5,"isWorkDay":true,"workDays":[1,2,3,4,5]}
[2026-02-05 16:27:01] DEBUG: Resolving schedule | {"context":"ScheduleResolver","employeeId":38,"date":"2026-01-15","dayOfWeek":4}
[2026-02-05 16:27:01] DEBUG: Resolving schedule | {"context":"ScheduleResolver","employeeId":40,"date":"2026-01-15","dayOfWeek":4}
[2026-02-05 16:27:01] DEBUG: Resolving schedule | {"context":"ScheduleResolver","employeeId":41,"date":"2026-01-15","dayOfWeek":4}
[2026-02-05 16:27:01] DEBUG: Found department schedule | {"context":"ScheduleResolver","employeeId":41,"departmentId":5,"isWorkDay":true,"workDays":[1,2,3,4,5]}
[2026-02-05 16:27:01] DEBUG: Resolving schedule | {"context":"ScheduleResolver","employeeId":42,"date":"2026-01-15","dayOfWeek":4}
[2026-02-05 16:27:01] DEBUG: Resolving schedule | {"context":"ScheduleResolver","employeeId":43,"date":"2026-01-15","dayOfWeek":4}
[2026-02-05 16:27:01] DEBUG: Found employee schedule | {"context":"ScheduleResolver","employeeId":43,"isWorkDay":true,"workDays":[1,2,3,4,5]}
[2026-02-05 16:27:01] DEBUG: Resolving schedule | {"context":"ScheduleResolver","employeeId":44,"date":"2026-01-15","dayOfWeek":4}
[2026-02-05 16:27:01] DEBUG: Resolving schedule | {"context":"ScheduleResolver","employeeId":45,"date":"2026-01-15","dayOfWeek":4}
[2026-02-05 16:27:01] DEBUG: Resolving schedule | {"context":"ScheduleResolver","employeeId":46,"date":"2026-01-15","dayOfWeek":4}
[2026-02-05 16:27:01] DEBUG: Resolving schedule | {"context":"ScheduleResolver","employeeId":47,"date":"2026-01-15","dayOfWeek":4}
[2026-02-05 16:27:01] DEBUG: Resolving schedule | {"context":"ScheduleResolver","employeeId":48,"date":"2026-01-15","dayOfWeek":4}
[2026-02-05 16:27:01] DEBUG: Resolving schedule | {"context":"ScheduleResolver","employeeId":49,"date":"2026-01-15","dayOfWeek":4}
[2026-02-05 16:27:01] DEBUG: Resolving schedule | {"context":"ScheduleResolver","employeeId":50,"date":"2026-01-15","dayOfWeek":4}
[2026-02-05 16:27:01] DEBUG: Found department schedule | {"context":"ScheduleResolver","employeeId":50,"departmentId":5,"isWorkDay":true,"workDays":[1,2,3,4,5]}
[2026-02-05 16:27:01] DEBUG: Resolving schedule | {"context":"ScheduleResolver","employeeId":51,"date":"2026-01-15","dayOfWeek":4}
[2026-02-05 16:27:01] DEBUG: Resolving schedule | {"context":"ScheduleResolver","employeeId":52,"date":"2026-01-15","dayOfWeek":4}
[2026-02-05 16:27:01] DEBUG: Resolving schedule | {"context":"ScheduleResolver","employeeId":53,"date":"2026-01-15","dayOfWeek":4}
[2026-02-05 16:27:01] DEBUG: Resolving schedule | {"context":"ScheduleResolver","employeeId":54,"date":"2026-01-15","dayOfWeek":4}
[2026-02-05 16:27:01] DEBUG: Resolving schedule | {"context":"ScheduleResolver","employeeId":55,"date":"2026-01-15","dayOfWeek":4}
[2026-02-05 16:27:01] DEBUG: Found department schedule | {"context":"ScheduleResolver","employeeId":55,"departmentId":5,"isWorkDay":true,"workDays":[1,2,3,4,5]}
[2026-02-05 16:27:01] DEBUG: Resolving schedule | {"context":"ScheduleResolver","employeeId":56,"date":"2026-01-15","dayOfWeek":4}
[2026-02-05 16:27:01] DEBUG: Resolving schedule | {"context":"ScheduleResolver","employeeId":57,"date":"2026-01-15","dayOfWeek":4}
[2026-02-05 16:27:01] DEBUG: Resolving schedule | {"context":"ScheduleResolver","employeeId":58,"date":"2026-01-15","dayOfWeek":4}
[2026-02-05 16:27:01] DEBUG: Found department schedule | {"context":"ScheduleResolver","employeeId":58,"departmentId":5,"isWorkDay":true,"workDays":[1,2,3,4,5]}
[2026-02-05 16:27:01] DEBUG: Resolving schedule | {"context":"ScheduleResolver","employeeId":59,"date":"2026-01-15","dayOfWeek":4}
[2026-02-05 16:27:01] DEBUG: Resolving schedule | {"context":"ScheduleResolver","employeeId":60,"date":"2026-01-15","dayOfWeek":4}
[2026-02-05 16:27:01] DEBUG: Found department schedule | {"context":"ScheduleResolver","employeeId":60,"departmentId":5,"isWorkDay":true,"workDays":[1,2,3,4,5]}
[2026-02-05 16:27:01] DEBUG: Resolving schedule | {"context":"ScheduleResolver","employeeId":61,"date":"2026-01-15","dayOfWeek":4}
[2026-02-05 16:27:01] DEBUG: Resolving schedule | {"context":"ScheduleResolver","employeeId":62,"date":"2026-01-15","dayOfWeek":4}
[2026-02-05 16:27:01] DEBUG: Found department schedule | {"context":"ScheduleResolver","employeeId":62,"departmentId":5,"isWorkDay":true,"workDays":[1,2,3,4,5]}
[2026-02-05 16:27:01] DEBUG: Resolving schedule | {"context":"ScheduleResolver","employeeId":63,"date":"2026-01-15","dayOfWeek":4}
[2026-02-05 16:27:01] DEBUG: Resolving schedule | {"context":"ScheduleResolver","employeeId":65,"date":"2026-01-15","dayOfWeek":4}
[2026-02-05 16:27:01] DEBUG: Resolving schedule | {"context":"ScheduleResolver","employeeId":66,"date":"2026-01-15","dayOfWeek":4}
[2026-02-05 16:27:01] DEBUG: Resolving schedule | {"context":"ScheduleResolver","employeeId":67,"date":"2026-01-15","dayOfWeek":4}
[2026-02-05 16:27:01] DEBUG: Resolving schedule | {"context":"ScheduleResolver","employeeId":68,"date":"2026-01-15","dayOfWeek":4}
[2026-02-05 16:27:01] DEBUG: Resolving schedule | {"context":"ScheduleResolver","employeeId":70,"date":"2026-01-15","dayOfWeek":4}
[2026-02-05 16:27:01] DEBUG: Resolving schedule | {"context":"ScheduleResolver","employeeId":71,"date":"2026-01-15","dayOfWeek":4}
[2026-02-05 16:27:01] DEBUG: Found employee schedule | {"context":"ScheduleResolver","employeeId":71,"isWorkDay":true,"workDays":[1,2,3,4,5]}
[2026-02-05 16:27:01] DEBUG: Resolving schedule | {"context":"ScheduleResolver","employeeId":72,"date":"2026-01-15","dayOfWeek":4}
[2026-02-05 16:27:01] DEBUG: Resolving schedule | {"context":"ScheduleResolver","employeeId":73,"date":"2026-01-15","dayOfWeek":4}
[2026-02-05 16:27:01] DEBUG: Resolving schedule | {"context":"ScheduleResolver","employeeId":75,"date":"2026-01-15","dayOfWeek":4}
[2026-02-05 16:27:01] DEBUG: Resolving schedule | {"context":"ScheduleResolver","employeeId":3,"date":"2026-01-16","dayOfWeek":5}
[2026-02-05 16:27:01] DEBUG: Resolving schedule | {"context":"ScheduleResolver","employeeId":4,"date":"2026-01-16","dayOfWeek":5}
[2026-02-05 16:27:01] DEBUG: Resolving schedule | {"context":"ScheduleResolver","employeeId":6,"date":"2026-01-16","dayOfWeek":5}
[2026-02-05 16:27:01] DEBUG: Found department schedule | {"context":"ScheduleResolver","employeeId":6,"departmentId":5,"isWorkDay":true,"workDays":[1,2,3,4,5]}
[2026-02-05 16:27:01] DEBUG: Resolving schedule | {"context":"ScheduleResolver","employeeId":10,"date":"2026-01-16","dayOfWeek":5}
[2026-02-05 16:27:01] DEBUG: Resolving schedule | {"context":"ScheduleResolver","employeeId":12,"date":"2026-01-16","dayOfWeek":5}
[2026-02-05 16:27:01] DEBUG: Resolving schedule | {"context":"ScheduleResolver","employeeId":15,"date":"2026-01-16","dayOfWeek":5}
[2026-02-05 16:27:01] DEBUG: Found employee schedule | {"context":"ScheduleResolver","employeeId":15,"isWorkDay":true,"workDays":[1,2,3,4,5]}
[2026-02-05 16:27:01] DEBUG: Resolving schedule | {"context":"ScheduleResolver","employeeId":18,"date":"2026-01-16","dayOfWeek":5}
[2026-02-05 16:27:01] DEBUG: Resolving schedule | {"context":"ScheduleResolver","employeeId":19,"date":"2026-01-16","dayOfWeek":5}
[2026-02-05 16:27:01] DEBUG: Resolving schedule | {"context":"ScheduleResolver","employeeId":21,"date":"2026-01-16","dayOfWeek":5}
[2026-02-05 16:27:01] DEBUG: Found department schedule | {"context":"ScheduleResolver","employeeId":21,"departmentId":5,"isWorkDay":true,"workDays":[1,2,3,4,5]}
[2026-02-05 16:27:01] DEBUG: Resolving schedule | {"context":"ScheduleResolver","employeeId":23,"date":"2026-01-16","dayOfWeek":5}
[2026-02-05 16:27:01] DEBUG: Resolving schedule | {"context":"ScheduleResolver","employeeId":24,"date":"2026-01-16","dayOfWeek":5}
[2026-02-05 16:27:01] DEBUG: Resolving schedule | {"context":"ScheduleResolver","employeeId":25,"date":"2026-01-16","dayOfWeek":5}
[2026-02-05 16:27:01] DEBUG: Resolving schedule | {"context":"ScheduleResolver","employeeId":27,"date":"2026-01-16","dayOfWeek":5}
[2026-02-05 16:27:01] DEBUG: Found department schedule | {"context":"ScheduleResolver","employeeId":27,"departmentId":5,"isWorkDay":true,"workDays":[1,2,3,4,5]}
[2026-02-05 16:27:01] DEBUG: Resolving schedule | {"context":"ScheduleResolver","employeeId":28,"date":"2026-01-16","dayOfWeek":5}
[2026-02-05 16:27:01] DEBUG: Found employee schedule | {"context":"ScheduleResolver","employeeId":28,"isWorkDay":true,"workDays":[1,3,5]}
[2026-02-05 16:27:01] DEBUG: Resolving schedule | {"context":"ScheduleResolver","employeeId":29,"date":"2026-01-16","dayOfWeek":5}
[2026-02-05 16:27:01] DEBUG: Found employee schedule | {"context":"ScheduleResolver","employeeId":29,"isWorkDay":true,"workDays":[1,2,3,4,5]}
[2026-02-05 16:27:01] DEBUG: Resolving schedule | {"context":"ScheduleResolver","employeeId":30,"date":"2026-01-16","dayOfWeek":5}
[2026-02-05 16:27:01] DEBUG: Found employee schedule | {"context":"ScheduleResolver","employeeId":30,"isWorkDay":true,"workDays":[1,2,3,4,5]}
[2026-02-05 16:27:01] DEBUG: Resolving schedule | {"context":"ScheduleResolver","employeeId":32,"date":"2026-01-16","dayOfWeek":5}
[2026-02-05 16:27:01] DEBUG: Found department schedule | {"context":"ScheduleResolver","employeeId":32,"departmentId":5,"isWorkDay":true,"workDays":[1,2,3,4,5]}
[2026-02-05 16:27:01] DEBUG: Resolving schedule | {"context":"ScheduleResolver","employeeId":33,"date":"2026-01-16","dayOfWeek":5}
[2026-02-05 16:27:01] DEBUG: Resolving schedule | {"context":"ScheduleResolver","employeeId":34,"date":"2026-01-16","dayOfWeek":5}
[2026-02-05 16:27:01] DEBUG: Found department schedule | {"context":"ScheduleResolver","employeeId":34,"departmentId":5,"isWorkDay":true,"workDays":[1,2,3,4,5]}
[2026-02-05 16:27:01] DEBUG: Resolving schedule | {"context":"ScheduleResolver","employeeId":35,"date":"2026-01-16","dayOfWeek":5}
[2026-02-05 16:27:01] DEBUG: Found department schedule | {"context":"ScheduleResolver","employeeId":35,"departmentId":5,"isWorkDay":true,"workDays":[1,2,3,4,5]}
[2026-02-05 16:27:01] DEBUG: Resolving schedule | {"context":"ScheduleResolver","employeeId":36,"date":"2026-01-16","dayOfWeek":5}
[2026-02-05 16:27:01] DEBUG: Resolving schedule | {"context":"ScheduleResolver","employeeId":38,"date":"2026-01-16","dayOfWeek":5}
[2026-02-05 16:27:01] DEBUG: Resolving schedule | {"context":"ScheduleResolver","employeeId":40,"date":"2026-01-16","dayOfWeek":5}
[2026-02-05 16:27:01] DEBUG: Resolving schedule | {"context":"ScheduleResolver","employeeId":41,"date":"2026-01-16","dayOfWeek":5}
[2026-02-05 16:27:01] DEBUG: Found department schedule | {"context":"ScheduleResolver","employeeId":41,"departmentId":5,"isWorkDay":true,"workDays":[1,2,3,4,5]}
[2026-02-05 16:27:01] DEBUG: Resolving schedule | {"context":"ScheduleResolver","employeeId":42,"date":"2026-01-16","dayOfWeek":5}
[2026-02-05 16:27:01] DEBUG: Resolving schedule | {"context":"ScheduleResolver","employeeId":43,"date":"2026-01-16","dayOfWeek":5}
[2026-02-05 16:27:01] DEBUG: Found employee schedule | {"context":"ScheduleResolver","employeeId":43,"isWorkDay":true,"workDays":[1,2,3,4,5]}
[2026-02-05 16:27:01] DEBUG: Resolving schedule | {"context":"ScheduleResolver","employeeId":44,"date":"2026-01-16","dayOfWeek":5}
[2026-02-05 16:27:01] DEBUG: Resolving schedule | {"context":"ScheduleResolver","employeeId":45,"date":"2026-01-16","dayOfWeek":5}
[2026-02-05 16:27:01] DEBUG: Resolving schedule | {"context":"ScheduleResolver","employeeId":46,"date":"2026-01-16","dayOfWeek":5}
[2026-02-05 16:27:01] DEBUG: Resolving schedule | {"context":"ScheduleResolver","employeeId":47,"date":"2026-01-16","dayOfWeek":5}
[2026-02-05 16:27:01] DEBUG: Resolving schedule | {"context":"ScheduleResolver","employeeId":48,"date":"2026-01-16","dayOfWeek":5}
[2026-02-05 16:27:01] DEBUG: Resolving schedule | {"context":"ScheduleResolver","employeeId":49,"date":"2026-01-16","dayOfWeek":5}
[2026-02-05 16:27:01] DEBUG: Resolving schedule | {"context":"ScheduleResolver","employeeId":50,"date":"2026-01-16","dayOfWeek":5}
[2026-02-05 16:27:01] DEBUG: Found department schedule | {"context":"ScheduleResolver","employeeId":50,"departmentId":5,"isWorkDay":true,"workDays":[1,2,3,4,5]}
[2026-02-05 16:27:01] DEBUG: Resolving schedule | {"context":"ScheduleResolver","employeeId":51,"date":"2026-01-16","dayOfWeek":5}
[2026-02-05 16:27:01] DEBUG: Resolving schedule | {"context":"ScheduleResolver","employeeId":52,"date":"2026-01-16","dayOfWeek":5}
[2026-02-05 16:27:01] DEBUG: Resolving schedule | {"context":"ScheduleResolver","employeeId":53,"date":"2026-01-16","dayOfWeek":5}
[2026-02-05 16:27:01] DEBUG: Resolving schedule | {"context":"ScheduleResolver","employeeId":54,"date":"2026-01-16","dayOfWeek":5}
[2026-02-05 16:27:01] DEBUG: Resolving schedule | {"context":"ScheduleResolver","employeeId":55,"date":"2026-01-16","dayOfWeek":5}
[2026-02-05 16:27:01] DEBUG: Found department schedule | {"context":"ScheduleResolver","employeeId":55,"departmentId":5,"isWorkDay":true,"workDays":[1,2,3,4,5]}
[2026-02-05 16:27:01] DEBUG: Resolving schedule | {"context":"ScheduleResolver","employeeId":56,"date":"2026-01-16","dayOfWeek":5}
[2026-02-05 16:27:01] DEBUG: Resolving schedule | {"context":"ScheduleResolver","employeeId":57,"date":"2026-01-16","dayOfWeek":5}
[2026-02-05 16:27:01] DEBUG: Resolving schedule | {"context":"ScheduleResolver","employeeId":58,"date":"2026-01-16","dayOfWeek":5}
[2026-02-05 16:27:01] DEBUG: Found department schedule | {"context":"ScheduleResolver","employeeId":58,"departmentId":5,"isWorkDay":true,"workDays":[1,2,3,4,5]}
[2026-02-05 16:27:01] DEBUG: Resolving schedule | {"context":"ScheduleResolver","employeeId":59,"date":"2026-01-16","dayOfWeek":5}
[2026-02-05 16:27:01] DEBUG: Resolving schedule | {"context":"ScheduleResolver","employeeId":60,"date":"2026-01-16","dayOfWeek":5}
[2026-02-05 16:27:01] DEBUG: Found department schedule | {"context":"ScheduleResolver","employeeId":60,"departmentId":5,"isWorkDay":true,"workDays":[1,2,3,4,5]}
[2026-02-05 16:27:01] DEBUG: Resolving schedule | {"context":"ScheduleResolver","employeeId":61,"date":"2026-01-16","dayOfWeek":5}
[2026-02-05 16:27:01] DEBUG: Resolving schedule | {"context":"ScheduleResolver","employeeId":62,"date":"2026-01-16","dayOfWeek":5}
[2026-02-05 16:27:01] DEBUG: Found department schedule | {"context":"ScheduleResolver","employeeId":62,"departmentId":5,"isWorkDay":true,"workDays":[1,2,3,4,5]}
[2026-02-05 16:27:01] DEBUG: Resolving schedule | {"context":"ScheduleResolver","employeeId":63,"date":"2026-01-16","dayOfWeek":5}
[2026-02-05 16:27:01] DEBUG: Resolving schedule | {"context":"ScheduleResolver","employeeId":65,"date":"2026-01-16","dayOfWeek":5}
[2026-02-05 16:27:01] DEBUG: Resolving schedule | {"context":"ScheduleResolver","employeeId":66,"date":"2026-01-16","dayOfWeek":5}
[2026-02-05 16:27:01] DEBUG: Resolving schedule | {"context":"ScheduleResolver","employeeId":67,"date":"2026-01-16","dayOfWeek":5}
[2026-02-05 16:27:01] DEBUG: Resolving schedule | {"context":"ScheduleResolver","employeeId":68,"date":"2026-01-16","dayOfWeek":5}
[2026-02-05 16:27:01] DEBUG: Resolving schedule | {"context":"ScheduleResolver","employeeId":71,"date":"2026-01-16","dayOfWeek":5}
[2026-02-05 16:27:01] DEBUG: Found employee schedule | {"context":"ScheduleResolver","employeeId":71,"isWorkDay":true,"workDays":[1,2,3,4,5]}
[2026-02-05 16:27:01] DEBUG: Resolving schedule | {"context":"ScheduleResolver","employeeId":72,"date":"2026-01-16","dayOfWeek":5}
[2026-02-05 16:27:01] DEBUG: Resolving schedule | {"context":"ScheduleResolver","employeeId":73,"date":"2026-01-16","dayOfWeek":5}
[2026-02-05 16:27:01] DEBUG: Resolving schedule | {"context":"ScheduleResolver","employeeId":75,"date":"2026-01-16","dayOfWeek":5}
[2026-02-05 16:27:01] DEBUG: Resolving schedule | {"context":"ScheduleResolver","employeeId":70,"date":"2026-01-17","dayOfWeek":6}
[2026-02-05 16:27:01] DEBUG: Resolving schedule | {"context":"ScheduleResolver","employeeId":3,"date":"2026-01-19","dayOfWeek":1}
[2026-02-05 16:27:01] DEBUG: Resolving schedule | {"context":"ScheduleResolver","employeeId":4,"date":"2026-01-19","dayOfWeek":1}
[2026-02-05 16:27:01] DEBUG: Resolving schedule | {"context":"ScheduleResolver","employeeId":6,"date":"2026-01-19","dayOfWeek":1}
[2026-02-05 16:27:01] DEBUG: Found department schedule | {"context":"ScheduleResolver","employeeId":6,"departmentId":5,"isWorkDay":true,"workDays":[1,2,3,4,5]}
[2026-02-05 16:27:01] DEBUG: Resolving schedule | {"context":"ScheduleResolver","employeeId":10,"date":"2026-01-19","dayOfWeek":1}
[2026-02-05 16:27:01] DEBUG: Resolving schedule | {"context":"ScheduleResolver","employeeId":12,"date":"2026-01-19","dayOfWeek":1}
[2026-02-05 16:27:01] DEBUG: Resolving schedule | {"context":"ScheduleResolver","employeeId":15,"date":"2026-01-19","dayOfWeek":1}
[2026-02-05 16:27:01] DEBUG: Found employee schedule | {"context":"ScheduleResolver","employeeId":15,"isWorkDay":true,"workDays":[1,2,3,4,5]}
[2026-02-05 16:27:01] DEBUG: Resolving schedule | {"context":"ScheduleResolver","employeeId":17,"date":"2026-01-19","dayOfWeek":1}
[2026-02-05 16:27:01] DEBUG: Resolving schedule | {"context":"ScheduleResolver","employeeId":18,"date":"2026-01-19","dayOfWeek":1}
[2026-02-05 16:27:01] DEBUG: Resolving schedule | {"context":"ScheduleResolver","employeeId":21,"date":"2026-01-19","dayOfWeek":1}
[2026-02-05 16:27:01] DEBUG: Found department schedule | {"context":"ScheduleResolver","employeeId":21,"departmentId":5,"isWorkDay":true,"workDays":[1,2,3,4,5]}
[2026-02-05 16:27:01] DEBUG: Resolving schedule | {"context":"ScheduleResolver","employeeId":23,"date":"2026-01-19","dayOfWeek":1}
[2026-02-05 16:27:01] DEBUG: Resolving schedule | {"context":"ScheduleResolver","employeeId":24,"date":"2026-01-19","dayOfWeek":1}
[2026-02-05 16:27:01] DEBUG: Resolving schedule | {"context":"ScheduleResolver","employeeId":25,"date":"2026-01-19","dayOfWeek":1}
[2026-02-05 16:27:01] DEBUG: Resolving schedule | {"context":"ScheduleResolver","employeeId":27,"date":"2026-01-19","dayOfWeek":1}
[2026-02-05 16:27:01] DEBUG: Found department schedule | {"context":"ScheduleResolver","employeeId":27,"departmentId":5,"isWorkDay":true,"workDays":[1,2,3,4,5]}
[2026-02-05 16:27:01] DEBUG: Resolving schedule | {"context":"ScheduleResolver","employeeId":28,"date":"2026-01-19","dayOfWeek":1}
[2026-02-05 16:27:01] DEBUG: Found employee schedule | {"context":"ScheduleResolver","employeeId":28,"isWorkDay":true,"workDays":[1,3,5]}
[2026-02-05 16:27:01] DEBUG: Resolving schedule | {"context":"ScheduleResolver","employeeId":29,"date":"2026-01-19","dayOfWeek":1}
[2026-02-05 16:27:01] DEBUG: Found employee schedule | {"context":"ScheduleResolver","employeeId":29,"isWorkDay":true,"workDays":[1,2,3,4,5]}
[2026-02-05 16:27:01] DEBUG: Resolving schedule | {"context":"ScheduleResolver","employeeId":30,"date":"2026-01-19","dayOfWeek":1}
[2026-02-05 16:27:01] DEBUG: Found employee schedule | {"context":"ScheduleResolver","employeeId":30,"isWorkDay":true,"workDays":[1,2,3,4,5]}
[2026-02-05 16:27:01] DEBUG: Resolving schedule | {"context":"ScheduleResolver","employeeId":32,"date":"2026-01-19","dayOfWeek":1}
[2026-02-05 16:27:01] DEBUG: Found department schedule | {"context":"ScheduleResolver","employeeId":32,"departmentId":5,"isWorkDay":true,"workDays":[1,2,3,4,5]}
[2026-02-05 16:27:01] DEBUG: Resolving schedule | {"context":"ScheduleResolver","employeeId":33,"date":"2026-01-19","dayOfWeek":1}
[2026-02-05 16:27:01] DEBUG: Resolving schedule | {"context":"ScheduleResolver","employeeId":34,"date":"2026-01-19","dayOfWeek":1}
[2026-02-05 16:27:01] DEBUG: Found department schedule | {"context":"ScheduleResolver","employeeId":34,"departmentId":5,"isWorkDay":true,"workDays":[1,2,3,4,5]}
[2026-02-05 16:27:01] DEBUG: Resolving schedule | {"context":"ScheduleResolver","employeeId":35,"date":"2026-01-19","dayOfWeek":1}
[2026-02-05 16:27:01] DEBUG: Found department schedule | {"context":"ScheduleResolver","employeeId":35,"departmentId":5,"isWorkDay":true,"workDays":[1,2,3,4,5]}
[2026-02-05 16:27:01] DEBUG: Resolving schedule | {"context":"ScheduleResolver","employeeId":36,"date":"2026-01-19","dayOfWeek":1}
[2026-02-05 16:27:01] DEBUG: Resolving schedule | {"context":"ScheduleResolver","employeeId":38,"date":"2026-01-19","dayOfWeek":1}
[2026-02-05 16:27:01] DEBUG: Resolving schedule | {"context":"ScheduleResolver","employeeId":40,"date":"2026-01-19","dayOfWeek":1}
[2026-02-05 16:27:01] DEBUG: Resolving schedule | {"context":"ScheduleResolver","employeeId":41,"date":"2026-01-19","dayOfWeek":1}
[2026-02-05 16:27:01] DEBUG: Found department schedule | {"context":"ScheduleResolver","employeeId":41,"departmentId":5,"isWorkDay":true,"workDays":[1,2,3,4,5]}
[2026-02-05 16:27:01] DEBUG: Resolving schedule | {"context":"ScheduleResolver","employeeId":42,"date":"2026-01-19","dayOfWeek":1}
[2026-02-05 16:27:01] DEBUG: Resolving schedule | {"context":"ScheduleResolver","employeeId":43,"date":"2026-01-19","dayOfWeek":1}
[2026-02-05 16:27:01] DEBUG: Found employee schedule | {"context":"ScheduleResolver","employeeId":43,"isWorkDay":true,"workDays":[1,2,3,4,5]}
[2026-02-05 16:27:01] DEBUG: Resolving schedule | {"context":"ScheduleResolver","employeeId":44,"date":"2026-01-19","dayOfWeek":1}
[2026-02-05 16:27:01] DEBUG: Resolving schedule | {"context":"ScheduleResolver","employeeId":45,"date":"2026-01-19","dayOfWeek":1}
[2026-02-05 16:27:01] DEBUG: Resolving schedule | {"context":"ScheduleResolver","employeeId":46,"date":"2026-01-19","dayOfWeek":1}
[2026-02-05 16:27:01] DEBUG: Resolving schedule | {"context":"ScheduleResolver","employeeId":47,"date":"2026-01-19","dayOfWeek":1}
[2026-02-05 16:27:01] DEBUG: Resolving schedule | {"context":"ScheduleResolver","employeeId":48,"date":"2026-01-19","dayOfWeek":1}
[2026-02-05 16:27:02] DEBUG: Resolving schedule | {"context":"ScheduleResolver","employeeId":49,"date":"2026-01-19","dayOfWeek":1}
[2026-02-05 16:27:02] DEBUG: Resolving schedule | {"context":"ScheduleResolver","employeeId":50,"date":"2026-01-19","dayOfWeek":1}
[2026-02-05 16:27:02] DEBUG: Found department schedule | {"context":"ScheduleResolver","employeeId":50,"departmentId":5,"isWorkDay":true,"workDays":[1,2,3,4,5]}
[2026-02-05 16:27:02] DEBUG: Resolving schedule | {"context":"ScheduleResolver","employeeId":51,"date":"2026-01-19","dayOfWeek":1}
[2026-02-05 16:27:02] DEBUG: Resolving schedule | {"context":"ScheduleResolver","employeeId":52,"date":"2026-01-19","dayOfWeek":1}
[2026-02-05 16:27:02] DEBUG: Resolving schedule | {"context":"ScheduleResolver","employeeId":53,"date":"2026-01-19","dayOfWeek":1}
[2026-02-05 16:27:02] DEBUG: Resolving schedule | {"context":"ScheduleResolver","employeeId":54,"date":"2026-01-19","dayOfWeek":1}
[2026-02-05 16:27:02] DEBUG: Resolving schedule | {"context":"ScheduleResolver","employeeId":55,"date":"2026-01-19","dayOfWeek":1}
[2026-02-05 16:27:02] DEBUG: Found department schedule | {"context":"ScheduleResolver","employeeId":55,"departmentId":5,"isWorkDay":true,"workDays":[1,2,3,4,5]}
[2026-02-05 16:27:02] DEBUG: Resolving schedule | {"context":"ScheduleResolver","employeeId":56,"date":"2026-01-19","dayOfWeek":1}
[2026-02-05 16:27:02] DEBUG: Resolving schedule | {"context":"ScheduleResolver","employeeId":57,"date":"2026-01-19","dayOfWeek":1}
[2026-02-05 16:27:02] DEBUG: Resolving schedule | {"context":"ScheduleResolver","employeeId":58,"date":"2026-01-19","dayOfWeek":1}
[2026-02-05 16:27:02] DEBUG: Found department schedule | {"context":"ScheduleResolver","employeeId":58,"departmentId":5,"isWorkDay":true,"workDays":[1,2,3,4,5]}
[2026-02-05 16:27:02] DEBUG: Resolving schedule | {"context":"ScheduleResolver","employeeId":59,"date":"2026-01-19","dayOfWeek":1}
[2026-02-05 16:27:02] DEBUG: Resolving schedule | {"context":"ScheduleResolver","employeeId":60,"date":"2026-01-19","dayOfWeek":1}
[2026-02-05 16:27:02] DEBUG: Found department schedule | {"context":"ScheduleResolver","employeeId":60,"departmentId":5,"isWorkDay":true,"workDays":[1,2,3,4,5]}
[2026-02-05 16:27:02] DEBUG: Resolving schedule | {"context":"ScheduleResolver","employeeId":62,"date":"2026-01-19","dayOfWeek":1}
[2026-02-05 16:27:02] DEBUG: Found department schedule | {"context":"ScheduleResolver","employeeId":62,"departmentId":5,"isWorkDay":true,"workDays":[1,2,3,4,5]}
[2026-02-05 16:27:02] DEBUG: Resolving schedule | {"context":"ScheduleResolver","employeeId":63,"date":"2026-01-19","dayOfWeek":1}
[2026-02-05 16:27:02] DEBUG: Resolving schedule | {"context":"ScheduleResolver","employeeId":64,"date":"2026-01-19","dayOfWeek":1}
[2026-02-05 16:27:02] DEBUG: Resolving schedule | {"context":"ScheduleResolver","employeeId":65,"date":"2026-01-19","dayOfWeek":1}
[2026-02-05 16:27:02] DEBUG: Resolving schedule | {"context":"ScheduleResolver","employeeId":66,"date":"2026-01-19","dayOfWeek":1}
[2026-02-05 16:27:02] DEBUG: Resolving schedule | {"context":"ScheduleResolver","employeeId":67,"date":"2026-01-19","dayOfWeek":1}
[2026-02-05 16:27:02] DEBUG: Resolving schedule | {"context":"ScheduleResolver","employeeId":68,"date":"2026-01-19","dayOfWeek":1}
[2026-02-05 16:27:02] DEBUG: Resolving schedule | {"context":"ScheduleResolver","employeeId":70,"date":"2026-01-19","dayOfWeek":1}
[2026-02-05 16:27:02] DEBUG: Resolving schedule | {"context":"ScheduleResolver","employeeId":71,"date":"2026-01-19","dayOfWeek":1}
[2026-02-05 16:27:02] DEBUG: Found employee schedule | {"context":"ScheduleResolver","employeeId":71,"isWorkDay":true,"workDays":[1,2,3,4,5]}
[2026-02-05 16:27:02] DEBUG: Resolving schedule | {"context":"ScheduleResolver","employeeId":72,"date":"2026-01-19","dayOfWeek":1}
[2026-02-05 16:27:02] DEBUG: Resolving schedule | {"context":"ScheduleResolver","employeeId":73,"date":"2026-01-19","dayOfWeek":1}
[2026-02-05 16:27:02] DEBUG: Resolving schedule | {"context":"ScheduleResolver","employeeId":75,"date":"2026-01-19","dayOfWeek":1}
[2026-02-05 16:27:02] DEBUG: Resolving schedule | {"context":"ScheduleResolver","employeeId":3,"date":"2026-01-20","dayOfWeek":2}
[2026-02-05 16:27:02] DEBUG: Resolving schedule | {"context":"ScheduleResolver","employeeId":4,"date":"2026-01-20","dayOfWeek":2}
[2026-02-05 16:27:02] DEBUG: Resolving schedule | {"context":"ScheduleResolver","employeeId":5,"date":"2026-01-20","dayOfWeek":2}
[2026-02-05 16:27:02] DEBUG: Resolving schedule | {"context":"ScheduleResolver","employeeId":6,"date":"2026-01-20","dayOfWeek":2}
[2026-02-05 16:27:02] DEBUG: Found department schedule | {"context":"ScheduleResolver","employeeId":6,"departmentId":5,"isWorkDay":true,"workDays":[1,2,3,4,5]}
[2026-02-05 16:27:02] DEBUG: Resolving schedule | {"context":"ScheduleResolver","employeeId":10,"date":"2026-01-20","dayOfWeek":2}
[2026-02-05 16:27:02] DEBUG: Resolving schedule | {"context":"ScheduleResolver","employeeId":12,"date":"2026-01-20","dayOfWeek":2}
[2026-02-05 16:27:02] DEBUG: Resolving schedule | {"context":"ScheduleResolver","employeeId":15,"date":"2026-01-20","dayOfWeek":2}
[2026-02-05 16:27:02] DEBUG: Found employee schedule | {"context":"ScheduleResolver","employeeId":15,"isWorkDay":true,"workDays":[1,2,3,4,5]}
[2026-02-05 16:27:02] DEBUG: Resolving schedule | {"context":"ScheduleResolver","employeeId":18,"date":"2026-01-20","dayOfWeek":2}
[2026-02-05 16:27:02] DEBUG: Resolving schedule | {"context":"ScheduleResolver","employeeId":19,"date":"2026-01-20","dayOfWeek":2}
[2026-02-05 16:27:02] DEBUG: Resolving schedule | {"context":"ScheduleResolver","employeeId":21,"date":"2026-01-20","dayOfWeek":2}
[2026-02-05 16:27:02] DEBUG: Found department schedule | {"context":"ScheduleResolver","employeeId":21,"departmentId":5,"isWorkDay":true,"workDays":[1,2,3,4,5]}
[2026-02-05 16:27:02] DEBUG: Resolving schedule | {"context":"ScheduleResolver","employeeId":23,"date":"2026-01-20","dayOfWeek":2}
[2026-02-05 16:27:02] DEBUG: Resolving schedule | {"context":"ScheduleResolver","employeeId":24,"date":"2026-01-20","dayOfWeek":2}
[2026-02-05 16:27:02] DEBUG: Resolving schedule | {"context":"ScheduleResolver","employeeId":25,"date":"2026-01-20","dayOfWeek":2}
[2026-02-05 16:27:02] DEBUG: Resolving schedule | {"context":"ScheduleResolver","employeeId":29,"date":"2026-01-20","dayOfWeek":2}
[2026-02-05 16:27:02] DEBUG: Found employee schedule | {"context":"ScheduleResolver","employeeId":29,"isWorkDay":true,"workDays":[1,2,3,4,5]}
[2026-02-05 16:27:02] DEBUG: Resolving schedule | {"context":"ScheduleResolver","employeeId":30,"date":"2026-01-20","dayOfWeek":2}
[2026-02-05 16:27:02] DEBUG: Found employee schedule | {"context":"ScheduleResolver","employeeId":30,"isWorkDay":true,"workDays":[1,2,3,4,5]}
[2026-02-05 16:27:02] DEBUG: Resolving schedule | {"context":"ScheduleResolver","employeeId":32,"date":"2026-01-20","dayOfWeek":2}
[2026-02-05 16:27:02] DEBUG: Found department schedule | {"context":"ScheduleResolver","employeeId":32,"departmentId":5,"isWorkDay":true,"workDays":[1,2,3,4,5]}
[2026-02-05 16:27:02] DEBUG: Resolving schedule | {"context":"ScheduleResolver","employeeId":33,"date":"2026-01-20","dayOfWeek":2}
[2026-02-05 16:27:02] DEBUG: Resolving schedule | {"context":"ScheduleResolver","employeeId":34,"date":"2026-01-20","dayOfWeek":2}
[2026-02-05 16:27:02] DEBUG: Found department schedule | {"context":"ScheduleResolver","employeeId":34,"departmentId":5,"isWorkDay":true,"workDays":[1,2,3,4,5]}
[2026-02-05 16:27:02] DEBUG: Resolving schedule | {"context":"ScheduleResolver","employeeId":35,"date":"2026-01-20","dayOfWeek":2}
[2026-02-05 16:27:02] DEBUG: Found department schedule | {"context":"ScheduleResolver","employeeId":35,"departmentId":5,"isWorkDay":true,"workDays":[1,2,3,4,5]}
[2026-02-05 16:27:02] DEBUG: Resolving schedule | {"context":"ScheduleResolver","employeeId":36,"date":"2026-01-20","dayOfWeek":2}
[2026-02-05 16:27:02] DEBUG: Resolving schedule | {"context":"ScheduleResolver","employeeId":38,"date":"2026-01-20","dayOfWeek":2}
[2026-02-05 16:27:02] DEBUG: Resolving schedule | {"context":"ScheduleResolver","employeeId":40,"date":"2026-01-20","dayOfWeek":2}
[2026-02-05 16:27:02] DEBUG: Resolving schedule | {"context":"ScheduleResolver","employeeId":41,"date":"2026-01-20","dayOfWeek":2}
[2026-02-05 16:27:02] DEBUG: Found department schedule | {"context":"ScheduleResolver","employeeId":41,"departmentId":5,"isWorkDay":true,"workDays":[1,2,3,4,5]}
[2026-02-05 16:27:02] DEBUG: Resolving schedule | {"context":"ScheduleResolver","employeeId":42,"date":"2026-01-20","dayOfWeek":2}
[2026-02-05 16:27:02] DEBUG: Resolving schedule | {"context":"ScheduleResolver","employeeId":43,"date":"2026-01-20","dayOfWeek":2}
[2026-02-05 16:27:02] DEBUG: Found employee schedule | {"context":"ScheduleResolver","employeeId":43,"isWorkDay":true,"workDays":[1,2,3,4,5]}
[2026-02-05 16:27:02] DEBUG: Resolving schedule | {"context":"ScheduleResolver","employeeId":44,"date":"2026-01-20","dayOfWeek":2}
[2026-02-05 16:27:02] DEBUG: Resolving schedule | {"context":"ScheduleResolver","employeeId":45,"date":"2026-01-20","dayOfWeek":2}
[2026-02-05 16:27:02] DEBUG: Resolving schedule | {"context":"ScheduleResolver","employeeId":46,"date":"2026-01-20","dayOfWeek":2}
[2026-02-05 16:27:02] DEBUG: Resolving schedule | {"context":"ScheduleResolver","employeeId":48,"date":"2026-01-20","dayOfWeek":2}
[2026-02-05 16:27:02] DEBUG: Resolving schedule | {"context":"ScheduleResolver","employeeId":49,"date":"2026-01-20","dayOfWeek":2}
[2026-02-05 16:27:02] DEBUG: Resolving schedule | {"context":"ScheduleResolver","employeeId":50,"date":"2026-01-20","dayOfWeek":2}
[2026-02-05 16:27:02] DEBUG: Found department schedule | {"context":"ScheduleResolver","employeeId":50,"departmentId":5,"isWorkDay":true,"workDays":[1,2,3,4,5]}
[2026-02-05 16:27:02] DEBUG: Resolving schedule | {"context":"ScheduleResolver","employeeId":51,"date":"2026-01-20","dayOfWeek":2}
[2026-02-05 16:27:02] DEBUG: Resolving schedule | {"context":"ScheduleResolver","employeeId":53,"date":"2026-01-20","dayOfWeek":2}
[2026-02-05 16:27:02] DEBUG: Resolving schedule | {"context":"ScheduleResolver","employeeId":54,"date":"2026-01-20","dayOfWeek":2}
[2026-02-05 16:27:02] DEBUG: Resolving schedule | {"context":"ScheduleResolver","employeeId":55,"date":"2026-01-20","dayOfWeek":2}
[2026-02-05 16:27:02] DEBUG: Found department schedule | {"context":"ScheduleResolver","employeeId":55,"departmentId":5,"isWorkDay":true,"workDays":[1,2,3,4,5]}
[2026-02-05 16:27:02] DEBUG: Resolving schedule | {"context":"ScheduleResolver","employeeId":56,"date":"2026-01-20","dayOfWeek":2}
[2026-02-05 16:27:02] DEBUG: Resolving schedule | {"context":"ScheduleResolver","employeeId":57,"date":"2026-01-20","dayOfWeek":2}
[2026-02-05 16:27:02] DEBUG: Resolving schedule | {"context":"ScheduleResolver","employeeId":58,"date":"2026-01-20","dayOfWeek":2}
[2026-02-05 16:27:02] DEBUG: Found department schedule | {"context":"ScheduleResolver","employeeId":58,"departmentId":5,"isWorkDay":true,"workDays":[1,2,3,4,5]}
[2026-02-05 16:27:02] DEBUG: Resolving schedule | {"context":"ScheduleResolver","employeeId":59,"date":"2026-01-20","dayOfWeek":2}
[2026-02-05 16:27:02] DEBUG: Resolving schedule | {"context":"ScheduleResolver","employeeId":60,"date":"2026-01-20","dayOfWeek":2}
[2026-02-05 16:27:02] DEBUG: Found department schedule | {"context":"ScheduleResolver","employeeId":60,"departmentId":5,"isWorkDay":true,"workDays":[1,2,3,4,5]}
[2026-02-05 16:27:02] DEBUG: Resolving schedule | {"context":"ScheduleResolver","employeeId":61,"date":"2026-01-20","dayOfWeek":2}
[2026-02-05 16:27:02] DEBUG: Resolving schedule | {"context":"ScheduleResolver","employeeId":62,"date":"2026-01-20","dayOfWeek":2}
[2026-02-05 16:27:02] DEBUG: Found department schedule | {"context":"ScheduleResolver","employeeId":62,"departmentId":5,"isWorkDay":true,"workDays":[1,2,3,4,5]}
[2026-02-05 16:27:02] DEBUG: Resolving schedule | {"context":"ScheduleResolver","employeeId":63,"date":"2026-01-20","dayOfWeek":2}
[2026-02-05 16:27:02] DEBUG: Resolving schedule | {"context":"ScheduleResolver","employeeId":64,"date":"2026-01-20","dayOfWeek":2}
[2026-02-05 16:27:02] DEBUG: Resolving schedule | {"context":"ScheduleResolver","employeeId":65,"date":"2026-01-20","dayOfWeek":2}
[2026-02-05 16:27:02] DEBUG: Resolving schedule | {"context":"ScheduleResolver","employeeId":66,"date":"2026-01-20","dayOfWeek":2}
[2026-02-05 16:27:02] DEBUG: Resolving schedule | {"context":"ScheduleResolver","employeeId":67,"date":"2026-01-20","dayOfWeek":2}
[2026-02-05 16:27:02] DEBUG: Resolving schedule | {"context":"ScheduleResolver","employeeId":68,"date":"2026-01-20","dayOfWeek":2}
[2026-02-05 16:27:02] DEBUG: Resolving schedule | {"context":"ScheduleResolver","employeeId":71,"date":"2026-01-20","dayOfWeek":2}
[2026-02-05 16:27:02] DEBUG: Found employee schedule | {"context":"ScheduleResolver","employeeId":71,"isWorkDay":true,"workDays":[1,2,3,4,5]}
[2026-02-05 16:27:02] DEBUG: Resolving schedule | {"context":"ScheduleResolver","employeeId":72,"date":"2026-01-20","dayOfWeek":2}
[2026-02-05 16:27:02] DEBUG: Resolving schedule | {"context":"ScheduleResolver","employeeId":73,"date":"2026-01-20","dayOfWeek":2}
[2026-02-05 16:27:02] DEBUG: Resolving schedule | {"context":"ScheduleResolver","employeeId":75,"date":"2026-01-20","dayOfWeek":2}
[2026-02-05 16:27:02] DEBUG: Resolving schedule | {"context":"ScheduleResolver","employeeId":3,"date":"2026-01-21","dayOfWeek":3}
[2026-02-05 16:27:02] DEBUG: Resolving schedule | {"context":"ScheduleResolver","employeeId":4,"date":"2026-01-21","dayOfWeek":3}
[2026-02-05 16:27:02] DEBUG: Resolving schedule | {"context":"ScheduleResolver","employeeId":5,"date":"2026-01-21","dayOfWeek":3}
[2026-02-05 16:27:02] DEBUG: Resolving schedule | {"context":"ScheduleResolver","employeeId":6,"date":"2026-01-21","dayOfWeek":3}
[2026-02-05 16:27:02] DEBUG: Found department schedule | {"context":"ScheduleResolver","employeeId":6,"departmentId":5,"isWorkDay":true,"workDays":[1,2,3,4,5]}
[2026-02-05 16:27:02] DEBUG: Resolving schedule | {"context":"ScheduleResolver","employeeId":10,"date":"2026-01-21","dayOfWeek":3}
[2026-02-05 16:27:02] DEBUG: Resolving schedule | {"context":"ScheduleResolver","employeeId":12,"date":"2026-01-21","dayOfWeek":3}
[2026-02-05 16:27:02] DEBUG: Resolving schedule | {"context":"ScheduleResolver","employeeId":15,"date":"2026-01-21","dayOfWeek":3}
[2026-02-05 16:27:02] DEBUG: Found employee schedule | {"context":"ScheduleResolver","employeeId":15,"isWorkDay":true,"workDays":[1,2,3,4,5]}
[2026-02-05 16:27:02] DEBUG: Resolving schedule | {"context":"ScheduleResolver","employeeId":18,"date":"2026-01-21","dayOfWeek":3}
[2026-02-05 16:27:02] DEBUG: Resolving schedule | {"context":"ScheduleResolver","employeeId":19,"date":"2026-01-21","dayOfWeek":3}
[2026-02-05 16:27:02] DEBUG: Resolving schedule | {"context":"ScheduleResolver","employeeId":21,"date":"2026-01-21","dayOfWeek":3}
[2026-02-05 16:27:02] DEBUG: Found department schedule | {"context":"ScheduleResolver","employeeId":21,"departmentId":5,"isWorkDay":true,"workDays":[1,2,3,4,5]}
[2026-02-05 16:27:02] DEBUG: Resolving schedule | {"context":"ScheduleResolver","employeeId":23,"date":"2026-01-21","dayOfWeek":3}
[2026-02-05 16:27:02] DEBUG: Resolving schedule | {"context":"ScheduleResolver","employeeId":24,"date":"2026-01-21","dayOfWeek":3}
[2026-02-05 16:27:02] DEBUG: Resolving schedule | {"context":"ScheduleResolver","employeeId":25,"date":"2026-01-21","dayOfWeek":3}
[2026-02-05 16:27:02] DEBUG: Resolving schedule | {"context":"ScheduleResolver","employeeId":28,"date":"2026-01-21","dayOfWeek":3}
[2026-02-05 16:27:02] DEBUG: Found employee schedule | {"context":"ScheduleResolver","employeeId":28,"isWorkDay":true,"workDays":[1,3,5]}
[2026-02-05 16:27:02] DEBUG: Resolving schedule | {"context":"ScheduleResolver","employeeId":29,"date":"2026-01-21","dayOfWeek":3}
[2026-02-05 16:27:02] DEBUG: Found employee schedule | {"context":"ScheduleResolver","employeeId":29,"isWorkDay":true,"workDays":[1,2,3,4,5]}
[2026-02-05 16:27:02] DEBUG: Resolving schedule | {"context":"ScheduleResolver","employeeId":30,"date":"2026-01-21","dayOfWeek":3}
[2026-02-05 16:27:02] DEBUG: Found employee schedule | {"context":"ScheduleResolver","employeeId":30,"isWorkDay":true,"workDays":[1,2,3,4,5]}
[2026-02-05 16:27:02] DEBUG: Resolving schedule | {"context":"ScheduleResolver","employeeId":32,"date":"2026-01-21","dayOfWeek":3}
[2026-02-05 16:27:02] DEBUG: Found department schedule | {"context":"ScheduleResolver","employeeId":32,"departmentId":5,"isWorkDay":true,"workDays":[1,2,3,4,5]}
[2026-02-05 16:27:02] DEBUG: Resolving schedule | {"context":"ScheduleResolver","employeeId":33,"date":"2026-01-21","dayOfWeek":3}
[2026-02-05 16:27:02] DEBUG: Resolving schedule | {"context":"ScheduleResolver","employeeId":35,"date":"2026-01-21","dayOfWeek":3}
[2026-02-05 16:27:02] DEBUG: Found department schedule | {"context":"ScheduleResolver","employeeId":35,"departmentId":5,"isWorkDay":true,"workDays":[1,2,3,4,5]}
[2026-02-05 16:27:02] DEBUG: Resolving schedule | {"context":"ScheduleResolver","employeeId":36,"date":"2026-01-21","dayOfWeek":3}
[2026-02-05 16:27:02] DEBUG: Resolving schedule | {"context":"ScheduleResolver","employeeId":38,"date":"2026-01-21","dayOfWeek":3}
[2026-02-05 16:27:02] DEBUG: Resolving schedule | {"context":"ScheduleResolver","employeeId":40,"date":"2026-01-21","dayOfWeek":3}
[2026-02-05 16:27:02] DEBUG: Resolving schedule | {"context":"ScheduleResolver","employeeId":41,"date":"2026-01-21","dayOfWeek":3}
[2026-02-05 16:27:02] DEBUG: Found department schedule | {"context":"ScheduleResolver","employeeId":41,"departmentId":5,"isWorkDay":true,"workDays":[1,2,3,4,5]}
[2026-02-05 16:27:02] DEBUG: Resolving schedule | {"context":"ScheduleResolver","employeeId":42,"date":"2026-01-21","dayOfWeek":3}
[2026-02-05 16:27:02] DEBUG: Resolving schedule | {"context":"ScheduleResolver","employeeId":43,"date":"2026-01-21","dayOfWeek":3}
[2026-02-05 16:27:02] DEBUG: Found employee schedule | {"context":"ScheduleResolver","employeeId":43,"isWorkDay":true,"workDays":[1,2,3,4,5]}
[2026-02-05 16:27:02] DEBUG: Resolving schedule | {"context":"ScheduleResolver","employeeId":44,"date":"2026-01-21","dayOfWeek":3}
[2026-02-05 16:27:02] DEBUG: Resolving schedule | {"context":"ScheduleResolver","employeeId":45,"date":"2026-01-21","dayOfWeek":3}
[2026-02-05 16:27:02] DEBUG: Resolving schedule | {"context":"ScheduleResolver","employeeId":46,"date":"2026-01-21","dayOfWeek":3}
[2026-02-05 16:27:02] DEBUG: Resolving schedule | {"context":"ScheduleResolver","employeeId":48,"date":"2026-01-21","dayOfWeek":3}
[2026-02-05 16:27:02] DEBUG: Resolving schedule | {"context":"ScheduleResolver","employeeId":49,"date":"2026-01-21","dayOfWeek":3}
[2026-02-05 16:27:02] DEBUG: Resolving schedule | {"context":"ScheduleResolver","employeeId":50,"date":"2026-01-21","dayOfWeek":3}
[2026-02-05 16:27:02] DEBUG: Found department schedule | {"context":"ScheduleResolver","employeeId":50,"departmentId":5,"isWorkDay":true,"workDays":[1,2,3,4,5]}
[2026-02-05 16:27:02] DEBUG: Resolving schedule | {"context":"ScheduleResolver","employeeId":51,"date":"2026-01-21","dayOfWeek":3}
[2026-02-05 16:27:02] DEBUG: Resolving schedule | {"context":"ScheduleResolver","employeeId":52,"date":"2026-01-21","dayOfWeek":3}
[2026-02-05 16:27:02] DEBUG: Resolving schedule | {"context":"ScheduleResolver","employeeId":54,"date":"2026-01-21","dayOfWeek":3}
[2026-02-05 16:27:02] DEBUG: Resolving schedule | {"context":"ScheduleResolver","employeeId":55,"date":"2026-01-21","dayOfWeek":3}
[2026-02-05 16:27:02] DEBUG: Found department schedule | {"context":"ScheduleResolver","employeeId":55,"departmentId":5,"isWorkDay":true,"workDays":[1,2,3,4,5]}
[2026-02-05 16:27:02] DEBUG: Resolving schedule | {"context":"ScheduleResolver","employeeId":56,"date":"2026-01-21","dayOfWeek":3}
[2026-02-05 16:27:02] DEBUG: Resolving schedule | {"context":"ScheduleResolver","employeeId":57,"date":"2026-01-21","dayOfWeek":3}
[2026-02-05 16:27:02] DEBUG: Resolving schedule | {"context":"ScheduleResolver","employeeId":58,"date":"2026-01-21","dayOfWeek":3}
[2026-02-05 16:27:02] DEBUG: Found department schedule | {"context":"ScheduleResolver","employeeId":58,"departmentId":5,"isWorkDay":true,"workDays":[1,2,3,4,5]}
[2026-02-05 16:27:02] DEBUG: Resolving schedule | {"context":"ScheduleResolver","employeeId":59,"date":"2026-01-21","dayOfWeek":3}
[2026-02-05 16:27:02] DEBUG: Resolving schedule | {"context":"ScheduleResolver","employeeId":60,"date":"2026-01-21","dayOfWeek":3}
[2026-02-05 16:27:02] DEBUG: Found department schedule | {"context":"ScheduleResolver","employeeId":60,"departmentId":5,"isWorkDay":true,"workDays":[1,2,3,4,5]}
[2026-02-05 16:27:02] DEBUG: Resolving schedule | {"context":"ScheduleResolver","employeeId":61,"date":"2026-01-21","dayOfWeek":3}
[2026-02-05 16:27:02] DEBUG: Resolving schedule | {"context":"ScheduleResolver","employeeId":62,"date":"2026-01-21","dayOfWeek":3}
[2026-02-05 16:27:02] DEBUG: Found department schedule | {"context":"ScheduleResolver","employeeId":62,"departmentId":5,"isWorkDay":true,"workDays":[1,2,3,4,5]}
[2026-02-05 16:27:02] DEBUG: Resolving schedule | {"context":"ScheduleResolver","employeeId":63,"date":"2026-01-21","dayOfWeek":3}
[2026-02-05 16:27:02] DEBUG: Resolving schedule | {"context":"ScheduleResolver","employeeId":65,"date":"2026-01-21","dayOfWeek":3}
[2026-02-05 16:27:02] DEBUG: Resolving schedule | {"context":"ScheduleResolver","employeeId":66,"date":"2026-01-21","dayOfWeek":3}
[2026-02-05 16:27:02] DEBUG: Resolving schedule | {"context":"ScheduleResolver","employeeId":67,"date":"2026-01-21","dayOfWeek":3}
[2026-02-05 16:27:02] DEBUG: Resolving schedule | {"context":"ScheduleResolver","employeeId":68,"date":"2026-01-21","dayOfWeek":3}
[2026-02-05 16:27:02] DEBUG: Resolving schedule | {"context":"ScheduleResolver","employeeId":71,"date":"2026-01-21","dayOfWeek":3}
[2026-02-05 16:27:02] DEBUG: Found employee schedule | {"context":"ScheduleResolver","employeeId":71,"isWorkDay":true,"workDays":[1,2,3,4,5]}
[2026-02-05 16:27:02] DEBUG: Resolving schedule | {"context":"ScheduleResolver","employeeId":72,"date":"2026-01-21","dayOfWeek":3}
[2026-02-05 16:27:02] DEBUG: Resolving schedule | {"context":"ScheduleResolver","employeeId":73,"date":"2026-01-21","dayOfWeek":3}
[2026-02-05 16:27:02] DEBUG: Resolving schedule | {"context":"ScheduleResolver","employeeId":75,"date":"2026-01-21","dayOfWeek":3}
[2026-02-05 16:27:02] DEBUG: Resolving schedule | {"context":"ScheduleResolver","employeeId":1,"date":"2026-01-22","dayOfWeek":4}
[2026-02-05 16:27:02] DEBUG: Found employee schedule | {"context":"ScheduleResolver","employeeId":1,"isWorkDay":false,"workDays":[1,3,5]}
[2026-02-05 16:27:02] DEBUG: Resolving schedule | {"context":"ScheduleResolver","employeeId":2,"date":"2026-01-22","dayOfWeek":4}
[2026-02-05 16:27:02] DEBUG: Found employee schedule | {"context":"ScheduleResolver","employeeId":2,"isWorkDay":true,"workDays":[2,4,6]}
[2026-02-05 16:27:02] DEBUG: Resolving schedule | {"context":"ScheduleResolver","employeeId":3,"date":"2026-01-22","dayOfWeek":4}
[2026-02-05 16:27:02] DEBUG: Found exception for employee | {"context":"ScheduleResolver","employeeId":3,"date":"2026-01-22","type":"special","reason":""}
[2026-02-05 16:27:02] DEBUG: Resolving schedule | {"context":"ScheduleResolver","employeeId":4,"date":"2026-01-22","dayOfWeek":4}
[2026-02-05 16:27:02] DEBUG: Found exception for employee | {"context":"ScheduleResolver","employeeId":4,"date":"2026-01-22","type":"special","reason":""}
[2026-02-05 16:27:02] DEBUG: Resolving schedule | {"context":"ScheduleResolver","employeeId":5,"date":"2026-01-22","dayOfWeek":4}
[2026-02-05 16:27:02] DEBUG: Found exception for employee | {"context":"ScheduleResolver","employeeId":5,"date":"2026-01-22","type":"special","reason":""}
[2026-02-05 16:27:02] DEBUG: Resolving schedule | {"context":"ScheduleResolver","employeeId":6,"date":"2026-01-22","dayOfWeek":4}
[2026-02-05 16:27:02] DEBUG: Found exception for employee | {"context":"ScheduleResolver","employeeId":6,"date":"2026-01-22","type":"special","reason":""}
[2026-02-05 16:27:02] DEBUG: Resolving schedule | {"context":"ScheduleResolver","employeeId":7,"date":"2026-01-22","dayOfWeek":4}
[2026-02-05 16:27:02] DEBUG: Found exception for employee | {"context":"ScheduleResolver","employeeId":7,"date":"2026-01-22","type":"special","reason":""}
[2026-02-05 16:27:02] DEBUG: Resolving schedule | {"context":"ScheduleResolver","employeeId":10,"date":"2026-01-22","dayOfWeek":4}
[2026-02-05 16:27:02] DEBUG: Found exception for employee | {"context":"ScheduleResolver","employeeId":10,"date":"2026-01-22","type":"special","reason":""}
[2026-02-05 16:27:02] DEBUG: Resolving schedule | {"context":"ScheduleResolver","employeeId":12,"date":"2026-01-22","dayOfWeek":4}
[2026-02-05 16:27:02] DEBUG: Found exception for employee | {"context":"ScheduleResolver","employeeId":12,"date":"2026-01-22","type":"special","reason":""}
[2026-02-05 16:27:02] DEBUG: Resolving schedule | {"context":"ScheduleResolver","employeeId":15,"date":"2026-01-22","dayOfWeek":4}
[2026-02-05 16:27:02] DEBUG: Found exception for employee | {"context":"ScheduleResolver","employeeId":15,"date":"2026-01-22","type":"special","reason":""}
[2026-02-05 16:27:02] DEBUG: Resolving schedule | {"context":"ScheduleResolver","employeeId":19,"date":"2026-01-22","dayOfWeek":4}
[2026-02-05 16:27:02] DEBUG: Found exception for employee | {"context":"ScheduleResolver","employeeId":19,"date":"2026-01-22","type":"special","reason":""}
[2026-02-05 16:27:02] DEBUG: Resolving schedule | {"context":"ScheduleResolver","employeeId":21,"date":"2026-01-22","dayOfWeek":4}
[2026-02-05 16:27:02] DEBUG: Found exception for employee | {"context":"ScheduleResolver","employeeId":21,"date":"2026-01-22","type":"special","reason":""}
[2026-02-05 16:27:02] DEBUG: Resolving schedule | {"context":"ScheduleResolver","employeeId":23,"date":"2026-01-22","dayOfWeek":4}
[2026-02-05 16:27:02] DEBUG: Found exception for employee | {"context":"ScheduleResolver","employeeId":23,"date":"2026-01-22","type":"special","reason":""}
[2026-02-05 16:27:02] DEBUG: Resolving schedule | {"context":"ScheduleResolver","employeeId":24,"date":"2026-01-22","dayOfWeek":4}
[2026-02-05 16:27:02] DEBUG: Found exception for employee | {"context":"ScheduleResolver","employeeId":24,"date":"2026-01-22","type":"special","reason":""}
[2026-02-05 16:27:02] DEBUG: Resolving schedule | {"context":"ScheduleResolver","employeeId":25,"date":"2026-01-22","dayOfWeek":4}
[2026-02-05 16:27:02] DEBUG: Found exception for employee | {"context":"ScheduleResolver","employeeId":25,"date":"2026-01-22","type":"special","reason":""}
[2026-02-05 16:27:02] DEBUG: Resolving schedule | {"context":"ScheduleResolver","employeeId":27,"date":"2026-01-22","dayOfWeek":4}
[2026-02-05 16:27:02] DEBUG: Found exception for employee | {"context":"ScheduleResolver","employeeId":27,"date":"2026-01-22","type":"special","reason":""}
[2026-02-05 16:27:02] DEBUG: Resolving schedule | {"context":"ScheduleResolver","employeeId":29,"date":"2026-01-22","dayOfWeek":4}
[2026-02-05 16:27:02] DEBUG: Found exception for employee | {"context":"ScheduleResolver","employeeId":29,"date":"2026-01-22","type":"special","reason":""}
[2026-02-05 16:27:02] DEBUG: Resolving schedule | {"context":"ScheduleResolver","employeeId":30,"date":"2026-01-22","dayOfWeek":4}
[2026-02-05 16:27:02] DEBUG: Found employee schedule | {"context":"ScheduleResolver","employeeId":30,"isWorkDay":true,"workDays":[1,2,3,4,5]}
[2026-02-05 16:27:02] DEBUG: Resolving schedule | {"context":"ScheduleResolver","employeeId":32,"date":"2026-01-22","dayOfWeek":4}
[2026-02-05 16:27:02] DEBUG: Found exception for employee | {"context":"ScheduleResolver","employeeId":32,"date":"2026-01-22","type":"special","reason":""}
[2026-02-05 16:27:02] DEBUG: Resolving schedule | {"context":"ScheduleResolver","employeeId":33,"date":"2026-01-22","dayOfWeek":4}
[2026-02-05 16:27:02] DEBUG: Found exception for employee | {"context":"ScheduleResolver","employeeId":33,"date":"2026-01-22","type":"special","reason":""}
[2026-02-05 16:27:02] DEBUG: Resolving schedule | {"context":"ScheduleResolver","employeeId":34,"date":"2026-01-22","dayOfWeek":4}
[2026-02-05 16:27:02] DEBUG: Found exception for employee | {"context":"ScheduleResolver","employeeId":34,"date":"2026-01-22","type":"special","reason":""}
[2026-02-05 16:27:02] DEBUG: Resolving schedule | {"context":"ScheduleResolver","employeeId":35,"date":"2026-01-22","dayOfWeek":4}
[2026-02-05 16:27:02] DEBUG: Found exception for employee | {"context":"ScheduleResolver","employeeId":35,"date":"2026-01-22","type":"special","reason":""}
[2026-02-05 16:27:02] DEBUG: Resolving schedule | {"context":"ScheduleResolver","employeeId":38,"date":"2026-01-22","dayOfWeek":4}
[2026-02-05 16:27:02] DEBUG: Found exception for employee | {"context":"ScheduleResolver","employeeId":38,"date":"2026-01-22","type":"special","reason":""}
[2026-02-05 16:27:02] DEBUG: Resolving schedule | {"context":"ScheduleResolver","employeeId":40,"date":"2026-01-22","dayOfWeek":4}
[2026-02-05 16:27:02] DEBUG: Found exception for employee | {"context":"ScheduleResolver","employeeId":40,"date":"2026-01-22","type":"special","reason":""}
[2026-02-05 16:27:02] DEBUG: Resolving schedule | {"context":"ScheduleResolver","employeeId":41,"date":"2026-01-22","dayOfWeek":4}
[2026-02-05 16:27:02] DEBUG: Found exception for employee | {"context":"ScheduleResolver","employeeId":41,"date":"2026-01-22","type":"special","reason":""}
[2026-02-05 16:27:02] DEBUG: Resolving schedule | {"context":"ScheduleResolver","employeeId":42,"date":"2026-01-22","dayOfWeek":4}
[2026-02-05 16:27:02] DEBUG: Found exception for employee | {"context":"ScheduleResolver","employeeId":42,"date":"2026-01-22","type":"special","reason":""}
[2026-02-05 16:27:02] DEBUG: Resolving schedule | {"context":"ScheduleResolver","employeeId":43,"date":"2026-01-22","dayOfWeek":4}
[2026-02-05 16:27:02] DEBUG: Found exception for employee | {"context":"ScheduleResolver","employeeId":43,"date":"2026-01-22","type":"special","reason":""}
[2026-02-05 16:27:02] DEBUG: Resolving schedule | {"context":"ScheduleResolver","employeeId":44,"date":"2026-01-22","dayOfWeek":4}
[2026-02-05 16:27:02] DEBUG: Found exception for employee | {"context":"ScheduleResolver","employeeId":44,"date":"2026-01-22","type":"special","reason":""}
[2026-02-05 16:27:02] DEBUG: Resolving schedule | {"context":"ScheduleResolver","employeeId":45,"date":"2026-01-22","dayOfWeek":4}
[2026-02-05 16:27:02] DEBUG: Found exception for employee | {"context":"ScheduleResolver","employeeId":45,"date":"2026-01-22","type":"special","reason":""}
[2026-02-05 16:27:02] DEBUG: Resolving schedule | {"context":"ScheduleResolver","employeeId":46,"date":"2026-01-22","dayOfWeek":4}
[2026-02-05 16:27:02] DEBUG: Found exception for employee | {"context":"ScheduleResolver","employeeId":46,"date":"2026-01-22","type":"special","reason":""}
[2026-02-05 16:27:02] DEBUG: Resolving schedule | {"context":"ScheduleResolver","employeeId":48,"date":"2026-01-22","dayOfWeek":4}
[2026-02-05 16:27:02] DEBUG: Found exception for employee | {"context":"ScheduleResolver","employeeId":48,"date":"2026-01-22","type":"special","reason":""}
[2026-02-05 16:27:02] DEBUG: Resolving schedule | {"context":"ScheduleResolver","employeeId":49,"date":"2026-01-22","dayOfWeek":4}
[2026-02-05 16:27:02] DEBUG: Found exception for employee | {"context":"ScheduleResolver","employeeId":49,"date":"2026-01-22","type":"special","reason":""}
[2026-02-05 16:27:02] DEBUG: Resolving schedule | {"context":"ScheduleResolver","employeeId":50,"date":"2026-01-22","dayOfWeek":4}
[2026-02-05 16:27:02] DEBUG: Found exception for employee | {"context":"ScheduleResolver","employeeId":50,"date":"2026-01-22","type":"special","reason":""}
[2026-02-05 16:27:02] DEBUG: Resolving schedule | {"context":"ScheduleResolver","employeeId":51,"date":"2026-01-22","dayOfWeek":4}
[2026-02-05 16:27:02] DEBUG: Found exception for employee | {"context":"ScheduleResolver","employeeId":51,"date":"2026-01-22","type":"special","reason":""}
[2026-02-05 16:27:02] DEBUG: Resolving schedule | {"context":"ScheduleResolver","employeeId":52,"date":"2026-01-22","dayOfWeek":4}
[2026-02-05 16:27:02] DEBUG: Found exception for employee | {"context":"ScheduleResolver","employeeId":52,"date":"2026-01-22","type":"special","reason":""}
[2026-02-05 16:27:02] DEBUG: Resolving schedule | {"context":"ScheduleResolver","employeeId":54,"date":"2026-01-22","dayOfWeek":4}
[2026-02-05 16:27:02] DEBUG: Found exception for employee | {"context":"ScheduleResolver","employeeId":54,"date":"2026-01-22","type":"special","reason":""}
[2026-02-05 16:27:02] DEBUG: Resolving schedule | {"context":"ScheduleResolver","employeeId":55,"date":"2026-01-22","dayOfWeek":4}
[2026-02-05 16:27:02] DEBUG: Found exception for employee | {"context":"ScheduleResolver","employeeId":55,"date":"2026-01-22","type":"special","reason":""}
[2026-02-05 16:27:02] DEBUG: Resolving schedule | {"context":"ScheduleResolver","employeeId":56,"date":"2026-01-22","dayOfWeek":4}
[2026-02-05 16:27:02] DEBUG: Found exception for employee | {"context":"ScheduleResolver","employeeId":56,"date":"2026-01-22","type":"special","reason":""}
[2026-02-05 16:27:02] DEBUG: Resolving schedule | {"context":"ScheduleResolver","employeeId":57,"date":"2026-01-22","dayOfWeek":4}
[2026-02-05 16:27:02] DEBUG: Found exception for employee | {"context":"ScheduleResolver","employeeId":57,"date":"2026-01-22","type":"special","reason":""}
[2026-02-05 16:27:02] DEBUG: Resolving schedule | {"context":"ScheduleResolver","employeeId":58,"date":"2026-01-22","dayOfWeek":4}
[2026-02-05 16:27:02] DEBUG: Found exception for employee | {"context":"ScheduleResolver","employeeId":58,"date":"2026-01-22","type":"special","reason":""}
[2026-02-05 16:27:02] DEBUG: Resolving schedule | {"context":"ScheduleResolver","employeeId":59,"date":"2026-01-22","dayOfWeek":4}
[2026-02-05 16:27:02] DEBUG: Found exception for employee | {"context":"ScheduleResolver","employeeId":59,"date":"2026-01-22","type":"special","reason":""}
[2026-02-05 16:27:02] DEBUG: Resolving schedule | {"context":"ScheduleResolver","employeeId":60,"date":"2026-01-22","dayOfWeek":4}
[2026-02-05 16:27:02] DEBUG: Found exception for employee | {"context":"ScheduleResolver","employeeId":60,"date":"2026-01-22","type":"special","reason":""}
[2026-02-05 16:27:02] DEBUG: Resolving schedule | {"context":"ScheduleResolver","employeeId":61,"date":"2026-01-22","dayOfWeek":4}
[2026-02-05 16:27:02] DEBUG: Found exception for employee | {"context":"ScheduleResolver","employeeId":61,"date":"2026-01-22","type":"special","reason":""}
[2026-02-05 16:27:02] DEBUG: Resolving schedule | {"context":"ScheduleResolver","employeeId":62,"date":"2026-01-22","dayOfWeek":4}
[2026-02-05 16:27:02] DEBUG: Found exception for employee | {"context":"ScheduleResolver","employeeId":62,"date":"2026-01-22","type":"special","reason":""}
[2026-02-05 16:27:02] DEBUG: Resolving schedule | {"context":"ScheduleResolver","employeeId":63,"date":"2026-01-22","dayOfWeek":4}
[2026-02-05 16:27:02] DEBUG: Found exception for employee | {"context":"ScheduleResolver","employeeId":63,"date":"2026-01-22","type":"special","reason":""}
[2026-02-05 16:27:02] DEBUG: Resolving schedule | {"context":"ScheduleResolver","employeeId":65,"date":"2026-01-22","dayOfWeek":4}
[2026-02-05 16:27:02] DEBUG: Found exception for employee | {"context":"ScheduleResolver","employeeId":65,"date":"2026-01-22","type":"special","reason":""}
[2026-02-05 16:27:02] DEBUG: Resolving schedule | {"context":"ScheduleResolver","employeeId":66,"date":"2026-01-22","dayOfWeek":4}
[2026-02-05 16:27:02] DEBUG: Found exception for employee | {"context":"ScheduleResolver","employeeId":66,"date":"2026-01-22","type":"special","reason":""}
[2026-02-05 16:27:02] DEBUG: Resolving schedule | {"context":"ScheduleResolver","employeeId":67,"date":"2026-01-22","dayOfWeek":4}
[2026-02-05 16:27:02] DEBUG: Found exception for employee | {"context":"ScheduleResolver","employeeId":67,"date":"2026-01-22","type":"special","reason":""}
[2026-02-05 16:27:02] DEBUG: Resolving schedule | {"context":"ScheduleResolver","employeeId":68,"date":"2026-01-22","dayOfWeek":4}
[2026-02-05 16:27:02] DEBUG: Found exception for employee | {"context":"ScheduleResolver","employeeId":68,"date":"2026-01-22","type":"special","reason":""}
[2026-02-05 16:27:02] DEBUG: Resolving schedule | {"context":"ScheduleResolver","employeeId":71,"date":"2026-01-22","dayOfWeek":4}
[2026-02-05 16:27:02] DEBUG: Found exception for employee | {"context":"ScheduleResolver","employeeId":71,"date":"2026-01-22","type":"special","reason":""}
[2026-02-05 16:27:02] DEBUG: Resolving schedule | {"context":"ScheduleResolver","employeeId":72,"date":"2026-01-22","dayOfWeek":4}
[2026-02-05 16:27:02] DEBUG: Found exception for employee | {"context":"ScheduleResolver","employeeId":72,"date":"2026-01-22","type":"special","reason":""}
[2026-02-05 16:27:02] DEBUG: Resolving schedule | {"context":"ScheduleResolver","employeeId":73,"date":"2026-01-22","dayOfWeek":4}
[2026-02-05 16:27:02] DEBUG: Found exception for employee | {"context":"ScheduleResolver","employeeId":73,"date":"2026-01-22","type":"special","reason":""}
[2026-02-05 16:27:02] DEBUG: Resolving schedule | {"context":"ScheduleResolver","employeeId":75,"date":"2026-01-22","dayOfWeek":4}
[2026-02-05 16:27:02] DEBUG: Found exception for employee | {"context":"ScheduleResolver","employeeId":75,"date":"2026-01-22","type":"special","reason":""}
[2026-02-05 16:27:02] DEBUG: Resolving schedule | {"context":"ScheduleResolver","employeeId":1,"date":"2026-01-23","dayOfWeek":5}
[2026-02-05 16:27:02] DEBUG: Found employee schedule | {"context":"ScheduleResolver","employeeId":1,"isWorkDay":true,"workDays":[1,3,5]}
[2026-02-05 16:27:02] DEBUG: Resolving schedule | {"context":"ScheduleResolver","employeeId":3,"date":"2026-01-23","dayOfWeek":5}
[2026-02-05 16:27:02] DEBUG: Resolving schedule | {"context":"ScheduleResolver","employeeId":4,"date":"2026-01-23","dayOfWeek":5}
[2026-02-05 16:27:02] DEBUG: Resolving schedule | {"context":"ScheduleResolver","employeeId":5,"date":"2026-01-23","dayOfWeek":5}
[2026-02-05 16:27:02] DEBUG: Resolving schedule | {"context":"ScheduleResolver","employeeId":6,"date":"2026-01-23","dayOfWeek":5}
[2026-02-05 16:27:02] DEBUG: Found department schedule | {"context":"ScheduleResolver","employeeId":6,"departmentId":5,"isWorkDay":true,"workDays":[1,2,3,4,5]}
[2026-02-05 16:27:02] DEBUG: Resolving schedule | {"context":"ScheduleResolver","employeeId":10,"date":"2026-01-23","dayOfWeek":5}
[2026-02-05 16:27:02] DEBUG: Resolving schedule | {"context":"ScheduleResolver","employeeId":12,"date":"2026-01-23","dayOfWeek":5}
[2026-02-05 16:27:02] DEBUG: Resolving schedule | {"context":"ScheduleResolver","employeeId":15,"date":"2026-01-23","dayOfWeek":5}
[2026-02-05 16:27:02] DEBUG: Found employee schedule | {"context":"ScheduleResolver","employeeId":15,"isWorkDay":true,"workDays":[1,2,3,4,5]}
[2026-02-05 16:27:02] DEBUG: Resolving schedule | {"context":"ScheduleResolver","employeeId":18,"date":"2026-01-23","dayOfWeek":5}
[2026-02-05 16:27:02] DEBUG: Resolving schedule | {"context":"ScheduleResolver","employeeId":19,"date":"2026-01-23","dayOfWeek":5}
[2026-02-05 16:27:02] DEBUG: Resolving schedule | {"context":"ScheduleResolver","employeeId":21,"date":"2026-01-23","dayOfWeek":5}
[2026-02-05 16:27:02] DEBUG: Found department schedule | {"context":"ScheduleResolver","employeeId":21,"departmentId":5,"isWorkDay":true,"workDays":[1,2,3,4,5]}
[2026-02-05 16:27:02] DEBUG: Resolving schedule | {"context":"ScheduleResolver","employeeId":23,"date":"2026-01-23","dayOfWeek":5}
[2026-02-05 16:27:02] DEBUG: Resolving schedule | {"context":"ScheduleResolver","employeeId":24,"date":"2026-01-23","dayOfWeek":5}
[2026-02-05 16:27:02] DEBUG: Resolving schedule | {"context":"ScheduleResolver","employeeId":25,"date":"2026-01-23","dayOfWeek":5}
[2026-02-05 16:27:02] DEBUG: Resolving schedule | {"context":"ScheduleResolver","employeeId":27,"date":"2026-01-23","dayOfWeek":5}
[2026-02-05 16:27:02] DEBUG: Found department schedule | {"context":"ScheduleResolver","employeeId":27,"departmentId":5,"isWorkDay":true,"workDays":[1,2,3,4,5]}
[2026-02-05 16:27:02] DEBUG: Resolving schedule | {"context":"ScheduleResolver","employeeId":28,"date":"2026-01-23","dayOfWeek":5}
[2026-02-05 16:27:02] DEBUG: Found employee schedule | {"context":"ScheduleResolver","employeeId":28,"isWorkDay":true,"workDays":[1,3,5]}
[2026-02-05 16:27:02] DEBUG: Resolving schedule | {"context":"ScheduleResolver","employeeId":29,"date":"2026-01-23","dayOfWeek":5}
[2026-02-05 16:27:02] DEBUG: Found employee schedule | {"context":"ScheduleResolver","employeeId":29,"isWorkDay":true,"workDays":[1,2,3,4,5]}
[2026-02-05 16:27:02] DEBUG: Resolving schedule | {"context":"ScheduleResolver","employeeId":30,"date":"2026-01-23","dayOfWeek":5}
[2026-02-05 16:27:02] DEBUG: Found employee schedule | {"context":"ScheduleResolver","employeeId":30,"isWorkDay":true,"workDays":[1,2,3,4,5]}
[2026-02-05 16:27:02] DEBUG: Resolving schedule | {"context":"ScheduleResolver","employeeId":32,"date":"2026-01-23","dayOfWeek":5}
[2026-02-05 16:27:02] DEBUG: Found department schedule | {"context":"ScheduleResolver","employeeId":32,"departmentId":5,"isWorkDay":true,"workDays":[1,2,3,4,5]}
[2026-02-05 16:27:02] DEBUG: Resolving schedule | {"context":"ScheduleResolver","employeeId":33,"date":"2026-01-23","dayOfWeek":5}
[2026-02-05 16:27:02] DEBUG: Resolving schedule | {"context":"ScheduleResolver","employeeId":35,"date":"2026-01-23","dayOfWeek":5}
[2026-02-05 16:27:02] DEBUG: Found department schedule | {"context":"ScheduleResolver","employeeId":35,"departmentId":5,"isWorkDay":true,"workDays":[1,2,3,4,5]}
[2026-02-05 16:27:02] DEBUG: Resolving schedule | {"context":"ScheduleResolver","employeeId":36,"date":"2026-01-23","dayOfWeek":5}
[2026-02-05 16:27:02] DEBUG: Resolving schedule | {"context":"ScheduleResolver","employeeId":38,"date":"2026-01-23","dayOfWeek":5}
[2026-02-05 16:27:02] DEBUG: Resolving schedule | {"context":"ScheduleResolver","employeeId":40,"date":"2026-01-23","dayOfWeek":5}
[2026-02-05 16:27:02] DEBUG: Resolving schedule | {"context":"ScheduleResolver","employeeId":42,"date":"2026-01-23","dayOfWeek":5}
[2026-02-05 16:27:02] DEBUG: Resolving schedule | {"context":"ScheduleResolver","employeeId":43,"date":"2026-01-23","dayOfWeek":5}
[2026-02-05 16:27:02] DEBUG: Found employee schedule | {"context":"ScheduleResolver","employeeId":43,"isWorkDay":true,"workDays":[1,2,3,4,5]}
[2026-02-05 16:27:02] DEBUG: Resolving schedule | {"context":"ScheduleResolver","employeeId":44,"date":"2026-01-23","dayOfWeek":5}
[2026-02-05 16:27:02] DEBUG: Resolving schedule | {"context":"ScheduleResolver","employeeId":45,"date":"2026-01-23","dayOfWeek":5}
[2026-02-05 16:27:02] DEBUG: Resolving schedule | {"context":"ScheduleResolver","employeeId":46,"date":"2026-01-23","dayOfWeek":5}
[2026-02-05 16:27:02] DEBUG: Resolving schedule | {"context":"ScheduleResolver","employeeId":47,"date":"2026-01-23","dayOfWeek":5}
[2026-02-05 16:27:02] DEBUG: Resolving schedule | {"context":"ScheduleResolver","employeeId":48,"date":"2026-01-23","dayOfWeek":5}
[2026-02-05 16:27:02] DEBUG: Resolving schedule | {"context":"ScheduleResolver","employeeId":49,"date":"2026-01-23","dayOfWeek":5}
[2026-02-05 16:27:02] DEBUG: Resolving schedule | {"context":"ScheduleResolver","employeeId":50,"date":"2026-01-23","dayOfWeek":5}
[2026-02-05 16:27:02] DEBUG: Found department schedule | {"context":"ScheduleResolver","employeeId":50,"departmentId":5,"isWorkDay":true,"workDays":[1,2,3,4,5]}
[2026-02-05 16:27:02] DEBUG: Resolving schedule | {"context":"ScheduleResolver","employeeId":51,"date":"2026-01-23","dayOfWeek":5}
[2026-02-05 16:27:02] DEBUG: Resolving schedule | {"context":"ScheduleResolver","employeeId":52,"date":"2026-01-23","dayOfWeek":5}
[2026-02-05 16:27:02] DEBUG: Resolving schedule | {"context":"ScheduleResolver","employeeId":53,"date":"2026-01-23","dayOfWeek":5}
[2026-02-05 16:27:02] DEBUG: Resolving schedule | {"context":"ScheduleResolver","employeeId":54,"date":"2026-01-23","dayOfWeek":5}
[2026-02-05 16:27:02] DEBUG: Resolving schedule | {"context":"ScheduleResolver","employeeId":55,"date":"2026-01-23","dayOfWeek":5}
[2026-02-05 16:27:02] DEBUG: Found department schedule | {"context":"ScheduleResolver","employeeId":55,"departmentId":5,"isWorkDay":true,"workDays":[1,2,3,4,5]}
[2026-02-05 16:27:02] DEBUG: Resolving schedule | {"context":"ScheduleResolver","employeeId":56,"date":"2026-01-23","dayOfWeek":5}
[2026-02-05 16:27:02] DEBUG: Resolving schedule | {"context":"ScheduleResolver","employeeId":57,"date":"2026-01-23","dayOfWeek":5}
[2026-02-05 16:27:02] DEBUG: Resolving schedule | {"context":"ScheduleResolver","employeeId":58,"date":"2026-01-23","dayOfWeek":5}
[2026-02-05 16:27:02] DEBUG: Found department schedule | {"context":"ScheduleResolver","employeeId":58,"departmentId":5,"isWorkDay":true,"workDays":[1,2,3,4,5]}
[2026-02-05 16:27:02] DEBUG: Resolving schedule | {"context":"ScheduleResolver","employeeId":59,"date":"2026-01-23","dayOfWeek":5}
[2026-02-05 16:27:02] DEBUG: Resolving schedule | {"context":"ScheduleResolver","employeeId":60,"date":"2026-01-23","dayOfWeek":5}
[2026-02-05 16:27:02] DEBUG: Found department schedule | {"context":"ScheduleResolver","employeeId":60,"departmentId":5,"isWorkDay":true,"workDays":[1,2,3,4,5]}
[2026-02-05 16:27:02] DEBUG: Resolving schedule | {"context":"ScheduleResolver","employeeId":61,"date":"2026-01-23","dayOfWeek":5}
[2026-02-05 16:27:02] DEBUG: Resolving schedule | {"context":"ScheduleResolver","employeeId":62,"date":"2026-01-23","dayOfWeek":5}
[2026-02-05 16:27:02] DEBUG: Found department schedule | {"context":"ScheduleResolver","employeeId":62,"departmentId":5,"isWorkDay":true,"workDays":[1,2,3,4,5]}
[2026-02-05 16:27:02] DEBUG: Resolving schedule | {"context":"ScheduleResolver","employeeId":63,"date":"2026-01-23","dayOfWeek":5}
[2026-02-05 16:27:02] DEBUG: Resolving schedule | {"context":"ScheduleResolver","employeeId":65,"date":"2026-01-23","dayOfWeek":5}
[2026-02-05 16:27:02] DEBUG: Resolving schedule | {"context":"ScheduleResolver","employeeId":66,"date":"2026-01-23","dayOfWeek":5}
[2026-02-05 16:27:02] DEBUG: Resolving schedule | {"context":"ScheduleResolver","employeeId":67,"date":"2026-01-23","dayOfWeek":5}
[2026-02-05 16:27:02] DEBUG: Resolving schedule | {"context":"ScheduleResolver","employeeId":68,"date":"2026-01-23","dayOfWeek":5}
[2026-02-05 16:27:02] DEBUG: Resolving schedule | {"context":"ScheduleResolver","employeeId":70,"date":"2026-01-23","dayOfWeek":5}
[2026-02-05 16:27:02] DEBUG: Resolving schedule | {"context":"ScheduleResolver","employeeId":71,"date":"2026-01-23","dayOfWeek":5}
[2026-02-05 16:27:02] DEBUG: Found employee schedule | {"context":"ScheduleResolver","employeeId":71,"isWorkDay":true,"workDays":[1,2,3,4,5]}
[2026-02-05 16:27:02] DEBUG: Resolving schedule | {"context":"ScheduleResolver","employeeId":72,"date":"2026-01-23","dayOfWeek":5}
[2026-02-05 16:27:02] DEBUG: Resolving schedule | {"context":"ScheduleResolver","employeeId":73,"date":"2026-01-23","dayOfWeek":5}
[2026-02-05 16:27:02] DEBUG: Resolving schedule | {"context":"ScheduleResolver","employeeId":75,"date":"2026-01-23","dayOfWeek":5}
[2026-02-05 16:27:02] DEBUG: Resolving schedule | {"context":"ScheduleResolver","employeeId":2,"date":"2026-01-24","dayOfWeek":6}
[2026-02-05 16:27:02] DEBUG: Found employee schedule | {"context":"ScheduleResolver","employeeId":2,"isWorkDay":true,"workDays":[2,4,6]}
[2026-02-05 16:27:02] DEBUG: Resolving schedule | {"context":"ScheduleResolver","employeeId":70,"date":"2026-01-24","dayOfWeek":6}
[2026-02-05 16:27:02] DEBUG: Resolving schedule | {"context":"ScheduleResolver","employeeId":1,"date":"2026-01-26","dayOfWeek":1}
[2026-02-05 16:27:02] DEBUG: Found employee schedule | {"context":"ScheduleResolver","employeeId":1,"isWorkDay":true,"workDays":[1,3,5]}
[2026-02-05 16:27:02] DEBUG: Resolving schedule | {"context":"ScheduleResolver","employeeId":3,"date":"2026-01-26","dayOfWeek":1}
[2026-02-05 16:27:02] DEBUG: Resolving schedule | {"context":"ScheduleResolver","employeeId":4,"date":"2026-01-26","dayOfWeek":1}
[2026-02-05 16:27:02] DEBUG: Resolving schedule | {"context":"ScheduleResolver","employeeId":6,"date":"2026-01-26","dayOfWeek":1}
[2026-02-05 16:27:02] DEBUG: Found department schedule | {"context":"ScheduleResolver","employeeId":6,"departmentId":5,"isWorkDay":true,"workDays":[1,2,3,4,5]}
[2026-02-05 16:27:02] DEBUG: Resolving schedule | {"context":"ScheduleResolver","employeeId":10,"date":"2026-01-26","dayOfWeek":1}
[2026-02-05 16:27:02] DEBUG: Resolving schedule | {"context":"ScheduleResolver","employeeId":12,"date":"2026-01-26","dayOfWeek":1}
[2026-02-05 16:27:02] DEBUG: Resolving schedule | {"context":"ScheduleResolver","employeeId":15,"date":"2026-01-26","dayOfWeek":1}
[2026-02-05 16:27:02] DEBUG: Found employee schedule | {"context":"ScheduleResolver","employeeId":15,"isWorkDay":true,"workDays":[1,2,3,4,5]}
[2026-02-05 16:27:02] DEBUG: Resolving schedule | {"context":"ScheduleResolver","employeeId":17,"date":"2026-01-26","dayOfWeek":1}
[2026-02-05 16:27:02] DEBUG: Resolving schedule | {"context":"ScheduleResolver","employeeId":18,"date":"2026-01-26","dayOfWeek":1}
[2026-02-05 16:27:02] DEBUG: Resolving schedule | {"context":"ScheduleResolver","employeeId":19,"date":"2026-01-26","dayOfWeek":1}
[2026-02-05 16:27:02] DEBUG: Resolving schedule | {"context":"ScheduleResolver","employeeId":21,"date":"2026-01-26","dayOfWeek":1}
[2026-02-05 16:27:02] DEBUG: Found department schedule | {"context":"ScheduleResolver","employeeId":21,"departmentId":5,"isWorkDay":true,"workDays":[1,2,3,4,5]}
[2026-02-05 16:27:02] DEBUG: Resolving schedule | {"context":"ScheduleResolver","employeeId":23,"date":"2026-01-26","dayOfWeek":1}
[2026-02-05 16:27:02] DEBUG: Resolving schedule | {"context":"ScheduleResolver","employeeId":24,"date":"2026-01-26","dayOfWeek":1}
[2026-02-05 16:27:02] DEBUG: Resolving schedule | {"context":"ScheduleResolver","employeeId":25,"date":"2026-01-26","dayOfWeek":1}
[2026-02-05 16:27:02] DEBUG: Resolving schedule | {"context":"ScheduleResolver","employeeId":27,"date":"2026-01-26","dayOfWeek":1}
[2026-02-05 16:27:02] DEBUG: Found department schedule | {"context":"ScheduleResolver","employeeId":27,"departmentId":5,"isWorkDay":true,"workDays":[1,2,3,4,5]}
[2026-02-05 16:27:02] DEBUG: Resolving schedule | {"context":"ScheduleResolver","employeeId":28,"date":"2026-01-26","dayOfWeek":1}
[2026-02-05 16:27:02] DEBUG: Found employee schedule | {"context":"ScheduleResolver","employeeId":28,"isWorkDay":true,"workDays":[1,3,5]}
[2026-02-05 16:27:02] DEBUG: Resolving schedule | {"context":"ScheduleResolver","employeeId":29,"date":"2026-01-26","dayOfWeek":1}
[2026-02-05 16:27:02] DEBUG: Found employee schedule | {"context":"ScheduleResolver","employeeId":29,"isWorkDay":true,"workDays":[1,2,3,4,5]}
[2026-02-05 16:27:02] DEBUG: Resolving schedule | {"context":"ScheduleResolver","employeeId":30,"date":"2026-01-26","dayOfWeek":1}
[2026-02-05 16:27:02] DEBUG: Found employee schedule | {"context":"ScheduleResolver","employeeId":30,"isWorkDay":true,"workDays":[1,2,3,4,5]}
[2026-02-05 16:27:02] DEBUG: Resolving schedule | {"context":"ScheduleResolver","employeeId":32,"date":"2026-01-26","dayOfWeek":1}
[2026-02-05 16:27:02] DEBUG: Found department schedule | {"context":"ScheduleResolver","employeeId":32,"departmentId":5,"isWorkDay":true,"workDays":[1,2,3,4,5]}
[2026-02-05 16:27:02] DEBUG: Resolving schedule | {"context":"ScheduleResolver","employeeId":33,"date":"2026-01-26","dayOfWeek":1}
[2026-02-05 16:27:02] DEBUG: Resolving schedule | {"context":"ScheduleResolver","employeeId":34,"date":"2026-01-26","dayOfWeek":1}
[2026-02-05 16:27:02] DEBUG: Found department schedule | {"context":"ScheduleResolver","employeeId":34,"departmentId":5,"isWorkDay":true,"workDays":[1,2,3,4,5]}
[2026-02-05 16:27:02] DEBUG: Resolving schedule | {"context":"ScheduleResolver","employeeId":35,"date":"2026-01-26","dayOfWeek":1}
[2026-02-05 16:27:02] DEBUG: Found department schedule | {"context":"ScheduleResolver","employeeId":35,"departmentId":5,"isWorkDay":true,"workDays":[1,2,3,4,5]}
[2026-02-05 16:27:02] DEBUG: Resolving schedule | {"context":"ScheduleResolver","employeeId":36,"date":"2026-01-26","dayOfWeek":1}
[2026-02-05 16:27:02] DEBUG: Resolving schedule | {"context":"ScheduleResolver","employeeId":38,"date":"2026-01-26","dayOfWeek":1}
[2026-02-05 16:27:02] DEBUG: Resolving schedule | {"context":"ScheduleResolver","employeeId":40,"date":"2026-01-26","dayOfWeek":1}
[2026-02-05 16:27:02] DEBUG: Resolving schedule | {"context":"ScheduleResolver","employeeId":41,"date":"2026-01-26","dayOfWeek":1}
[2026-02-05 16:27:02] DEBUG: Found department schedule | {"context":"ScheduleResolver","employeeId":41,"departmentId":5,"isWorkDay":true,"workDays":[1,2,3,4,5]}
[2026-02-05 16:27:02] DEBUG: Resolving schedule | {"context":"ScheduleResolver","employeeId":42,"date":"2026-01-26","dayOfWeek":1}
[2026-02-05 16:27:02] DEBUG: Resolving schedule | {"context":"ScheduleResolver","employeeId":43,"date":"2026-01-26","dayOfWeek":1}
[2026-02-05 16:27:02] DEBUG: Found employee schedule | {"context":"ScheduleResolver","employeeId":43,"isWorkDay":true,"workDays":[1,2,3,4,5]}
[2026-02-05 16:27:02] DEBUG: Resolving schedule | {"context":"ScheduleResolver","employeeId":44,"date":"2026-01-26","dayOfWeek":1}
[2026-02-05 16:27:02] DEBUG: Resolving schedule | {"context":"ScheduleResolver","employeeId":45,"date":"2026-01-26","dayOfWeek":1}
[2026-02-05 16:27:02] DEBUG: Resolving schedule | {"context":"ScheduleResolver","employeeId":46,"date":"2026-01-26","dayOfWeek":1}
[2026-02-05 16:27:02] DEBUG: Resolving schedule | {"context":"ScheduleResolver","employeeId":47,"date":"2026-01-26","dayOfWeek":1}
[2026-02-05 16:27:02] DEBUG: Resolving schedule | {"context":"ScheduleResolver","employeeId":48,"date":"2026-01-26","dayOfWeek":1}
[2026-02-05 16:27:02] DEBUG: Resolving schedule | {"context":"ScheduleResolver","employeeId":49,"date":"2026-01-26","dayOfWeek":1}
[2026-02-05 16:27:02] DEBUG: Resolving schedule | {"context":"ScheduleResolver","employeeId":50,"date":"2026-01-26","dayOfWeek":1}
[2026-02-05 16:27:02] DEBUG: Found department schedule | {"context":"ScheduleResolver","employeeId":50,"departmentId":5,"isWorkDay":true,"workDays":[1,2,3,4,5]}
[2026-02-05 16:27:02] DEBUG: Resolving schedule | {"context":"ScheduleResolver","employeeId":51,"date":"2026-01-26","dayOfWeek":1}
[2026-02-05 16:27:02] DEBUG: Resolving schedule | {"context":"ScheduleResolver","employeeId":52,"date":"2026-01-26","dayOfWeek":1}
[2026-02-05 16:27:02] DEBUG: Resolving schedule | {"context":"ScheduleResolver","employeeId":53,"date":"2026-01-26","dayOfWeek":1}
[2026-02-05 16:27:02] DEBUG: Resolving schedule | {"context":"ScheduleResolver","employeeId":54,"date":"2026-01-26","dayOfWeek":1}
[2026-02-05 16:27:02] DEBUG: Resolving schedule | {"context":"ScheduleResolver","employeeId":55,"date":"2026-01-26","dayOfWeek":1}
[2026-02-05 16:27:02] DEBUG: Found department schedule | {"context":"ScheduleResolver","employeeId":55,"departmentId":5,"isWorkDay":true,"workDays":[1,2,3,4,5]}
[2026-02-05 16:27:02] DEBUG: Resolving schedule | {"context":"ScheduleResolver","employeeId":56,"date":"2026-01-26","dayOfWeek":1}
[2026-02-05 16:27:02] DEBUG: Resolving schedule | {"context":"ScheduleResolver","employeeId":57,"date":"2026-01-26","dayOfWeek":1}
[2026-02-05 16:27:02] DEBUG: Resolving schedule | {"context":"ScheduleResolver","employeeId":58,"date":"2026-01-26","dayOfWeek":1}
[2026-02-05 16:27:02] DEBUG: Found department schedule | {"context":"ScheduleResolver","employeeId":58,"departmentId":5,"isWorkDay":true,"workDays":[1,2,3,4,5]}
[2026-02-05 16:27:02] DEBUG: Resolving schedule | {"context":"ScheduleResolver","employeeId":59,"date":"2026-01-26","dayOfWeek":1}
[2026-02-05 16:27:02] DEBUG: Resolving schedule | {"context":"ScheduleResolver","employeeId":60,"date":"2026-01-26","dayOfWeek":1}
[2026-02-05 16:27:02] DEBUG: Found department schedule | {"context":"ScheduleResolver","employeeId":60,"departmentId":5,"isWorkDay":true,"workDays":[1,2,3,4,5]}
[2026-02-05 16:27:02] DEBUG: Resolving schedule | {"context":"ScheduleResolver","employeeId":61,"date":"2026-01-26","dayOfWeek":1}
[2026-02-05 16:27:02] DEBUG: Resolving schedule | {"context":"ScheduleResolver","employeeId":62,"date":"2026-01-26","dayOfWeek":1}
[2026-02-05 16:27:02] DEBUG: Found department schedule | {"context":"ScheduleResolver","employeeId":62,"departmentId":5,"isWorkDay":true,"workDays":[1,2,3,4,5]}
[2026-02-05 16:27:02] DEBUG: Resolving schedule | {"context":"ScheduleResolver","employeeId":63,"date":"2026-01-26","dayOfWeek":1}
[2026-02-05 16:27:02] DEBUG: Resolving schedule | {"context":"ScheduleResolver","employeeId":64,"date":"2026-01-26","dayOfWeek":1}
[2026-02-05 16:27:02] DEBUG: Resolving schedule | {"context":"ScheduleResolver","employeeId":65,"date":"2026-01-26","dayOfWeek":1}
[2026-02-05 16:27:02] DEBUG: Resolving schedule | {"context":"ScheduleResolver","employeeId":66,"date":"2026-01-26","dayOfWeek":1}
[2026-02-05 16:27:02] DEBUG: Resolving schedule | {"context":"ScheduleResolver","employeeId":67,"date":"2026-01-26","dayOfWeek":1}
[2026-02-05 16:27:02] DEBUG: Resolving schedule | {"context":"ScheduleResolver","employeeId":68,"date":"2026-01-26","dayOfWeek":1}
[2026-02-05 16:27:02] DEBUG: Resolving schedule | {"context":"ScheduleResolver","employeeId":71,"date":"2026-01-26","dayOfWeek":1}
[2026-02-05 16:27:02] DEBUG: Found employee schedule | {"context":"ScheduleResolver","employeeId":71,"isWorkDay":true,"workDays":[1,2,3,4,5]}
[2026-02-05 16:27:02] DEBUG: Resolving schedule | {"context":"ScheduleResolver","employeeId":72,"date":"2026-01-26","dayOfWeek":1}
[2026-02-05 16:27:02] DEBUG: Resolving schedule | {"context":"ScheduleResolver","employeeId":73,"date":"2026-01-26","dayOfWeek":1}
[2026-02-05 16:27:02] DEBUG: Resolving schedule | {"context":"ScheduleResolver","employeeId":75,"date":"2026-01-26","dayOfWeek":1}
[2026-02-05 16:27:02] DEBUG: Resolving schedule | {"context":"ScheduleResolver","employeeId":2,"date":"2026-01-27","dayOfWeek":2}
[2026-02-05 16:27:02] DEBUG: Found employee schedule | {"context":"ScheduleResolver","employeeId":2,"isWorkDay":true,"workDays":[2,4,6]}
[2026-02-05 16:27:02] DEBUG: Resolving schedule | {"context":"ScheduleResolver","employeeId":3,"date":"2026-01-27","dayOfWeek":2}
[2026-02-05 16:27:02] DEBUG: Resolving schedule | {"context":"ScheduleResolver","employeeId":4,"date":"2026-01-27","dayOfWeek":2}
[2026-02-05 16:27:02] DEBUG: Resolving schedule | {"context":"ScheduleResolver","employeeId":5,"date":"2026-01-27","dayOfWeek":2}
[2026-02-05 16:27:02] DEBUG: Resolving schedule | {"context":"ScheduleResolver","employeeId":6,"date":"2026-01-27","dayOfWeek":2}
[2026-02-05 16:27:02] DEBUG: Found department schedule | {"context":"ScheduleResolver","employeeId":6,"departmentId":5,"isWorkDay":true,"workDays":[1,2,3,4,5]}
[2026-02-05 16:27:02] DEBUG: Resolving schedule | {"context":"ScheduleResolver","employeeId":10,"date":"2026-01-27","dayOfWeek":2}
[2026-02-05 16:27:02] DEBUG: Resolving schedule | {"context":"ScheduleResolver","employeeId":12,"date":"2026-01-27","dayOfWeek":2}
[2026-02-05 16:27:02] DEBUG: Resolving schedule | {"context":"ScheduleResolver","employeeId":15,"date":"2026-01-27","dayOfWeek":2}
[2026-02-05 16:27:02] DEBUG: Found employee schedule | {"context":"ScheduleResolver","employeeId":15,"isWorkDay":true,"workDays":[1,2,3,4,5]}
[2026-02-05 16:27:02] DEBUG: Resolving schedule | {"context":"ScheduleResolver","employeeId":18,"date":"2026-01-27","dayOfWeek":2}
[2026-02-05 16:27:02] DEBUG: Resolving schedule | {"context":"ScheduleResolver","employeeId":19,"date":"2026-01-27","dayOfWeek":2}
[2026-02-05 16:27:02] DEBUG: Resolving schedule | {"context":"ScheduleResolver","employeeId":21,"date":"2026-01-27","dayOfWeek":2}
[2026-02-05 16:27:02] DEBUG: Found department schedule | {"context":"ScheduleResolver","employeeId":21,"departmentId":5,"isWorkDay":true,"workDays":[1,2,3,4,5]}
[2026-02-05 16:27:02] DEBUG: Resolving schedule | {"context":"ScheduleResolver","employeeId":23,"date":"2026-01-27","dayOfWeek":2}
[2026-02-05 16:27:02] DEBUG: Resolving schedule | {"context":"ScheduleResolver","employeeId":24,"date":"2026-01-27","dayOfWeek":2}
[2026-02-05 16:27:02] DEBUG: Resolving schedule | {"context":"ScheduleResolver","employeeId":25,"date":"2026-01-27","dayOfWeek":2}
[2026-02-05 16:27:02] DEBUG: Resolving schedule | {"context":"ScheduleResolver","employeeId":27,"date":"2026-01-27","dayOfWeek":2}
[2026-02-05 16:27:02] DEBUG: Found department schedule | {"context":"ScheduleResolver","employeeId":27,"departmentId":5,"isWorkDay":true,"workDays":[1,2,3,4,5]}
[2026-02-05 16:27:02] DEBUG: Resolving schedule | {"context":"ScheduleResolver","employeeId":29,"date":"2026-01-27","dayOfWeek":2}
[2026-02-05 16:27:02] DEBUG: Found employee schedule | {"context":"ScheduleResolver","employeeId":29,"isWorkDay":true,"workDays":[1,2,3,4,5]}
[2026-02-05 16:27:02] DEBUG: Resolving schedule | {"context":"ScheduleResolver","employeeId":30,"date":"2026-01-27","dayOfWeek":2}
[2026-02-05 16:27:02] DEBUG: Found employee schedule | {"context":"ScheduleResolver","employeeId":30,"isWorkDay":true,"workDays":[1,2,3,4,5]}
[2026-02-05 16:27:02] DEBUG: Resolving schedule | {"context":"ScheduleResolver","employeeId":32,"date":"2026-01-27","dayOfWeek":2}
[2026-02-05 16:27:02] DEBUG: Found department schedule | {"context":"ScheduleResolver","employeeId":32,"departmentId":5,"isWorkDay":true,"workDays":[1,2,3,4,5]}
[2026-02-05 16:27:02] DEBUG: Resolving schedule | {"context":"ScheduleResolver","employeeId":33,"date":"2026-01-27","dayOfWeek":2}
[2026-02-05 16:27:02] DEBUG: Resolving schedule | {"context":"ScheduleResolver","employeeId":34,"date":"2026-01-27","dayOfWeek":2}
[2026-02-05 16:27:02] DEBUG: Found department schedule | {"context":"ScheduleResolver","employeeId":34,"departmentId":5,"isWorkDay":true,"workDays":[1,2,3,4,5]}
[2026-02-05 16:27:02] DEBUG: Resolving schedule | {"context":"ScheduleResolver","employeeId":35,"date":"2026-01-27","dayOfWeek":2}
[2026-02-05 16:27:02] DEBUG: Found department schedule | {"context":"ScheduleResolver","employeeId":35,"departmentId":5,"isWorkDay":true,"workDays":[1,2,3,4,5]}
[2026-02-05 16:27:02] DEBUG: Resolving schedule | {"context":"ScheduleResolver","employeeId":36,"date":"2026-01-27","dayOfWeek":2}
[2026-02-05 16:27:02] DEBUG: Resolving schedule | {"context":"ScheduleResolver","employeeId":38,"date":"2026-01-27","dayOfWeek":2}
[2026-02-05 16:27:02] DEBUG: Resolving schedule | {"context":"ScheduleResolver","employeeId":40,"date":"2026-01-27","dayOfWeek":2}
[2026-02-05 16:27:02] DEBUG: Resolving schedule | {"context":"ScheduleResolver","employeeId":41,"date":"2026-01-27","dayOfWeek":2}
[2026-02-05 16:27:02] DEBUG: Found department schedule | {"context":"ScheduleResolver","employeeId":41,"departmentId":5,"isWorkDay":true,"workDays":[1,2,3,4,5]}
[2026-02-05 16:27:02] DEBUG: Resolving schedule | {"context":"ScheduleResolver","employeeId":42,"date":"2026-01-27","dayOfWeek":2}
[2026-02-05 16:27:02] DEBUG: Resolving schedule | {"context":"ScheduleResolver","employeeId":43,"date":"2026-01-27","dayOfWeek":2}
[2026-02-05 16:27:02] DEBUG: Found employee schedule | {"context":"ScheduleResolver","employeeId":43,"isWorkDay":true,"workDays":[1,2,3,4,5]}
[2026-02-05 16:27:02] DEBUG: Resolving schedule | {"context":"ScheduleResolver","employeeId":44,"date":"2026-01-27","dayOfWeek":2}
[2026-02-05 16:27:02] DEBUG: Resolving schedule | {"context":"ScheduleResolver","employeeId":45,"date":"2026-01-27","dayOfWeek":2}
[2026-02-05 16:27:02] DEBUG: Resolving schedule | {"context":"ScheduleResolver","employeeId":46,"date":"2026-01-27","dayOfWeek":2}
[2026-02-05 16:27:02] DEBUG: Resolving schedule | {"context":"ScheduleResolver","employeeId":47,"date":"2026-01-27","dayOfWeek":2}
[2026-02-05 16:27:02] DEBUG: Resolving schedule | {"context":"ScheduleResolver","employeeId":48,"date":"2026-01-27","dayOfWeek":2}
[2026-02-05 16:27:02] DEBUG: Resolving schedule | {"context":"ScheduleResolver","employeeId":49,"date":"2026-01-27","dayOfWeek":2}
[2026-02-05 16:27:02] DEBUG: Resolving schedule | {"context":"ScheduleResolver","employeeId":50,"date":"2026-01-27","dayOfWeek":2}
[2026-02-05 16:27:02] DEBUG: Found department schedule | {"context":"ScheduleResolver","employeeId":50,"departmentId":5,"isWorkDay":true,"workDays":[1,2,3,4,5]}
[2026-02-05 16:27:02] DEBUG: Resolving schedule | {"context":"ScheduleResolver","employeeId":51,"date":"2026-01-27","dayOfWeek":2}
[2026-02-05 16:27:02] DEBUG: Resolving schedule | {"context":"ScheduleResolver","employeeId":52,"date":"2026-01-27","dayOfWeek":2}
[2026-02-05 16:27:02] DEBUG: Resolving schedule | {"context":"ScheduleResolver","employeeId":53,"date":"2026-01-27","dayOfWeek":2}
[2026-02-05 16:27:02] DEBUG: Resolving schedule | {"context":"ScheduleResolver","employeeId":54,"date":"2026-01-27","dayOfWeek":2}
[2026-02-05 16:27:02] DEBUG: Resolving schedule | {"context":"ScheduleResolver","employeeId":55,"date":"2026-01-27","dayOfWeek":2}
[2026-02-05 16:27:02] DEBUG: Found department schedule | {"context":"ScheduleResolver","employeeId":55,"departmentId":5,"isWorkDay":true,"workDays":[1,2,3,4,5]}
[2026-02-05 16:27:02] DEBUG: Resolving schedule | {"context":"ScheduleResolver","employeeId":56,"date":"2026-01-27","dayOfWeek":2}
[2026-02-05 16:27:02] DEBUG: Resolving schedule | {"context":"ScheduleResolver","employeeId":57,"date":"2026-01-27","dayOfWeek":2}
[2026-02-05 16:27:02] DEBUG: Resolving schedule | {"context":"ScheduleResolver","employeeId":58,"date":"2026-01-27","dayOfWeek":2}
[2026-02-05 16:27:02] DEBUG: Found department schedule | {"context":"ScheduleResolver","employeeId":58,"departmentId":5,"isWorkDay":true,"workDays":[1,2,3,4,5]}
[2026-02-05 16:27:02] DEBUG: Resolving schedule | {"context":"ScheduleResolver","employeeId":59,"date":"2026-01-27","dayOfWeek":2}
[2026-02-05 16:27:02] DEBUG: Resolving schedule | {"context":"ScheduleResolver","employeeId":60,"date":"2026-01-27","dayOfWeek":2}
[2026-02-05 16:27:02] DEBUG: Found department schedule | {"context":"ScheduleResolver","employeeId":60,"departmentId":5,"isWorkDay":true,"workDays":[1,2,3,4,5]}
[2026-02-05 16:27:02] DEBUG: Resolving schedule | {"context":"ScheduleResolver","employeeId":61,"date":"2026-01-27","dayOfWeek":2}
[2026-02-05 16:27:02] DEBUG: Resolving schedule | {"context":"ScheduleResolver","employeeId":62,"date":"2026-01-27","dayOfWeek":2}
[2026-02-05 16:27:02] DEBUG: Found department schedule | {"context":"ScheduleResolver","employeeId":62,"departmentId":5,"isWorkDay":true,"workDays":[1,2,3,4,5]}
[2026-02-05 16:27:02] DEBUG: Resolving schedule | {"context":"ScheduleResolver","employeeId":63,"date":"2026-01-27","dayOfWeek":2}
[2026-02-05 16:27:02] DEBUG: Resolving schedule | {"context":"ScheduleResolver","employeeId":64,"date":"2026-01-27","dayOfWeek":2}
[2026-02-05 16:27:02] DEBUG: Resolving schedule | {"context":"ScheduleResolver","employeeId":65,"date":"2026-01-27","dayOfWeek":2}
[2026-02-05 16:27:02] DEBUG: Resolving schedule | {"context":"ScheduleResolver","employeeId":66,"date":"2026-01-27","dayOfWeek":2}
[2026-02-05 16:27:02] DEBUG: Resolving schedule | {"context":"ScheduleResolver","employeeId":67,"date":"2026-01-27","dayOfWeek":2}
[2026-02-05 16:27:02] DEBUG: Resolving schedule | {"context":"ScheduleResolver","employeeId":68,"date":"2026-01-27","dayOfWeek":2}
[2026-02-05 16:27:02] DEBUG: Resolving schedule | {"context":"ScheduleResolver","employeeId":70,"date":"2026-01-27","dayOfWeek":2}
[2026-02-05 16:27:02] DEBUG: Resolving schedule | {"context":"ScheduleResolver","employeeId":71,"date":"2026-01-27","dayOfWeek":2}
[2026-02-05 16:27:02] DEBUG: Found employee schedule | {"context":"ScheduleResolver","employeeId":71,"isWorkDay":true,"workDays":[1,2,3,4,5]}
[2026-02-05 16:27:02] DEBUG: Resolving schedule | {"context":"ScheduleResolver","employeeId":72,"date":"2026-01-27","dayOfWeek":2}
[2026-02-05 16:27:02] DEBUG: Resolving schedule | {"context":"ScheduleResolver","employeeId":73,"date":"2026-01-27","dayOfWeek":2}
[2026-02-05 16:27:02] DEBUG: Resolving schedule | {"context":"ScheduleResolver","employeeId":75,"date":"2026-01-27","dayOfWeek":2}
[2026-02-05 16:27:02] DEBUG: Resolving schedule | {"context":"ScheduleResolver","employeeId":1,"date":"2026-01-28","dayOfWeek":3}
[2026-02-05 16:27:02] DEBUG: Found employee schedule | {"context":"ScheduleResolver","employeeId":1,"isWorkDay":true,"workDays":[1,3,5]}
[2026-02-05 16:27:02] DEBUG: Resolving schedule | {"context":"ScheduleResolver","employeeId":3,"date":"2026-01-28","dayOfWeek":3}
[2026-02-05 16:27:02] DEBUG: Resolving schedule | {"context":"ScheduleResolver","employeeId":4,"date":"2026-01-28","dayOfWeek":3}
[2026-02-05 16:27:02] DEBUG: Resolving schedule | {"context":"ScheduleResolver","employeeId":5,"date":"2026-01-28","dayOfWeek":3}
[2026-02-05 16:27:02] DEBUG: Resolving schedule | {"context":"ScheduleResolver","employeeId":6,"date":"2026-01-28","dayOfWeek":3}
[2026-02-05 16:27:02] DEBUG: Found department schedule | {"context":"ScheduleResolver","employeeId":6,"departmentId":5,"isWorkDay":true,"workDays":[1,2,3,4,5]}
[2026-02-05 16:27:02] DEBUG: Resolving schedule | {"context":"ScheduleResolver","employeeId":7,"date":"2026-01-28","dayOfWeek":3}
[2026-02-05 16:27:02] DEBUG: Resolving schedule | {"context":"ScheduleResolver","employeeId":10,"date":"2026-01-28","dayOfWeek":3}
[2026-02-05 16:27:02] DEBUG: Resolving schedule | {"context":"ScheduleResolver","employeeId":12,"date":"2026-01-28","dayOfWeek":3}
[2026-02-05 16:27:02] DEBUG: Resolving schedule | {"context":"ScheduleResolver","employeeId":15,"date":"2026-01-28","dayOfWeek":3}
[2026-02-05 16:27:02] DEBUG: Found employee schedule | {"context":"ScheduleResolver","employeeId":15,"isWorkDay":true,"workDays":[1,2,3,4,5]}
[2026-02-05 16:27:02] DEBUG: Resolving schedule | {"context":"ScheduleResolver","employeeId":18,"date":"2026-01-28","dayOfWeek":3}
[2026-02-05 16:27:02] DEBUG: Resolving schedule | {"context":"ScheduleResolver","employeeId":19,"date":"2026-01-28","dayOfWeek":3}
[2026-02-05 16:27:02] DEBUG: Resolving schedule | {"context":"ScheduleResolver","employeeId":21,"date":"2026-01-28","dayOfWeek":3}
[2026-02-05 16:27:02] DEBUG: Found department schedule | {"context":"ScheduleResolver","employeeId":21,"departmentId":5,"isWorkDay":true,"workDays":[1,2,3,4,5]}
[2026-02-05 16:27:02] DEBUG: Resolving schedule | {"context":"ScheduleResolver","employeeId":23,"date":"2026-01-28","dayOfWeek":3}
[2026-02-05 16:27:02] DEBUG: Resolving schedule | {"context":"ScheduleResolver","employeeId":24,"date":"2026-01-28","dayOfWeek":3}
[2026-02-05 16:27:02] DEBUG: Resolving schedule | {"context":"ScheduleResolver","employeeId":25,"date":"2026-01-28","dayOfWeek":3}
[2026-02-05 16:27:02] DEBUG: Resolving schedule | {"context":"ScheduleResolver","employeeId":27,"date":"2026-01-28","dayOfWeek":3}
[2026-02-05 16:27:02] DEBUG: Found department schedule | {"context":"ScheduleResolver","employeeId":27,"departmentId":5,"isWorkDay":true,"workDays":[1,2,3,4,5]}
[2026-02-05 16:27:02] DEBUG: Resolving schedule | {"context":"ScheduleResolver","employeeId":28,"date":"2026-01-28","dayOfWeek":3}
[2026-02-05 16:27:02] DEBUG: Found employee schedule | {"context":"ScheduleResolver","employeeId":28,"isWorkDay":true,"workDays":[1,3,5]}
[2026-02-05 16:27:02] DEBUG: Resolving schedule | {"context":"ScheduleResolver","employeeId":29,"date":"2026-01-28","dayOfWeek":3}
[2026-02-05 16:27:02] DEBUG: Found employee schedule | {"context":"ScheduleResolver","employeeId":29,"isWorkDay":true,"workDays":[1,2,3,4,5]}
[2026-02-05 16:27:02] DEBUG: Resolving schedule | {"context":"ScheduleResolver","employeeId":30,"date":"2026-01-28","dayOfWeek":3}
[2026-02-05 16:27:02] DEBUG: Found employee schedule | {"context":"ScheduleResolver","employeeId":30,"isWorkDay":true,"workDays":[1,2,3,4,5]}
[2026-02-05 16:27:02] DEBUG: Resolving schedule | {"context":"ScheduleResolver","employeeId":32,"date":"2026-01-28","dayOfWeek":3}
[2026-02-05 16:27:02] DEBUG: Found department schedule | {"context":"ScheduleResolver","employeeId":32,"departmentId":5,"isWorkDay":true,"workDays":[1,2,3,4,5]}
[2026-02-05 16:27:02] DEBUG: Resolving schedule | {"context":"ScheduleResolver","employeeId":33,"date":"2026-01-28","dayOfWeek":3}
[2026-02-05 16:27:02] DEBUG: Resolving schedule | {"context":"ScheduleResolver","employeeId":34,"date":"2026-01-28","dayOfWeek":3}
[2026-02-05 16:27:02] DEBUG: Found department schedule | {"context":"ScheduleResolver","employeeId":34,"departmentId":5,"isWorkDay":true,"workDays":[1,2,3,4,5]}
[2026-02-05 16:27:02] DEBUG: Resolving schedule | {"context":"ScheduleResolver","employeeId":35,"date":"2026-01-28","dayOfWeek":3}
[2026-02-05 16:27:02] DEBUG: Found department schedule | {"context":"ScheduleResolver","employeeId":35,"departmentId":5,"isWorkDay":true,"workDays":[1,2,3,4,5]}
[2026-02-05 16:27:02] DEBUG: Resolving schedule | {"context":"ScheduleResolver","employeeId":36,"date":"2026-01-28","dayOfWeek":3}
[2026-02-05 16:27:02] DEBUG: Resolving schedule | {"context":"ScheduleResolver","employeeId":38,"date":"2026-01-28","dayOfWeek":3}
[2026-02-05 16:27:02] DEBUG: Resolving schedule | {"context":"ScheduleResolver","employeeId":40,"date":"2026-01-28","dayOfWeek":3}
[2026-02-05 16:27:02] DEBUG: Resolving schedule | {"context":"ScheduleResolver","employeeId":41,"date":"2026-01-28","dayOfWeek":3}
[2026-02-05 16:27:02] DEBUG: Found department schedule | {"context":"ScheduleResolver","employeeId":41,"departmentId":5,"isWorkDay":true,"workDays":[1,2,3,4,5]}
[2026-02-05 16:27:02] DEBUG: Resolving schedule | {"context":"ScheduleResolver","employeeId":42,"date":"2026-01-28","dayOfWeek":3}
[2026-02-05 16:27:02] DEBUG: Resolving schedule | {"context":"ScheduleResolver","employeeId":43,"date":"2026-01-28","dayOfWeek":3}
[2026-02-05 16:27:02] DEBUG: Found employee schedule | {"context":"ScheduleResolver","employeeId":43,"isWorkDay":true,"workDays":[1,2,3,4,5]}
[2026-02-05 16:27:02] DEBUG: Resolving schedule | {"context":"ScheduleResolver","employeeId":44,"date":"2026-01-28","dayOfWeek":3}
[2026-02-05 16:27:02] DEBUG: Resolving schedule | {"context":"ScheduleResolver","employeeId":45,"date":"2026-01-28","dayOfWeek":3}
[2026-02-05 16:27:02] DEBUG: Resolving schedule | {"context":"ScheduleResolver","employeeId":46,"date":"2026-01-28","dayOfWeek":3}
[2026-02-05 16:27:02] DEBUG: Resolving schedule | {"context":"ScheduleResolver","employeeId":47,"date":"2026-01-28","dayOfWeek":3}
[2026-02-05 16:27:02] DEBUG: Resolving schedule | {"context":"ScheduleResolver","employeeId":48,"date":"2026-01-28","dayOfWeek":3}
[2026-02-05 16:27:02] DEBUG: Resolving schedule | {"context":"ScheduleResolver","employeeId":49,"date":"2026-01-28","dayOfWeek":3}
[2026-02-05 16:27:02] DEBUG: Resolving schedule | {"context":"ScheduleResolver","employeeId":50,"date":"2026-01-28","dayOfWeek":3}
[2026-02-05 16:27:02] DEBUG: Found department schedule | {"context":"ScheduleResolver","employeeId":50,"departmentId":5,"isWorkDay":true,"workDays":[1,2,3,4,5]}
[2026-02-05 16:27:02] DEBUG: Resolving schedule | {"context":"ScheduleResolver","employeeId":51,"date":"2026-01-28","dayOfWeek":3}
[2026-02-05 16:27:02] DEBUG: Resolving schedule | {"context":"ScheduleResolver","employeeId":52,"date":"2026-01-28","dayOfWeek":3}
[2026-02-05 16:27:02] DEBUG: Resolving schedule | {"context":"ScheduleResolver","employeeId":53,"date":"2026-01-28","dayOfWeek":3}
[2026-02-05 16:27:02] DEBUG: Resolving schedule | {"context":"ScheduleResolver","employeeId":54,"date":"2026-01-28","dayOfWeek":3}
[2026-02-05 16:27:02] DEBUG: Resolving schedule | {"context":"ScheduleResolver","employeeId":55,"date":"2026-01-28","dayOfWeek":3}
[2026-02-05 16:27:02] DEBUG: Found department schedule | {"context":"ScheduleResolver","employeeId":55,"departmentId":5,"isWorkDay":true,"workDays":[1,2,3,4,5]}
[2026-02-05 16:27:02] DEBUG: Resolving schedule | {"context":"ScheduleResolver","employeeId":56,"date":"2026-01-28","dayOfWeek":3}
[2026-02-05 16:27:02] DEBUG: Resolving schedule | {"context":"ScheduleResolver","employeeId":57,"date":"2026-01-28","dayOfWeek":3}
[2026-02-05 16:27:02] DEBUG: Resolving schedule | {"context":"ScheduleResolver","employeeId":59,"date":"2026-01-28","dayOfWeek":3}
[2026-02-05 16:27:02] DEBUG: Resolving schedule | {"context":"ScheduleResolver","employeeId":60,"date":"2026-01-28","dayOfWeek":3}
[2026-02-05 16:27:02] DEBUG: Found department schedule | {"context":"ScheduleResolver","employeeId":60,"departmentId":5,"isWorkDay":true,"workDays":[1,2,3,4,5]}
[2026-02-05 16:27:02] DEBUG: Resolving schedule | {"context":"ScheduleResolver","employeeId":61,"date":"2026-01-28","dayOfWeek":3}
[2026-02-05 16:27:02] DEBUG: Resolving schedule | {"context":"ScheduleResolver","employeeId":62,"date":"2026-01-28","dayOfWeek":3}
[2026-02-05 16:27:02] DEBUG: Found department schedule | {"context":"ScheduleResolver","employeeId":62,"departmentId":5,"isWorkDay":true,"workDays":[1,2,3,4,5]}
[2026-02-05 16:27:02] DEBUG: Resolving schedule | {"context":"ScheduleResolver","employeeId":63,"date":"2026-01-28","dayOfWeek":3}
[2026-02-05 16:27:02] DEBUG: Resolving schedule | {"context":"ScheduleResolver","employeeId":64,"date":"2026-01-28","dayOfWeek":3}
[2026-02-05 16:27:02] DEBUG: Resolving schedule | {"context":"ScheduleResolver","employeeId":65,"date":"2026-01-28","dayOfWeek":3}
[2026-02-05 16:27:02] DEBUG: Resolving schedule | {"context":"ScheduleResolver","employeeId":66,"date":"2026-01-28","dayOfWeek":3}
[2026-02-05 16:27:02] DEBUG: Resolving schedule | {"context":"ScheduleResolver","employeeId":67,"date":"2026-01-28","dayOfWeek":3}
[2026-02-05 16:27:02] DEBUG: Resolving schedule | {"context":"ScheduleResolver","employeeId":68,"date":"2026-01-28","dayOfWeek":3}
[2026-02-05 16:27:02] DEBUG: Resolving schedule | {"context":"ScheduleResolver","employeeId":70,"date":"2026-01-28","dayOfWeek":3}
[2026-02-05 16:27:02] DEBUG: Resolving schedule | {"context":"ScheduleResolver","employeeId":71,"date":"2026-01-28","dayOfWeek":3}
[2026-02-05 16:27:02] DEBUG: Found employee schedule | {"context":"ScheduleResolver","employeeId":71,"isWorkDay":true,"workDays":[1,2,3,4,5]}
[2026-02-05 16:27:02] DEBUG: Resolving schedule | {"context":"ScheduleResolver","employeeId":72,"date":"2026-01-28","dayOfWeek":3}
[2026-02-05 16:27:02] DEBUG: Resolving schedule | {"context":"ScheduleResolver","employeeId":73,"date":"2026-01-28","dayOfWeek":3}
[2026-02-05 16:27:02] DEBUG: Resolving schedule | {"context":"ScheduleResolver","employeeId":75,"date":"2026-01-28","dayOfWeek":3}
[2026-02-05 16:27:02] DEBUG: Resolving schedule | {"context":"ScheduleResolver","employeeId":2,"date":"2026-01-29","dayOfWeek":4}
[2026-02-05 16:27:02] DEBUG: Found employee schedule | {"context":"ScheduleResolver","employeeId":2,"isWorkDay":true,"workDays":[2,4,6]}
[2026-02-05 16:27:02] DEBUG: Resolving schedule | {"context":"ScheduleResolver","employeeId":3,"date":"2026-01-29","dayOfWeek":4}
[2026-02-05 16:27:02] DEBUG: Resolving schedule | {"context":"ScheduleResolver","employeeId":4,"date":"2026-01-29","dayOfWeek":4}
[2026-02-05 16:27:02] DEBUG: Resolving schedule | {"context":"ScheduleResolver","employeeId":5,"date":"2026-01-29","dayOfWeek":4}
[2026-02-05 16:27:02] DEBUG: Resolving schedule | {"context":"ScheduleResolver","employeeId":6,"date":"2026-01-29","dayOfWeek":4}
[2026-02-05 16:27:02] DEBUG: Found department schedule | {"context":"ScheduleResolver","employeeId":6,"departmentId":5,"isWorkDay":true,"workDays":[1,2,3,4,5]}
[2026-02-05 16:27:02] DEBUG: Resolving schedule | {"context":"ScheduleResolver","employeeId":10,"date":"2026-01-29","dayOfWeek":4}
[2026-02-05 16:27:02] DEBUG: Resolving schedule | {"context":"ScheduleResolver","employeeId":12,"date":"2026-01-29","dayOfWeek":4}
[2026-02-05 16:27:02] DEBUG: Resolving schedule | {"context":"ScheduleResolver","employeeId":15,"date":"2026-01-29","dayOfWeek":4}
[2026-02-05 16:27:02] DEBUG: Found employee schedule | {"context":"ScheduleResolver","employeeId":15,"isWorkDay":true,"workDays":[1,2,3,4,5]}
[2026-02-05 16:27:02] DEBUG: Resolving schedule | {"context":"ScheduleResolver","employeeId":18,"date":"2026-01-29","dayOfWeek":4}
[2026-02-05 16:27:02] DEBUG: Resolving schedule | {"context":"ScheduleResolver","employeeId":19,"date":"2026-01-29","dayOfWeek":4}
[2026-02-05 16:27:02] DEBUG: Resolving schedule | {"context":"ScheduleResolver","employeeId":23,"date":"2026-01-29","dayOfWeek":4}
[2026-02-05 16:27:02] DEBUG: Resolving schedule | {"context":"ScheduleResolver","employeeId":24,"date":"2026-01-29","dayOfWeek":4}
[2026-02-05 16:27:02] DEBUG: Resolving schedule | {"context":"ScheduleResolver","employeeId":25,"date":"2026-01-29","dayOfWeek":4}
[2026-02-05 16:27:02] DEBUG: Resolving schedule | {"context":"ScheduleResolver","employeeId":27,"date":"2026-01-29","dayOfWeek":4}
[2026-02-05 16:27:02] DEBUG: Found department schedule | {"context":"ScheduleResolver","employeeId":27,"departmentId":5,"isWorkDay":true,"workDays":[1,2,3,4,5]}
[2026-02-05 16:27:02] DEBUG: Resolving schedule | {"context":"ScheduleResolver","employeeId":29,"date":"2026-01-29","dayOfWeek":4}
[2026-02-05 16:27:02] DEBUG: Found employee schedule | {"context":"ScheduleResolver","employeeId":29,"isWorkDay":true,"workDays":[1,2,3,4,5]}
[2026-02-05 16:27:02] DEBUG: Resolving schedule | {"context":"ScheduleResolver","employeeId":30,"date":"2026-01-29","dayOfWeek":4}
[2026-02-05 16:27:02] DEBUG: Found employee schedule | {"context":"ScheduleResolver","employeeId":30,"isWorkDay":true,"workDays":[1,2,3,4,5]}
[2026-02-05 16:27:02] DEBUG: Resolving schedule | {"context":"ScheduleResolver","employeeId":32,"date":"2026-01-29","dayOfWeek":4}
[2026-02-05 16:27:02] DEBUG: Found department schedule | {"context":"ScheduleResolver","employeeId":32,"departmentId":5,"isWorkDay":true,"workDays":[1,2,3,4,5]}
[2026-02-05 16:27:02] DEBUG: Resolving schedule | {"context":"ScheduleResolver","employeeId":33,"date":"2026-01-29","dayOfWeek":4}
[2026-02-05 16:27:02] DEBUG: Resolving schedule | {"context":"ScheduleResolver","employeeId":34,"date":"2026-01-29","dayOfWeek":4}
[2026-02-05 16:27:02] DEBUG: Found department schedule | {"context":"ScheduleResolver","employeeId":34,"departmentId":5,"isWorkDay":true,"workDays":[1,2,3,4,5]}
[2026-02-05 16:27:02] DEBUG: Resolving schedule | {"context":"ScheduleResolver","employeeId":35,"date":"2026-01-29","dayOfWeek":4}
[2026-02-05 16:27:02] DEBUG: Found department schedule | {"context":"ScheduleResolver","employeeId":35,"departmentId":5,"isWorkDay":true,"workDays":[1,2,3,4,5]}
[2026-02-05 16:27:02] DEBUG: Resolving schedule | {"context":"ScheduleResolver","employeeId":38,"date":"2026-01-29","dayOfWeek":4}
[2026-02-05 16:27:02] DEBUG: Resolving schedule | {"context":"ScheduleResolver","employeeId":40,"date":"2026-01-29","dayOfWeek":4}
[2026-02-05 16:27:02] DEBUG: Resolving schedule | {"context":"ScheduleResolver","employeeId":41,"date":"2026-01-29","dayOfWeek":4}
[2026-02-05 16:27:02] DEBUG: Found department schedule | {"context":"ScheduleResolver","employeeId":41,"departmentId":5,"isWorkDay":true,"workDays":[1,2,3,4,5]}
[2026-02-05 16:27:02] DEBUG: Resolving schedule | {"context":"ScheduleResolver","employeeId":42,"date":"2026-01-29","dayOfWeek":4}
[2026-02-05 16:27:02] DEBUG: Resolving schedule | {"context":"ScheduleResolver","employeeId":43,"date":"2026-01-29","dayOfWeek":4}
[2026-02-05 16:27:02] DEBUG: Found employee schedule | {"context":"ScheduleResolver","employeeId":43,"isWorkDay":true,"workDays":[1,2,3,4,5]}
[2026-02-05 16:27:02] DEBUG: Resolving schedule | {"context":"ScheduleResolver","employeeId":44,"date":"2026-01-29","dayOfWeek":4}
[2026-02-05 16:27:02] DEBUG: Resolving schedule | {"context":"ScheduleResolver","employeeId":45,"date":"2026-01-29","dayOfWeek":4}
[2026-02-05 16:27:02] DEBUG: Resolving schedule | {"context":"ScheduleResolver","employeeId":46,"date":"2026-01-29","dayOfWeek":4}
[2026-02-05 16:27:02] DEBUG: Resolving schedule | {"context":"ScheduleResolver","employeeId":47,"date":"2026-01-29","dayOfWeek":4}
[2026-02-05 16:27:02] DEBUG: Resolving schedule | {"context":"ScheduleResolver","employeeId":48,"date":"2026-01-29","dayOfWeek":4}
[2026-02-05 16:27:02] DEBUG: Resolving schedule | {"context":"ScheduleResolver","employeeId":49,"date":"2026-01-29","dayOfWeek":4}
[2026-02-05 16:27:02] DEBUG: Resolving schedule | {"context":"ScheduleResolver","employeeId":50,"date":"2026-01-29","dayOfWeek":4}
[2026-02-05 16:27:02] DEBUG: Found department schedule | {"context":"ScheduleResolver","employeeId":50,"departmentId":5,"isWorkDay":true,"workDays":[1,2,3,4,5]}
[2026-02-05 16:27:02] DEBUG: Resolving schedule | {"context":"ScheduleResolver","employeeId":51,"date":"2026-01-29","dayOfWeek":4}
[2026-02-05 16:27:02] DEBUG: Resolving schedule | {"context":"ScheduleResolver","employeeId":52,"date":"2026-01-29","dayOfWeek":4}
[2026-02-05 16:27:02] DEBUG: Resolving schedule | {"context":"ScheduleResolver","employeeId":53,"date":"2026-01-29","dayOfWeek":4}
[2026-02-05 16:27:02] DEBUG: Resolving schedule | {"context":"ScheduleResolver","employeeId":54,"date":"2026-01-29","dayOfWeek":4}
[2026-02-05 16:27:02] DEBUG: Resolving schedule | {"context":"ScheduleResolver","employeeId":55,"date":"2026-01-29","dayOfWeek":4}
[2026-02-05 16:27:02] DEBUG: Found department schedule | {"context":"ScheduleResolver","employeeId":55,"departmentId":5,"isWorkDay":true,"workDays":[1,2,3,4,5]}
[2026-02-05 16:27:02] DEBUG: Resolving schedule | {"context":"ScheduleResolver","employeeId":56,"date":"2026-01-29","dayOfWeek":4}
[2026-02-05 16:27:02] DEBUG: Resolving schedule | {"context":"ScheduleResolver","employeeId":57,"date":"2026-01-29","dayOfWeek":4}
[2026-02-05 16:27:02] DEBUG: Resolving schedule | {"context":"ScheduleResolver","employeeId":58,"date":"2026-01-29","dayOfWeek":4}
[2026-02-05 16:27:02] DEBUG: Found department schedule | {"context":"ScheduleResolver","employeeId":58,"departmentId":5,"isWorkDay":true,"workDays":[1,2,3,4,5]}
[2026-02-05 16:27:02] DEBUG: Resolving schedule | {"context":"ScheduleResolver","employeeId":59,"date":"2026-01-29","dayOfWeek":4}
[2026-02-05 16:27:02] DEBUG: Resolving schedule | {"context":"ScheduleResolver","employeeId":60,"date":"2026-01-29","dayOfWeek":4}
[2026-02-05 16:27:02] DEBUG: Found department schedule | {"context":"ScheduleResolver","employeeId":60,"departmentId":5,"isWorkDay":true,"workDays":[1,2,3,4,5]}
[2026-02-05 16:27:02] DEBUG: Resolving schedule | {"context":"ScheduleResolver","employeeId":61,"date":"2026-01-29","dayOfWeek":4}
[2026-02-05 16:27:02] DEBUG: Resolving schedule | {"context":"ScheduleResolver","employeeId":62,"date":"2026-01-29","dayOfWeek":4}
[2026-02-05 16:27:02] DEBUG: Found department schedule | {"context":"ScheduleResolver","employeeId":62,"departmentId":5,"isWorkDay":true,"workDays":[1,2,3,4,5]}
[2026-02-05 16:27:02] DEBUG: Resolving schedule | {"context":"ScheduleResolver","employeeId":63,"date":"2026-01-29","dayOfWeek":4}
[2026-02-05 16:27:02] DEBUG: Resolving schedule | {"context":"ScheduleResolver","employeeId":64,"date":"2026-01-29","dayOfWeek":4}
[2026-02-05 16:27:02] DEBUG: Resolving schedule | {"context":"ScheduleResolver","employeeId":65,"date":"2026-01-29","dayOfWeek":4}
[2026-02-05 16:27:02] DEBUG: Resolving schedule | {"context":"ScheduleResolver","employeeId":66,"date":"2026-01-29","dayOfWeek":4}
[2026-02-05 16:27:02] DEBUG: Resolving schedule | {"context":"ScheduleResolver","employeeId":67,"date":"2026-01-29","dayOfWeek":4}
[2026-02-05 16:27:02] DEBUG: Resolving schedule | {"context":"ScheduleResolver","employeeId":68,"date":"2026-01-29","dayOfWeek":4}
[2026-02-05 16:27:02] DEBUG: Resolving schedule | {"context":"ScheduleResolver","employeeId":70,"date":"2026-01-29","dayOfWeek":4}
[2026-02-05 16:27:02] DEBUG: Resolving schedule | {"context":"ScheduleResolver","employeeId":71,"date":"2026-01-29","dayOfWeek":4}
[2026-02-05 16:27:02] DEBUG: Found employee schedule | {"context":"ScheduleResolver","employeeId":71,"isWorkDay":true,"workDays":[1,2,3,4,5]}
[2026-02-05 16:27:02] DEBUG: Resolving schedule | {"context":"ScheduleResolver","employeeId":72,"date":"2026-01-29","dayOfWeek":4}
[2026-02-05 16:27:02] DEBUG: Resolving schedule | {"context":"ScheduleResolver","employeeId":73,"date":"2026-01-29","dayOfWeek":4}
[2026-02-05 16:27:02] DEBUG: Resolving schedule | {"context":"ScheduleResolver","employeeId":75,"date":"2026-01-29","dayOfWeek":4}
[2026-02-05 16:27:02] DEBUG: Resolving schedule | {"context":"ScheduleResolver","employeeId":1,"date":"2026-01-30","dayOfWeek":5}
[2026-02-05 16:27:02] DEBUG: Found employee schedule | {"context":"ScheduleResolver","employeeId":1,"isWorkDay":true,"workDays":[1,3,5]}
[2026-02-05 16:27:02] DEBUG: Resolving schedule | {"context":"ScheduleResolver","employeeId":3,"date":"2026-01-30","dayOfWeek":5}
[2026-02-05 16:27:02] DEBUG: Resolving schedule | {"context":"ScheduleResolver","employeeId":4,"date":"2026-01-30","dayOfWeek":5}
[2026-02-05 16:27:02] DEBUG: Resolving schedule | {"context":"ScheduleResolver","employeeId":5,"date":"2026-01-30","dayOfWeek":5}
[2026-02-05 16:27:02] DEBUG: Resolving schedule | {"context":"ScheduleResolver","employeeId":6,"date":"2026-01-30","dayOfWeek":5}
[2026-02-05 16:27:02] DEBUG: Found department schedule | {"context":"ScheduleResolver","employeeId":6,"departmentId":5,"isWorkDay":true,"workDays":[1,2,3,4,5]}
[2026-02-05 16:27:02] DEBUG: Resolving schedule | {"context":"ScheduleResolver","employeeId":10,"date":"2026-01-30","dayOfWeek":5}
[2026-02-05 16:27:02] DEBUG: Resolving schedule | {"context":"ScheduleResolver","employeeId":12,"date":"2026-01-30","dayOfWeek":5}
[2026-02-05 16:27:02] DEBUG: Resolving schedule | {"context":"ScheduleResolver","employeeId":15,"date":"2026-01-30","dayOfWeek":5}
[2026-02-05 16:27:02] DEBUG: Found employee schedule | {"context":"ScheduleResolver","employeeId":15,"isWorkDay":true,"workDays":[1,2,3,4,5]}
[2026-02-05 16:27:02] DEBUG: Resolving schedule | {"context":"ScheduleResolver","employeeId":17,"date":"2026-01-30","dayOfWeek":5}
[2026-02-05 16:27:02] DEBUG: Resolving schedule | {"context":"ScheduleResolver","employeeId":18,"date":"2026-01-30","dayOfWeek":5}
[2026-02-05 16:27:02] DEBUG: Resolving schedule | {"context":"ScheduleResolver","employeeId":19,"date":"2026-01-30","dayOfWeek":5}
[2026-02-05 16:27:02] DEBUG: Resolving schedule | {"context":"ScheduleResolver","employeeId":21,"date":"2026-01-30","dayOfWeek":5}
[2026-02-05 16:27:02] DEBUG: Found department schedule | {"context":"ScheduleResolver","employeeId":21,"departmentId":5,"isWorkDay":true,"workDays":[1,2,3,4,5]}
[2026-02-05 16:27:02] DEBUG: Resolving schedule | {"context":"ScheduleResolver","employeeId":23,"date":"2026-01-30","dayOfWeek":5}
[2026-02-05 16:27:02] DEBUG: Resolving schedule | {"context":"ScheduleResolver","employeeId":24,"date":"2026-01-30","dayOfWeek":5}
[2026-02-05 16:27:02] DEBUG: Resolving schedule | {"context":"ScheduleResolver","employeeId":25,"date":"2026-01-30","dayOfWeek":5}
[2026-02-05 16:27:02] DEBUG: Resolving schedule | {"context":"ScheduleResolver","employeeId":27,"date":"2026-01-30","dayOfWeek":5}
[2026-02-05 16:27:02] DEBUG: Found department schedule | {"context":"ScheduleResolver","employeeId":27,"departmentId":5,"isWorkDay":true,"workDays":[1,2,3,4,5]}
[2026-02-05 16:27:02] DEBUG: Resolving schedule | {"context":"ScheduleResolver","employeeId":28,"date":"2026-01-30","dayOfWeek":5}
[2026-02-05 16:27:02] DEBUG: Found employee schedule | {"context":"ScheduleResolver","employeeId":28,"isWorkDay":true,"workDays":[1,3,5]}
[2026-02-05 16:27:02] DEBUG: Resolving schedule | {"context":"ScheduleResolver","employeeId":29,"date":"2026-01-30","dayOfWeek":5}
[2026-02-05 16:27:02] DEBUG: Found employee schedule | {"context":"ScheduleResolver","employeeId":29,"isWorkDay":true,"workDays":[1,2,3,4,5]}
[2026-02-05 16:27:02] DEBUG: Resolving schedule | {"context":"ScheduleResolver","employeeId":30,"date":"2026-01-30","dayOfWeek":5}
[2026-02-05 16:27:02] DEBUG: Found employee schedule | {"context":"ScheduleResolver","employeeId":30,"isWorkDay":true,"workDays":[1,2,3,4,5]}
[2026-02-05 16:27:02] DEBUG: Resolving schedule | {"context":"ScheduleResolver","employeeId":32,"date":"2026-01-30","dayOfWeek":5}
[2026-02-05 16:27:02] DEBUG: Found department schedule | {"context":"ScheduleResolver","employeeId":32,"departmentId":5,"isWorkDay":true,"workDays":[1,2,3,4,5]}
[2026-02-05 16:27:02] DEBUG: Resolving schedule | {"context":"ScheduleResolver","employeeId":33,"date":"2026-01-30","dayOfWeek":5}
[2026-02-05 16:27:02] DEBUG: Resolving schedule | {"context":"ScheduleResolver","employeeId":34,"date":"2026-01-30","dayOfWeek":5}
[2026-02-05 16:27:02] DEBUG: Found department schedule | {"context":"ScheduleResolver","employeeId":34,"departmentId":5,"isWorkDay":true,"workDays":[1,2,3,4,5]}
[2026-02-05 16:27:02] DEBUG: Resolving schedule | {"context":"ScheduleResolver","employeeId":35,"date":"2026-01-30","dayOfWeek":5}
[2026-02-05 16:27:02] DEBUG: Found department schedule | {"context":"ScheduleResolver","employeeId":35,"departmentId":5,"isWorkDay":true,"workDays":[1,2,3,4,5]}
[2026-02-05 16:27:02] DEBUG: Resolving schedule | {"context":"ScheduleResolver","employeeId":36,"date":"2026-01-30","dayOfWeek":5}
[2026-02-05 16:27:02] DEBUG: Resolving schedule | {"context":"ScheduleResolver","employeeId":38,"date":"2026-01-30","dayOfWeek":5}
[2026-02-05 16:27:02] DEBUG: Resolving schedule | {"context":"ScheduleResolver","employeeId":40,"date":"2026-01-30","dayOfWeek":5}
[2026-02-05 16:27:02] DEBUG: Resolving schedule | {"context":"ScheduleResolver","employeeId":42,"date":"2026-01-30","dayOfWeek":5}
[2026-02-05 16:27:02] DEBUG: Resolving schedule | {"context":"ScheduleResolver","employeeId":43,"date":"2026-01-30","dayOfWeek":5}
[2026-02-05 16:27:02] DEBUG: Found employee schedule | {"context":"ScheduleResolver","employeeId":43,"isWorkDay":true,"workDays":[1,2,3,4,5]}
[2026-02-05 16:27:02] DEBUG: Resolving schedule | {"context":"ScheduleResolver","employeeId":44,"date":"2026-01-30","dayOfWeek":5}
[2026-02-05 16:27:02] DEBUG: Resolving schedule | {"context":"ScheduleResolver","employeeId":45,"date":"2026-01-30","dayOfWeek":5}
[2026-02-05 16:27:02] DEBUG: Resolving schedule | {"context":"ScheduleResolver","employeeId":46,"date":"2026-01-30","dayOfWeek":5}
[2026-02-05 16:27:02] DEBUG: Resolving schedule | {"context":"ScheduleResolver","employeeId":47,"date":"2026-01-30","dayOfWeek":5}
[2026-02-05 16:27:02] DEBUG: Resolving schedule | {"context":"ScheduleResolver","employeeId":48,"date":"2026-01-30","dayOfWeek":5}
[2026-02-05 16:27:02] DEBUG: Resolving schedule | {"context":"ScheduleResolver","employeeId":49,"date":"2026-01-30","dayOfWeek":5}
[2026-02-05 16:27:02] DEBUG: Resolving schedule | {"context":"ScheduleResolver","employeeId":50,"date":"2026-01-30","dayOfWeek":5}
[2026-02-05 16:27:02] DEBUG: Found department schedule | {"context":"ScheduleResolver","employeeId":50,"departmentId":5,"isWorkDay":true,"workDays":[1,2,3,4,5]}
[2026-02-05 16:27:02] DEBUG: Resolving schedule | {"context":"ScheduleResolver","employeeId":51,"date":"2026-01-30","dayOfWeek":5}
[2026-02-05 16:27:02] DEBUG: Resolving schedule | {"context":"ScheduleResolver","employeeId":52,"date":"2026-01-30","dayOfWeek":5}
[2026-02-05 16:27:02] DEBUG: Resolving schedule | {"context":"ScheduleResolver","employeeId":53,"date":"2026-01-30","dayOfWeek":5}
[2026-02-05 16:27:02] DEBUG: Resolving schedule | {"context":"ScheduleResolver","employeeId":54,"date":"2026-01-30","dayOfWeek":5}
[2026-02-05 16:27:02] DEBUG: Resolving schedule | {"context":"ScheduleResolver","employeeId":55,"date":"2026-01-30","dayOfWeek":5}
[2026-02-05 16:27:02] DEBUG: Found department schedule | {"context":"ScheduleResolver","employeeId":55,"departmentId":5,"isWorkDay":true,"workDays":[1,2,3,4,5]}
[2026-02-05 16:27:02] DEBUG: Resolving schedule | {"context":"ScheduleResolver","employeeId":56,"date":"2026-01-30","dayOfWeek":5}
[2026-02-05 16:27:02] DEBUG: Resolving schedule | {"context":"ScheduleResolver","employeeId":57,"date":"2026-01-30","dayOfWeek":5}
[2026-02-05 16:27:02] DEBUG: Resolving schedule | {"context":"ScheduleResolver","employeeId":58,"date":"2026-01-30","dayOfWeek":5}
[2026-02-05 16:27:02] DEBUG: Found department schedule | {"context":"ScheduleResolver","employeeId":58,"departmentId":5,"isWorkDay":true,"workDays":[1,2,3,4,5]}
[2026-02-05 16:27:02] DEBUG: Resolving schedule | {"context":"ScheduleResolver","employeeId":59,"date":"2026-01-30","dayOfWeek":5}
[2026-02-05 16:27:02] DEBUG: Resolving schedule | {"context":"ScheduleResolver","employeeId":60,"date":"2026-01-30","dayOfWeek":5}
[2026-02-05 16:27:02] DEBUG: Found department schedule | {"context":"ScheduleResolver","employeeId":60,"departmentId":5,"isWorkDay":true,"workDays":[1,2,3,4,5]}
[2026-02-05 16:27:02] DEBUG: Resolving schedule | {"context":"ScheduleResolver","employeeId":61,"date":"2026-01-30","dayOfWeek":5}
[2026-02-05 16:27:02] DEBUG: Resolving schedule | {"context":"ScheduleResolver","employeeId":62,"date":"2026-01-30","dayOfWeek":5}
[2026-02-05 16:27:02] DEBUG: Found department schedule | {"context":"ScheduleResolver","employeeId":62,"departmentId":5,"isWorkDay":true,"workDays":[1,2,3,4,5]}
[2026-02-05 16:27:02] DEBUG: Resolving schedule | {"context":"ScheduleResolver","employeeId":63,"date":"2026-01-30","dayOfWeek":5}
[2026-02-05 16:27:02] DEBUG: Resolving schedule | {"context":"ScheduleResolver","employeeId":64,"date":"2026-01-30","dayOfWeek":5}
[2026-02-05 16:27:02] DEBUG: Resolving schedule | {"context":"ScheduleResolver","employeeId":65,"date":"2026-01-30","dayOfWeek":5}
[2026-02-05 16:27:02] DEBUG: Resolving schedule | {"context":"ScheduleResolver","employeeId":66,"date":"2026-01-30","dayOfWeek":5}
[2026-02-05 16:27:02] DEBUG: Resolving schedule | {"context":"ScheduleResolver","employeeId":67,"date":"2026-01-30","dayOfWeek":5}
[2026-02-05 16:27:02] DEBUG: Resolving schedule | {"context":"ScheduleResolver","employeeId":68,"date":"2026-01-30","dayOfWeek":5}
[2026-02-05 16:27:02] DEBUG: Resolving schedule | {"context":"ScheduleResolver","employeeId":71,"date":"2026-01-30","dayOfWeek":5}
[2026-02-05 16:27:02] DEBUG: Found employee schedule | {"context":"ScheduleResolver","employeeId":71,"isWorkDay":true,"workDays":[1,2,3,4,5]}
[2026-02-05 16:27:02] DEBUG: Resolving schedule | {"context":"ScheduleResolver","employeeId":72,"date":"2026-01-30","dayOfWeek":5}
[2026-02-05 16:27:02] DEBUG: Resolving schedule | {"context":"ScheduleResolver","employeeId":73,"date":"2026-01-30","dayOfWeek":5}
[2026-02-05 16:27:02] DEBUG: Resolving schedule | {"context":"ScheduleResolver","employeeId":75,"date":"2026-01-30","dayOfWeek":5}
[2026-02-05 16:27:02] DEBUG: Resolving schedule | {"context":"ScheduleResolver","employeeId":2,"date":"2026-01-31","dayOfWeek":6}
[2026-02-05 16:27:02] DEBUG: Found employee schedule | {"context":"ScheduleResolver","employeeId":2,"isWorkDay":true,"workDays":[2,4,6]}
[2026-02-05 16:27:02] DEBUG: Resolving schedule | {"context":"ScheduleResolver","employeeId":70,"date":"2026-01-31","dayOfWeek":6}
[2026-02-05 16:27:02] INFO: Time records recalculation completed | {"context":"ScheduleResolver","dateFrom":"2026-01-01","dateTo":"2026-01-31","updatedCount":1099}
[2026-02-05 16:27:02] INFO: POST /recalculate | {"status":200,"duration":"748ms"}
[2026-02-05 16:27:02] INFO: Starting violation calculation | {"context":"ViolationsAPI","year":2026,"month":1}
[2026-02-05 16:27:02] INFO: Starting monthly violation calculation | {"context":"ViolationCalculator","year":2026,"month":1}
[2026-02-05 16:27:02] INFO: Monthly violation calculation completed | {"context":"ViolationCalculator","year":2026,"month":1,"processedCount":75}
[2026-02-05 16:27:02] INFO: POST /calculate | {"status":200,"duration":"38ms"}
[2026-02-05 16:27:02] INFO: GET /report | {"status":200,"duration":"1ms","query":{"year":"2026","month":"1","sortBy":"violation_count","sortOrder":"desc"}}
[2026-02-05 16:27:03] INFO: GET / | {"status":304,"duration":"1ms"}
[2026-02-05 16:27:03] INFO: GET / | {"status":304,"duration":"2ms"}
[2026-02-05 16:27:03] INFO: GET / | {"status":304,"duration":"1ms"}
[2026-02-05 16:27:03] INFO: GET / | {"status":304,"duration":"1ms"}
[2026-02-05 16:27:03] INFO: GET / | {"status":304,"duration":"1ms","query":{"limit":"1000"}}
[2026-02-05 16:27:03] INFO: GET / | {"status":304,"duration":"2ms","query":{"limit":"1000"}}
[2026-02-05 16:27:03] INFO: GET /exceptions/list | {"status":304,"duration":"0ms"}
[2026-02-05 16:27:03] INFO: GET /exceptions/list | {"status":304,"duration":"0ms"}
[2026-02-05 16:27:03] INFO: GET /calculation | {"status":304,"duration":"1ms"}
[2026-02-05 16:27:03] INFO: GET /calculation | {"status":304,"duration":"0ms"}
[2026-02-05 16:27:47] INFO: GET / | {"status":304,"duration":"0ms"}
[2026-02-05 16:27:47] INFO: GET / | {"status":304,"duration":"1ms"}
[2026-02-05 16:27:47] INFO: GET /report | {"status":304,"duration":"1ms","query":{"year":"2026","month":"2","sortBy":"violation_count","sortOrder":"desc"}}
[2026-02-05 16:27:47] INFO: GET /report | {"status":304,"duration":"1ms","query":{"year":"2026","month":"2","sortBy":"violation_count","sortOrder":"desc"}}
[2026-02-05 16:27:48] INFO: Compensation records fetched | {"context":"CompensationAPI","count":0,"year":"2026","month":"2"}
[2026-02-05 16:27:48] INFO: GET / | {"status":304,"duration":"1ms","query":{"year":"2026","month":"2"}}
[2026-02-05 16:27:48] INFO: Compensation records fetched | {"context":"CompensationAPI","count":0,"year":"2026","month":"2"}
[2026-02-05 16:27:48] INFO: GET / | {"status":304,"duration":"1ms","query":{"year":"2026","month":"2"}}
[2026-02-05 16:27:50] INFO: Compensation records fetched | {"context":"CompensationAPI","count":0,"year":"2026","month":"1"}
[2026-02-05 16:27:50] INFO: GET / | {"status":200,"duration":"1ms","query":{"year":"2026","month":"1"}}
[2026-02-05 16:29:16] INFO: Starting compensation import | {"context":"CompensationAPI","fileName":"KPI_Maosh_Shablon (7).xlsx","year":"2026","month":"1","size":12543}
[2026-02-05 16:29:16] INFO: Compensation import completed | {"context":"CompensationAPI","imported":75,"updated":0,"errors":0}
[2026-02-05 16:29:16] INFO: POST /import | {"status":200,"duration":"75ms"}
[2026-02-05 16:29:16] INFO: Compensation records fetched | {"context":"CompensationAPI","count":75,"year":"2026","month":"1"}
[2026-02-05 16:29:16] INFO: GET / | {"status":200,"duration":"2ms","query":{"year":"2026","month":"1"}}
[2026-02-05 16:41:29] INFO: GET / | {"status":304,"duration":"1ms"}
[2026-02-05 16:41:29] INFO: GET /report | {"status":304,"duration":"1ms","query":{"year":"2026","month":"2","sortBy":"violation_count","sortOrder":"desc"}}
[2026-02-05 16:41:29] INFO: GET / | {"status":304,"duration":"0ms"}
[2026-02-05 16:41:29] INFO: GET /report | {"status":304,"duration":"1ms","query":{"year":"2026","month":"2","sortBy":"violation_count","sortOrder":"desc"}}
[2026-02-05 16:53:09] INFO: GET / | {"status":200,"duration":"0ms"}
[2026-02-05 16:53:09] INFO: GET / | {"status":304,"duration":"0ms"}
[2026-02-05 16:53:09] INFO: GET / | {"status":200,"duration":"1ms"}
[2026-02-05 16:53:09] INFO: GET / | {"status":304,"duration":"0ms"}
[2026-02-05 16:53:09] INFO: GET / | {"status":200,"duration":"1ms","query":{"limit":"1000"}}
[2026-02-05 16:53:09] INFO: GET / | {"status":304,"duration":"1ms","query":{"limit":"1000"}}
[2026-02-05 16:53:09] INFO: GET /exceptions/list | {"status":200,"duration":"1ms"}
[2026-02-05 16:53:09] INFO: GET /exceptions/list | {"status":304,"duration":"1ms"}
[2026-02-05 16:53:09] INFO: GET /calculation | {"status":200,"duration":"0ms"}
[2026-02-05 16:53:09] INFO: GET /calculation | {"status":304,"duration":"1ms"}
[2026-02-05 16:53:12] INFO: GET / | {"status":304,"duration":"0ms"}
[2026-02-05 16:53:12] INFO: GET /report | {"status":200,"duration":"0ms","query":{"year":"2026","month":"2","sortBy":"violation_count","sortOrder":"desc"}}
[2026-02-05 16:53:12] INFO: GET / | {"status":304,"duration":"0ms"}
[2026-02-05 16:53:12] INFO: GET /report | {"status":304,"duration":"1ms","query":{"year":"2026","month":"2","sortBy":"violation_count","sortOrder":"desc"}}
[2026-02-05 16:53:14] INFO: GET /report | {"status":200,"duration":"1ms","query":{"year":"2026","month":"1","sortBy":"violation_count","sortOrder":"desc"}}
[2026-02-05 16:53:16] INFO: GET / | {"status":304,"duration":"1ms"}
[2026-02-05 16:53:16] INFO: GET / | {"status":304,"duration":"1ms"}
[2026-02-05 16:53:16] INFO: GET / | {"status":304,"duration":"0ms"}
[2026-02-05 16:53:16] INFO: GET / | {"status":304,"duration":"0ms"}
[2026-02-05 16:53:16] INFO: GET / | {"status":304,"duration":"0ms","query":{"limit":"1000"}}
[2026-02-05 16:53:16] INFO: GET / | {"status":304,"duration":"1ms","query":{"limit":"1000"}}
[2026-02-05 16:53:16] INFO: GET /exceptions/list | {"status":304,"duration":"0ms"}
[2026-02-05 16:53:16] INFO: GET /exceptions/list | {"status":304,"duration":"1ms"}
[2026-02-05 16:53:16] INFO: GET /calculation | {"status":304,"duration":"1ms"}
[2026-02-05 16:53:16] INFO: GET /calculation | {"status":304,"duration":"0ms"}
[2026-02-05 16:53:21] INFO: GET / | {"status":304,"duration":"0ms"}
[2026-02-05 16:53:21] INFO: GET /report | {"status":304,"duration":"1ms","query":{"year":"2026","month":"2","sortBy":"violation_count","sortOrder":"desc"}}
[2026-02-05 16:53:21] INFO: GET / | {"status":304,"duration":"0ms"}
[2026-02-05 16:53:21] INFO: GET /report | {"status":304,"duration":"0ms","query":{"year":"2026","month":"2","sortBy":"violation_count","sortOrder":"desc"}}
[2026-02-05 16:53:22] INFO: GET / | {"status":304,"duration":"1ms"}
[2026-02-05 16:53:22] INFO: GET / | {"status":304,"duration":"1ms"}
[2026-02-05 16:53:22] INFO: GET / | {"status":304,"duration":"0ms"}
[2026-02-05 16:53:22] INFO: GET / | {"status":304,"duration":"1ms"}
[2026-02-05 16:53:22] INFO: GET / | {"status":304,"duration":"0ms","query":{"limit":"1000"}}
[2026-02-05 16:53:22] INFO: GET / | {"status":304,"duration":"0ms","query":{"limit":"1000"}}
[2026-02-05 16:53:22] INFO: GET /exceptions/list | {"status":304,"duration":"1ms"}
[2026-02-05 16:53:22] INFO: GET /exceptions/list | {"status":304,"duration":"0ms"}
[2026-02-05 16:53:22] INFO: GET /calculation | {"status":304,"duration":"0ms"}
[2026-02-05 16:53:22] INFO: GET /calculation | {"status":304,"duration":"0ms"}
[2026-02-05 16:53:25] INFO: GET / | {"status":304,"duration":"1ms"}
[2026-02-05 16:53:25] INFO: GET /report | {"status":304,"duration":"1ms","query":{"year":"2026","month":"2","sortBy":"violation_count","sortOrder":"desc"}}
[2026-02-05 16:53:25] INFO: GET / | {"status":304,"duration":"0ms"}
[2026-02-05 16:53:25] INFO: GET /report | {"status":304,"duration":"1ms","query":{"year":"2026","month":"2","sortBy":"violation_count","sortOrder":"desc"}}
[2026-02-05 16:53:28] INFO: Compensation records fetched | {"context":"CompensationAPI","count":0,"year":"2026","month":"2"}
[2026-02-05 16:53:28] INFO: GET / | {"status":200,"duration":"1ms","query":{"year":"2026","month":"2"}}
[2026-02-05 16:53:28] INFO: Compensation records fetched | {"context":"CompensationAPI","count":0,"year":"2026","month":"2"}
[2026-02-05 16:53:28] INFO: GET / | {"status":304,"duration":"1ms","query":{"year":"2026","month":"2"}}
[2026-02-05 16:53:32] INFO: Compensation records fetched | {"context":"CompensationAPI","count":75,"year":"2026","month":"1"}
[2026-02-05 16:53:32] INFO: GET / | {"status":200,"duration":"2ms","query":{"year":"2026","month":"1"}}
[2026-02-05 16:55:31] INFO: GET / | {"status":304,"duration":"1ms"}
[2026-02-05 16:55:31] INFO: GET / | {"status":304,"duration":"1ms"}
[2026-02-05 16:55:31] INFO: GET / | {"status":304,"duration":"0ms"}
[2026-02-05 16:55:31] INFO: GET / | {"status":304,"duration":"0ms"}
[2026-02-05 16:55:31] INFO: GET / | {"status":304,"duration":"0ms","query":{"limit":"1000"}}
[2026-02-05 16:55:31] INFO: GET / | {"status":304,"duration":"0ms","query":{"limit":"1000"}}
[2026-02-05 16:55:31] INFO: GET /exceptions/list | {"status":304,"duration":"1ms"}
[2026-02-05 16:55:31] INFO: GET /exceptions/list | {"status":304,"duration":"0ms"}
[2026-02-05 16:55:31] INFO: GET /calculation | {"status":304,"duration":"0ms"}
[2026-02-05 16:55:31] INFO: GET /calculation | {"status":304,"duration":"1ms"}
[2026-02-05 16:55:32] INFO: GET / | {"status":304,"duration":"0ms"}
[2026-02-05 16:55:32] INFO: GET /report | {"status":304,"duration":"0ms","query":{"year":"2026","month":"2","sortBy":"violation_count","sortOrder":"desc"}}
[2026-02-05 16:55:32] INFO: GET / | {"status":304,"duration":"0ms"}
[2026-02-05 16:55:32] INFO: GET /report | {"status":304,"duration":"1ms","query":{"year":"2026","month":"2","sortBy":"violation_count","sortOrder":"desc"}}
[2026-02-05 16:55:34] INFO: GET /report | {"status":304,"duration":"1ms","query":{"year":"2026","month":"1","sortBy":"violation_count","sortOrder":"desc"}}
[2026-02-05 16:55:35] INFO: Compensation records fetched | {"context":"CompensationAPI","count":0,"year":"2026","month":"2"}
[2026-02-05 16:55:35] INFO: GET / | {"status":304,"duration":"1ms","query":{"year":"2026","month":"2"}}
[2026-02-05 16:55:35] INFO: Compensation records fetched | {"context":"CompensationAPI","count":0,"year":"2026","month":"2"}
[2026-02-05 16:55:35] INFO: GET / | {"status":304,"duration":"0ms","query":{"year":"2026","month":"2"}}
