[2026-02-06 07:43:01] DEBUG: Skipping non-work day | {"context":"ViolationCalculator","employeeId":39,"date":"2026-01-11"}
[2026-02-06 07:43:01] DEBUG: Resolving schedule | {"context":"ScheduleResolver","employeeId":39,"date":"2026-01-12","dayOfWeek":1}
[2026-02-06 07:43:01] DEBUG: Employee schedule lookup | {"context":"ScheduleResolver","employeeId":39,"date":"2026-01-12","hasAnySchedule":false,"foundValidSchedule":false}
[2026-02-06 07:43:01] DEBUG: Department schedule lookup | {"context":"ScheduleResolver","employeeId":39,"departmentId":3,"date":"2026-01-12","hasAnySchedule":false,"foundValidSchedule":false}
[2026-02-06 07:43:01] DEBUG: Schedule for date | {"context":"ViolationCalculator","employeeId":39,"date":"2026-01-12","isWorkDay":true,"workStart":"09:00","workEnd":"18:00"}
[2026-02-06 07:43:01] DEBUG: Both times present - calculated late/early | {"context":"ViolationCalculator","employeeId":39,"date":"2026-01-12","checkIn":"09:00","checkOut":"17:56","lateMinutes":0,"earlyMinutes":4}
[2026-02-06 07:43:01] DEBUG: Resolving schedule | {"context":"ScheduleResolver","employeeId":39,"date":"2026-01-13","dayOfWeek":2}
[2026-02-06 07:43:01] DEBUG: Employee schedule lookup | {"context":"ScheduleResolver","employeeId":39,"date":"2026-01-13","hasAnySchedule":false,"foundValidSchedule":false}
[2026-02-06 07:43:01] DEBUG: Department schedule lookup | {"context":"ScheduleResolver","employeeId":39,"departmentId":3,"date":"2026-01-13","hasAnySchedule":false,"foundValidSchedule":false}
[2026-02-06 07:43:01] DEBUG: Schedule for date | {"context":"ViolationCalculator","employeeId":39,"date":"2026-01-13","isWorkDay":true,"workStart":"09:00","workEnd":"18:00"}
[2026-02-06 07:43:01] DEBUG: Both times present - calculated late/early | {"context":"ViolationCalculator","employeeId":39,"date":"2026-01-13","checkIn":"09:04","checkOut":"17:58","lateMinutes":0,"earlyMinutes":2}
[2026-02-06 07:43:01] DEBUG: Resolving schedule | {"context":"ScheduleResolver","employeeId":39,"date":"2026-01-14","dayOfWeek":3}
[2026-02-06 07:43:01] DEBUG: Employee schedule lookup | {"context":"ScheduleResolver","employeeId":39,"date":"2026-01-14","hasAnySchedule":false,"foundValidSchedule":false}
[2026-02-06 07:43:01] DEBUG: Department schedule lookup | {"context":"ScheduleResolver","employeeId":39,"departmentId":3,"date":"2026-01-14","hasAnySchedule":false,"foundValidSchedule":false}
[2026-02-06 07:43:01] DEBUG: Schedule for date | {"context":"ViolationCalculator","employeeId":39,"date":"2026-01-14","isWorkDay":true,"workStart":"09:00","workEnd":"18:00"}
[2026-02-06 07:43:01] DEBUG: Both times present - calculated late/early | {"context":"ViolationCalculator","employeeId":39,"date":"2026-01-14","checkIn":"09:09","checkOut":"17:56","lateMinutes":4,"earlyMinutes":4}
[2026-02-06 07:43:01] DEBUG: Resolving schedule | {"context":"ScheduleResolver","employeeId":39,"date":"2026-01-15","dayOfWeek":4}
[2026-02-06 07:43:01] DEBUG: Employee schedule lookup | {"context":"ScheduleResolver","employeeId":39,"date":"2026-01-15","hasAnySchedule":false,"foundValidSchedule":false}
[2026-02-06 07:43:01] DEBUG: Department schedule lookup | {"context":"ScheduleResolver","employeeId":39,"departmentId":3,"date":"2026-01-15","hasAnySchedule":false,"foundValidSchedule":false}
[2026-02-06 07:43:01] DEBUG: Schedule for date | {"context":"ViolationCalculator","employeeId":39,"date":"2026-01-15","isWorkDay":true,"workStart":"09:00","workEnd":"18:00"}
[2026-02-06 07:43:01] DEBUG: Both times present - calculated late/early | {"context":"ViolationCalculator","employeeId":39,"date":"2026-01-15","checkIn":"09:00","checkOut":"17:57","lateMinutes":0,"earlyMinutes":3}
[2026-02-06 07:43:01] DEBUG: Resolving schedule | {"context":"ScheduleResolver","employeeId":39,"date":"2026-01-16","dayOfWeek":5}
[2026-02-06 07:43:01] DEBUG: Employee schedule lookup | {"context":"ScheduleResolver","employeeId":39,"date":"2026-01-16","hasAnySchedule":false,"foundValidSchedule":false}
[2026-02-06 07:43:01] DEBUG: Department schedule lookup | {"context":"ScheduleResolver","employeeId":39,"departmentId":3,"date":"2026-01-16","hasAnySchedule":false,"foundValidSchedule":false}
[2026-02-06 07:43:01] DEBUG: Schedule for date | {"context":"ViolationCalculator","employeeId":39,"date":"2026-01-16","isWorkDay":true,"workStart":"09:00","workEnd":"18:00"}
[2026-02-06 07:43:01] DEBUG: Both times present - calculated late/early | {"context":"ViolationCalculator","employeeId":39,"date":"2026-01-16","checkIn":"09:17","checkOut":"17:57","lateMinutes":12,"earlyMinutes":3}
[2026-02-06 07:43:01] DEBUG: Resolving schedule | {"context":"ScheduleResolver","employeeId":39,"date":"2026-01-17","dayOfWeek":6}
[2026-02-06 07:43:01] DEBUG: Employee schedule lookup | {"context":"ScheduleResolver","employeeId":39,"date":"2026-01-17","hasAnySchedule":false,"foundValidSchedule":false}
[2026-02-06 07:43:01] DEBUG: Department schedule lookup | {"context":"ScheduleResolver","employeeId":39,"departmentId":3,"date":"2026-01-17","hasAnySchedule":false,"foundValidSchedule":false}
[2026-02-06 07:43:01] DEBUG: Schedule for date | {"context":"ViolationCalculator","employeeId":39,"date":"2026-01-17","isWorkDay":false,"workStart":"09:00","workEnd":"18:00"}
[2026-02-06 07:43:01] DEBUG: Skipping non-work day | {"context":"ViolationCalculator","employeeId":39,"date":"2026-01-17"}
[2026-02-06 07:43:01] DEBUG: Resolving schedule | {"context":"ScheduleResolver","employeeId":39,"date":"2026-01-18","dayOfWeek":7}
[2026-02-06 07:43:01] DEBUG: Employee schedule lookup | {"context":"ScheduleResolver","employeeId":39,"date":"2026-01-18","hasAnySchedule":false,"foundValidSchedule":false}
[2026-02-06 07:43:01] DEBUG: Department schedule lookup | {"context":"ScheduleResolver","employeeId":39,"departmentId":3,"date":"2026-01-18","hasAnySchedule":false,"foundValidSchedule":false}
[2026-02-06 07:43:01] DEBUG: Schedule for date | {"context":"ViolationCalculator","employeeId":39,"date":"2026-01-18","isWorkDay":false,"workStart":"09:00","workEnd":"18:00"}
[2026-02-06 07:43:01] DEBUG: Skipping non-work day | {"context":"ViolationCalculator","employeeId":39,"date":"2026-01-18"}
[2026-02-06 07:43:01] DEBUG: Resolving schedule | {"context":"ScheduleResolver","employeeId":39,"date":"2026-01-19","dayOfWeek":1}
[2026-02-06 07:43:01] DEBUG: Employee schedule lookup | {"context":"ScheduleResolver","employeeId":39,"date":"2026-01-19","hasAnySchedule":false,"foundValidSchedule":false}
[2026-02-06 07:43:01] DEBUG: Department schedule lookup | {"context":"ScheduleResolver","employeeId":39,"departmentId":3,"date":"2026-01-19","hasAnySchedule":false,"foundValidSchedule":false}
[2026-02-06 07:43:01] DEBUG: Schedule for date | {"context":"ViolationCalculator","employeeId":39,"date":"2026-01-19","isWorkDay":true,"workStart":"09:00","workEnd":"18:00"}
[2026-02-06 07:43:01] DEBUG: Both times present - calculated late/early | {"context":"ViolationCalculator","employeeId":39,"date":"2026-01-19","checkIn":"09:00","checkOut":"17:57","lateMinutes":0,"earlyMinutes":3}
[2026-02-06 07:43:01] DEBUG: Resolving schedule | {"context":"ScheduleResolver","employeeId":39,"date":"2026-01-20","dayOfWeek":2}
[2026-02-06 07:43:01] DEBUG: Employee schedule lookup | {"context":"ScheduleResolver","employeeId":39,"date":"2026-01-20","hasAnySchedule":false,"foundValidSchedule":false}
[2026-02-06 07:43:01] DEBUG: Department schedule lookup | {"context":"ScheduleResolver","employeeId":39,"departmentId":3,"date":"2026-01-20","hasAnySchedule":false,"foundValidSchedule":false}
[2026-02-06 07:43:01] DEBUG: Schedule for date | {"context":"ViolationCalculator","employeeId":39,"date":"2026-01-20","isWorkDay":true,"workStart":"09:00","workEnd":"18:00"}
[2026-02-06 07:43:01] DEBUG: Both times present - calculated late/early | {"context":"ViolationCalculator","employeeId":39,"date":"2026-01-20","checkIn":"09:00","checkOut":"17:58","lateMinutes":0,"earlyMinutes":2}
[2026-02-06 07:43:01] DEBUG: Resolving schedule | {"context":"ScheduleResolver","employeeId":39,"date":"2026-01-21","dayOfWeek":3}
[2026-02-06 07:43:01] DEBUG: Employee schedule lookup | {"context":"ScheduleResolver","employeeId":39,"date":"2026-01-21","hasAnySchedule":false,"foundValidSchedule":false}
[2026-02-06 07:43:01] DEBUG: Department schedule lookup | {"context":"ScheduleResolver","employeeId":39,"departmentId":3,"date":"2026-01-21","hasAnySchedule":false,"foundValidSchedule":false}
[2026-02-06 07:43:01] DEBUG: Schedule for date | {"context":"ViolationCalculator","employeeId":39,"date":"2026-01-21","isWorkDay":true,"workStart":"09:00","workEnd":"18:00"}
[2026-02-06 07:43:01] DEBUG: Both times present - calculated late/early | {"context":"ViolationCalculator","employeeId":39,"date":"2026-01-21","checkIn":"09:00","checkOut":"17:56","lateMinutes":0,"earlyMinutes":4}
[2026-02-06 07:43:01] DEBUG: Resolving schedule | {"context":"ScheduleResolver","employeeId":39,"date":"2026-01-22","dayOfWeek":4}
[2026-02-06 07:43:01] DEBUG: Employee schedule lookup | {"context":"ScheduleResolver","employeeId":39,"date":"2026-01-22","hasAnySchedule":false,"foundValidSchedule":false}
[2026-02-06 07:43:01] DEBUG: Department schedule lookup | {"context":"ScheduleResolver","employeeId":39,"departmentId":3,"date":"2026-01-22","hasAnySchedule":false,"foundValidSchedule":false}
[2026-02-06 07:43:01] DEBUG: Schedule for date | {"context":"ViolationCalculator","employeeId":39,"date":"2026-01-22","isWorkDay":true,"workStart":"09:00","workEnd":"18:00"}
[2026-02-06 07:43:01] DEBUG: Both times present - calculated late/early | {"context":"ViolationCalculator","employeeId":39,"date":"2026-01-22","checkIn":"08:59","checkOut":"16:59","lateMinutes":0,"earlyMinutes":61}
[2026-02-06 07:43:01] DEBUG: Resolving schedule | {"context":"ScheduleResolver","employeeId":39,"date":"2026-01-23","dayOfWeek":5}
[2026-02-06 07:43:01] DEBUG: Employee schedule lookup | {"context":"ScheduleResolver","employeeId":39,"date":"2026-01-23","hasAnySchedule":false,"foundValidSchedule":false}
[2026-02-06 07:43:01] DEBUG: Department schedule lookup | {"context":"ScheduleResolver","employeeId":39,"departmentId":3,"date":"2026-01-23","hasAnySchedule":false,"foundValidSchedule":false}
[2026-02-06 07:43:01] DEBUG: Schedule for date | {"context":"ViolationCalculator","employeeId":39,"date":"2026-01-23","isWorkDay":true,"workStart":"09:00","workEnd":"18:00"}
[2026-02-06 07:43:01] DEBUG: Both times present - calculated late/early | {"context":"ViolationCalculator","employeeId":39,"date":"2026-01-23","checkIn":"09:00","checkOut":"17:58","lateMinutes":0,"earlyMinutes":2}
[2026-02-06 07:43:01] DEBUG: Resolving schedule | {"context":"ScheduleResolver","employeeId":39,"date":"2026-01-24","dayOfWeek":6}
[2026-02-06 07:43:01] DEBUG: Employee schedule lookup | {"context":"ScheduleResolver","employeeId":39,"date":"2026-01-24","hasAnySchedule":false,"foundValidSchedule":false}
[2026-02-06 07:43:01] DEBUG: Department schedule lookup | {"context":"ScheduleResolver","employeeId":39,"departmentId":3,"date":"2026-01-24","hasAnySchedule":false,"foundValidSchedule":false}
[2026-02-06 07:43:01] DEBUG: Schedule for date | {"context":"ViolationCalculator","employeeId":39,"date":"2026-01-24","isWorkDay":false,"workStart":"09:00","workEnd":"18:00"}
[2026-02-06 07:43:01] DEBUG: Skipping non-work day | {"context":"ViolationCalculator","employeeId":39,"date":"2026-01-24"}
[2026-02-06 07:43:01] DEBUG: Resolving schedule | {"context":"ScheduleResolver","employeeId":39,"date":"2026-01-25","dayOfWeek":7}
[2026-02-06 07:43:01] DEBUG: Employee schedule lookup | {"context":"ScheduleResolver","employeeId":39,"date":"2026-01-25","hasAnySchedule":false,"foundValidSchedule":false}
[2026-02-06 07:43:01] DEBUG: Department schedule lookup | {"context":"ScheduleResolver","employeeId":39,"departmentId":3,"date":"2026-01-25","hasAnySchedule":false,"foundValidSchedule":false}
[2026-02-06 07:43:01] DEBUG: Schedule for date | {"context":"ViolationCalculator","employeeId":39,"date":"2026-01-25","isWorkDay":false,"workStart":"09:00","workEnd":"18:00"}
[2026-02-06 07:43:01] DEBUG: Skipping non-work day | {"context":"ViolationCalculator","employeeId":39,"date":"2026-01-25"}
[2026-02-06 07:43:01] DEBUG: Resolving schedule | {"context":"ScheduleResolver","employeeId":39,"date":"2026-01-26","dayOfWeek":1}
[2026-02-06 07:43:01] DEBUG: Employee schedule lookup | {"context":"ScheduleResolver","employeeId":39,"date":"2026-01-26","hasAnySchedule":false,"foundValidSchedule":false}
[2026-02-06 07:43:01] DEBUG: Department schedule lookup | {"context":"ScheduleResolver","employeeId":39,"departmentId":3,"date":"2026-01-26","hasAnySchedule":false,"foundValidSchedule":false}
[2026-02-06 07:43:01] DEBUG: Schedule for date | {"context":"ViolationCalculator","employeeId":39,"date":"2026-01-26","isWorkDay":true,"workStart":"09:00","workEnd":"18:00"}
[2026-02-06 07:43:01] DEBUG: Both times present - calculated late/early | {"context":"ViolationCalculator","employeeId":39,"date":"2026-01-26","checkIn":"09:00","checkOut":"17:56","lateMinutes":0,"earlyMinutes":4}
[2026-02-06 07:43:01] DEBUG: Resolving schedule | {"context":"ScheduleResolver","employeeId":39,"date":"2026-01-27","dayOfWeek":2}
[2026-02-06 07:43:01] DEBUG: Employee schedule lookup | {"context":"ScheduleResolver","employeeId":39,"date":"2026-01-27","hasAnySchedule":false,"foundValidSchedule":false}
[2026-02-06 07:43:01] DEBUG: Department schedule lookup | {"context":"ScheduleResolver","employeeId":39,"departmentId":3,"date":"2026-01-27","hasAnySchedule":false,"foundValidSchedule":false}
[2026-02-06 07:43:01] DEBUG: Schedule for date | {"context":"ViolationCalculator","employeeId":39,"date":"2026-01-27","isWorkDay":true,"workStart":"09:00","workEnd":"18:00"}
[2026-02-06 07:43:01] DEBUG: Both times present - calculated late/early | {"context":"ViolationCalculator","employeeId":39,"date":"2026-01-27","checkIn":"09:00","checkOut":"17:56","lateMinutes":0,"earlyMinutes":4}
[2026-02-06 07:43:01] DEBUG: Resolving schedule | {"context":"ScheduleResolver","employeeId":39,"date":"2026-01-28","dayOfWeek":3}
[2026-02-06 07:43:01] DEBUG: Employee schedule lookup | {"context":"ScheduleResolver","employeeId":39,"date":"2026-01-28","hasAnySchedule":false,"foundValidSchedule":false}
[2026-02-06 07:43:01] DEBUG: Department schedule lookup | {"context":"ScheduleResolver","employeeId":39,"departmentId":3,"date":"2026-01-28","hasAnySchedule":false,"foundValidSchedule":false}
[2026-02-06 07:43:01] DEBUG: Schedule for date | {"context":"ViolationCalculator","employeeId":39,"date":"2026-01-28","isWorkDay":true,"workStart":"09:00","workEnd":"18:00"}
[2026-02-06 07:43:01] DEBUG: Both times present - calculated late/early | {"context":"ViolationCalculator","employeeId":39,"date":"2026-01-28","checkIn":"08:42","checkOut":"16:57","lateMinutes":0,"earlyMinutes":63}
[2026-02-06 07:43:01] DEBUG: Resolving schedule | {"context":"ScheduleResolver","employeeId":39,"date":"2026-01-29","dayOfWeek":4}
[2026-02-06 07:43:01] DEBUG: Employee schedule lookup | {"context":"ScheduleResolver","employeeId":39,"date":"2026-01-29","hasAnySchedule":false,"foundValidSchedule":false}
[2026-02-06 07:43:01] DEBUG: Department schedule lookup | {"context":"ScheduleResolver","employeeId":39,"departmentId":3,"date":"2026-01-29","hasAnySchedule":false,"foundValidSchedule":false}
[2026-02-06 07:43:01] DEBUG: Schedule for date | {"context":"ViolationCalculator","employeeId":39,"date":"2026-01-29","isWorkDay":true,"workStart":"09:00","workEnd":"18:00"}
[2026-02-06 07:43:01] DEBUG: Both times present - calculated late/early | {"context":"ViolationCalculator","employeeId":39,"date":"2026-01-29","checkIn":"09:08","checkOut":"17:56","lateMinutes":3,"earlyMinutes":4}
[2026-02-06 07:43:01] DEBUG: Resolving schedule | {"context":"ScheduleResolver","employeeId":39,"date":"2026-01-30","dayOfWeek":5}
[2026-02-06 07:43:01] DEBUG: Employee schedule lookup | {"context":"ScheduleResolver","employeeId":39,"date":"2026-01-30","hasAnySchedule":false,"foundValidSchedule":false}
[2026-02-06 07:43:01] DEBUG: Department schedule lookup | {"context":"ScheduleResolver","employeeId":39,"departmentId":3,"date":"2026-01-30","hasAnySchedule":false,"foundValidSchedule":false}
[2026-02-06 07:43:01] DEBUG: Schedule for date | {"context":"ViolationCalculator","employeeId":39,"date":"2026-01-30","isWorkDay":true,"workStart":"09:00","workEnd":"18:00"}
[2026-02-06 07:43:01] DEBUG: Both times present - calculated late/early | {"context":"ViolationCalculator","employeeId":39,"date":"2026-01-30","checkIn":"09:00","checkOut":"17:59","lateMinutes":0,"earlyMinutes":1}
[2026-02-06 07:43:01] DEBUG: Resolving schedule | {"context":"ScheduleResolver","employeeId":39,"date":"2026-01-31","dayOfWeek":6}
[2026-02-06 07:43:01] DEBUG: Employee schedule lookup | {"context":"ScheduleResolver","employeeId":39,"date":"2026-01-31","hasAnySchedule":false,"foundValidSchedule":false}
[2026-02-06 07:43:01] DEBUG: Department schedule lookup | {"context":"ScheduleResolver","employeeId":39,"departmentId":3,"date":"2026-01-31","hasAnySchedule":false,"foundValidSchedule":false}
[2026-02-06 07:43:01] DEBUG: Schedule for date | {"context":"ViolationCalculator","employeeId":39,"date":"2026-01-31","isWorkDay":false,"workStart":"09:00","workEnd":"18:00"}
[2026-02-06 07:43:01] DEBUG: Skipping non-work day | {"context":"ViolationCalculator","employeeId":39,"date":"2026-01-31"}
[2026-02-06 07:43:01] DEBUG: Resolving schedule | {"context":"ScheduleResolver","employeeId":40,"date":"2026-01-10","dayOfWeek":6}
[2026-02-06 07:43:01] DEBUG: Employee schedule lookup | {"context":"ScheduleResolver","employeeId":40,"date":"2026-01-10","hasAnySchedule":false,"foundValidSchedule":false}
[2026-02-06 07:43:01] DEBUG: Department schedule lookup | {"context":"ScheduleResolver","employeeId":40,"departmentId":5,"date":"2026-01-10","hasAnySchedule":false,"foundValidSchedule":false}
[2026-02-06 07:43:01] DEBUG: Schedule for date | {"context":"ViolationCalculator","employeeId":40,"date":"2026-01-10","isWorkDay":false,"workStart":"09:00","workEnd":"18:00"}
[2026-02-06 07:43:01] DEBUG: Skipping non-work day | {"context":"ViolationCalculator","employeeId":40,"date":"2026-01-10"}
[2026-02-06 07:43:01] DEBUG: Resolving schedule | {"context":"ScheduleResolver","employeeId":40,"date":"2026-01-11","dayOfWeek":7}
[2026-02-06 07:43:01] DEBUG: Employee schedule lookup | {"context":"ScheduleResolver","employeeId":40,"date":"2026-01-11","hasAnySchedule":false,"foundValidSchedule":false}
[2026-02-06 07:43:01] DEBUG: Department schedule lookup | {"context":"ScheduleResolver","employeeId":40,"departmentId":5,"date":"2026-01-11","hasAnySchedule":false,"foundValidSchedule":false}
[2026-02-06 07:43:01] DEBUG: Schedule for date | {"context":"ViolationCalculator","employeeId":40,"date":"2026-01-11","isWorkDay":false,"workStart":"09:00","workEnd":"18:00"}
[2026-02-06 07:43:01] DEBUG: Skipping non-work day | {"context":"ViolationCalculator","employeeId":40,"date":"2026-01-11"}
[2026-02-06 07:43:01] DEBUG: Resolving schedule | {"context":"ScheduleResolver","employeeId":40,"date":"2026-01-12","dayOfWeek":1}
[2026-02-06 07:43:01] DEBUG: Employee schedule lookup | {"context":"ScheduleResolver","employeeId":40,"date":"2026-01-12","hasAnySchedule":false,"foundValidSchedule":false}
[2026-02-06 07:43:01] DEBUG: Department schedule lookup | {"context":"ScheduleResolver","employeeId":40,"departmentId":5,"date":"2026-01-12","hasAnySchedule":false,"foundValidSchedule":false}
[2026-02-06 07:43:01] DEBUG: Schedule for date | {"context":"ViolationCalculator","employeeId":40,"date":"2026-01-12","isWorkDay":true,"workStart":"09:00","workEnd":"18:00"}
[2026-02-06 07:43:01] DEBUG: Both times present - calculated late/early | {"context":"ViolationCalculator","employeeId":40,"date":"2026-01-12","checkIn":"09:00","checkOut":"18:00","lateMinutes":0,"earlyMinutes":0}
[2026-02-06 07:43:01] DEBUG: Resolving schedule | {"context":"ScheduleResolver","employeeId":40,"date":"2026-01-13","dayOfWeek":2}
[2026-02-06 07:43:01] DEBUG: Employee schedule lookup | {"context":"ScheduleResolver","employeeId":40,"date":"2026-01-13","hasAnySchedule":false,"foundValidSchedule":false}
[2026-02-06 07:43:01] DEBUG: Department schedule lookup | {"context":"ScheduleResolver","employeeId":40,"departmentId":5,"date":"2026-01-13","hasAnySchedule":false,"foundValidSchedule":false}
[2026-02-06 07:43:01] DEBUG: Schedule for date | {"context":"ViolationCalculator","employeeId":40,"date":"2026-01-13","isWorkDay":true,"workStart":"09:00","workEnd":"18:00"}
[2026-02-06 07:43:01] DEBUG: Both times present - calculated late/early | {"context":"ViolationCalculator","employeeId":40,"date":"2026-01-13","checkIn":"09:00","checkOut":"18:00","lateMinutes":0,"earlyMinutes":0}
[2026-02-06 07:43:01] DEBUG: Resolving schedule | {"context":"ScheduleResolver","employeeId":40,"date":"2026-01-14","dayOfWeek":3}
[2026-02-06 07:43:01] DEBUG: Employee schedule lookup | {"context":"ScheduleResolver","employeeId":40,"date":"2026-01-14","hasAnySchedule":false,"foundValidSchedule":false}
[2026-02-06 07:43:01] DEBUG: Department schedule lookup | {"context":"ScheduleResolver","employeeId":40,"departmentId":5,"date":"2026-01-14","hasAnySchedule":false,"foundValidSchedule":false}
[2026-02-06 07:43:01] DEBUG: Schedule for date | {"context":"ViolationCalculator","employeeId":40,"date":"2026-01-14","isWorkDay":true,"workStart":"09:00","workEnd":"18:00"}
[2026-02-06 07:43:01] DEBUG: Both times present - calculated late/early | {"context":"ViolationCalculator","employeeId":40,"date":"2026-01-14","checkIn":"09:00","checkOut":"18:00","lateMinutes":0,"earlyMinutes":0}
[2026-02-06 07:43:01] DEBUG: Resolving schedule | {"context":"ScheduleResolver","employeeId":40,"date":"2026-01-15","dayOfWeek":4}
[2026-02-06 07:43:01] DEBUG: Employee schedule lookup | {"context":"ScheduleResolver","employeeId":40,"date":"2026-01-15","hasAnySchedule":false,"foundValidSchedule":false}
[2026-02-06 07:43:01] DEBUG: Department schedule lookup | {"context":"ScheduleResolver","employeeId":40,"departmentId":5,"date":"2026-01-15","hasAnySchedule":false,"foundValidSchedule":false}
[2026-02-06 07:43:01] DEBUG: Schedule for date | {"context":"ViolationCalculator","employeeId":40,"date":"2026-01-15","isWorkDay":true,"workStart":"09:00","workEnd":"18:00"}
[2026-02-06 07:43:01] DEBUG: Both times present - calculated late/early | {"context":"ViolationCalculator","employeeId":40,"date":"2026-01-15","checkIn":"09:00","checkOut":"18:00","lateMinutes":0,"earlyMinutes":0}
[2026-02-06 07:43:01] DEBUG: Resolving schedule | {"context":"ScheduleResolver","employeeId":40,"date":"2026-01-16","dayOfWeek":5}
[2026-02-06 07:43:01] DEBUG: Employee schedule lookup | {"context":"ScheduleResolver","employeeId":40,"date":"2026-01-16","hasAnySchedule":false,"foundValidSchedule":false}
[2026-02-06 07:43:01] DEBUG: Department schedule lookup | {"context":"ScheduleResolver","employeeId":40,"departmentId":5,"date":"2026-01-16","hasAnySchedule":false,"foundValidSchedule":false}
[2026-02-06 07:43:01] DEBUG: Schedule for date | {"context":"ViolationCalculator","employeeId":40,"date":"2026-01-16","isWorkDay":true,"workStart":"09:00","workEnd":"18:00"}
[2026-02-06 07:43:01] DEBUG: Both times present - calculated late/early | {"context":"ViolationCalculator","employeeId":40,"date":"2026-01-16","checkIn":"09:00","checkOut":"18:00","lateMinutes":0,"earlyMinutes":0}
[2026-02-06 07:43:01] DEBUG: Resolving schedule | {"context":"ScheduleResolver","employeeId":40,"date":"2026-01-17","dayOfWeek":6}
[2026-02-06 07:43:01] DEBUG: Employee schedule lookup | {"context":"ScheduleResolver","employeeId":40,"date":"2026-01-17","hasAnySchedule":false,"foundValidSchedule":false}
[2026-02-06 07:43:01] DEBUG: Department schedule lookup | {"context":"ScheduleResolver","employeeId":40,"departmentId":5,"date":"2026-01-17","hasAnySchedule":false,"foundValidSchedule":false}
[2026-02-06 07:43:01] DEBUG: Schedule for date | {"context":"ViolationCalculator","employeeId":40,"date":"2026-01-17","isWorkDay":false,"workStart":"09:00","workEnd":"18:00"}
[2026-02-06 07:43:01] DEBUG: Skipping non-work day | {"context":"ViolationCalculator","employeeId":40,"date":"2026-01-17"}
[2026-02-06 07:43:01] DEBUG: Resolving schedule | {"context":"ScheduleResolver","employeeId":40,"date":"2026-01-18","dayOfWeek":7}
[2026-02-06 07:43:01] DEBUG: Employee schedule lookup | {"context":"ScheduleResolver","employeeId":40,"date":"2026-01-18","hasAnySchedule":false,"foundValidSchedule":false}
[2026-02-06 07:43:01] DEBUG: Department schedule lookup | {"context":"ScheduleResolver","employeeId":40,"departmentId":5,"date":"2026-01-18","hasAnySchedule":false,"foundValidSchedule":false}
[2026-02-06 07:43:01] DEBUG: Schedule for date | {"context":"ViolationCalculator","employeeId":40,"date":"2026-01-18","isWorkDay":false,"workStart":"09:00","workEnd":"18:00"}
[2026-02-06 07:43:01] DEBUG: Skipping non-work day | {"context":"ViolationCalculator","employeeId":40,"date":"2026-01-18"}
[2026-02-06 07:43:01] DEBUG: Resolving schedule | {"context":"ScheduleResolver","employeeId":40,"date":"2026-01-19","dayOfWeek":1}
[2026-02-06 07:43:01] DEBUG: Employee schedule lookup | {"context":"ScheduleResolver","employeeId":40,"date":"2026-01-19","hasAnySchedule":false,"foundValidSchedule":false}
[2026-02-06 07:43:01] DEBUG: Department schedule lookup | {"context":"ScheduleResolver","employeeId":40,"departmentId":5,"date":"2026-01-19","hasAnySchedule":false,"foundValidSchedule":false}
[2026-02-06 07:43:01] DEBUG: Schedule for date | {"context":"ViolationCalculator","employeeId":40,"date":"2026-01-19","isWorkDay":true,"workStart":"09:00","workEnd":"18:00"}
[2026-02-06 07:43:01] DEBUG: Both times present - calculated late/early | {"context":"ViolationCalculator","employeeId":40,"date":"2026-01-19","checkIn":"09:00","checkOut":"18:00","lateMinutes":0,"earlyMinutes":0}
[2026-02-06 07:43:01] DEBUG: Resolving schedule | {"context":"ScheduleResolver","employeeId":40,"date":"2026-01-20","dayOfWeek":2}
[2026-02-06 07:43:01] DEBUG: Employee schedule lookup | {"context":"ScheduleResolver","employeeId":40,"date":"2026-01-20","hasAnySchedule":false,"foundValidSchedule":false}
[2026-02-06 07:43:01] DEBUG: Department schedule lookup | {"context":"ScheduleResolver","employeeId":40,"departmentId":5,"date":"2026-01-20","hasAnySchedule":false,"foundValidSchedule":false}
[2026-02-06 07:43:01] DEBUG: Schedule for date | {"context":"ViolationCalculator","employeeId":40,"date":"2026-01-20","isWorkDay":true,"workStart":"09:00","workEnd":"18:00"}
[2026-02-06 07:43:01] DEBUG: Both times present - calculated late/early | {"context":"ViolationCalculator","employeeId":40,"date":"2026-01-20","checkIn":"09:00","checkOut":"18:00","lateMinutes":0,"earlyMinutes":0}
[2026-02-06 07:43:01] DEBUG: Resolving schedule | {"context":"ScheduleResolver","employeeId":40,"date":"2026-01-21","dayOfWeek":3}
[2026-02-06 07:43:01] DEBUG: Employee schedule lookup | {"context":"ScheduleResolver","employeeId":40,"date":"2026-01-21","hasAnySchedule":false,"foundValidSchedule":false}
[2026-02-06 07:43:01] DEBUG: Department schedule lookup | {"context":"ScheduleResolver","employeeId":40,"departmentId":5,"date":"2026-01-21","hasAnySchedule":false,"foundValidSchedule":false}
[2026-02-06 07:43:01] DEBUG: Schedule for date | {"context":"ViolationCalculator","employeeId":40,"date":"2026-01-21","isWorkDay":true,"workStart":"09:00","workEnd":"18:00"}
[2026-02-06 07:43:01] DEBUG: Both times present - calculated late/early | {"context":"ViolationCalculator","employeeId":40,"date":"2026-01-21","checkIn":"09:00","checkOut":"18:00","lateMinutes":0,"earlyMinutes":0}
[2026-02-06 07:43:01] DEBUG: Resolving schedule | {"context":"ScheduleResolver","employeeId":40,"date":"2026-01-22","dayOfWeek":4}
[2026-02-06 07:43:01] DEBUG: Employee schedule lookup | {"context":"ScheduleResolver","employeeId":40,"date":"2026-01-22","hasAnySchedule":false,"foundValidSchedule":false}
[2026-02-06 07:43:01] DEBUG: Department schedule lookup | {"context":"ScheduleResolver","employeeId":40,"departmentId":5,"date":"2026-01-22","hasAnySchedule":false,"foundValidSchedule":false}
[2026-02-06 07:43:01] DEBUG: Schedule for date | {"context":"ViolationCalculator","employeeId":40,"date":"2026-01-22","isWorkDay":true,"workStart":"09:00","workEnd":"18:00"}
[2026-02-06 07:43:01] DEBUG: Both times present - calculated late/early | {"context":"ViolationCalculator","employeeId":40,"date":"2026-01-22","checkIn":"08:31","checkOut":"16:54","lateMinutes":0,"earlyMinutes":66}
[2026-02-06 07:43:01] DEBUG: Resolving schedule | {"context":"ScheduleResolver","employeeId":40,"date":"2026-01-23","dayOfWeek":5}
[2026-02-06 07:43:01] DEBUG: Employee schedule lookup | {"context":"ScheduleResolver","employeeId":40,"date":"2026-01-23","hasAnySchedule":false,"foundValidSchedule":false}
[2026-02-06 07:43:01] DEBUG: Department schedule lookup | {"context":"ScheduleResolver","employeeId":40,"departmentId":5,"date":"2026-01-23","hasAnySchedule":false,"foundValidSchedule":false}
[2026-02-06 07:43:01] DEBUG: Schedule for date | {"context":"ViolationCalculator","employeeId":40,"date":"2026-01-23","isWorkDay":true,"workStart":"09:00","workEnd":"18:00"}
[2026-02-06 07:43:01] DEBUG: Missing time(s) - counted as absent | {"context":"ViolationCalculator","employeeId":40,"date":"2026-01-23","checkIn":null,"checkOut":null,"absentMinutes":540}
[2026-02-06 07:43:01] DEBUG: Resolving schedule | {"context":"ScheduleResolver","employeeId":40,"date":"2026-01-24","dayOfWeek":6}
[2026-02-06 07:43:01] DEBUG: Employee schedule lookup | {"context":"ScheduleResolver","employeeId":40,"date":"2026-01-24","hasAnySchedule":false,"foundValidSchedule":false}
[2026-02-06 07:43:01] DEBUG: Department schedule lookup | {"context":"ScheduleResolver","employeeId":40,"departmentId":5,"date":"2026-01-24","hasAnySchedule":false,"foundValidSchedule":false}
[2026-02-06 07:43:01] DEBUG: Schedule for date | {"context":"ViolationCalculator","employeeId":40,"date":"2026-01-24","isWorkDay":false,"workStart":"09:00","workEnd":"18:00"}
[2026-02-06 07:43:01] DEBUG: Skipping non-work day | {"context":"ViolationCalculator","employeeId":40,"date":"2026-01-24"}
[2026-02-06 07:43:01] DEBUG: Resolving schedule | {"context":"ScheduleResolver","employeeId":40,"date":"2026-01-25","dayOfWeek":7}
[2026-02-06 07:43:01] DEBUG: Employee schedule lookup | {"context":"ScheduleResolver","employeeId":40,"date":"2026-01-25","hasAnySchedule":false,"foundValidSchedule":false}
[2026-02-06 07:43:01] DEBUG: Department schedule lookup | {"context":"ScheduleResolver","employeeId":40,"departmentId":5,"date":"2026-01-25","hasAnySchedule":false,"foundValidSchedule":false}
[2026-02-06 07:43:01] DEBUG: Schedule for date | {"context":"ViolationCalculator","employeeId":40,"date":"2026-01-25","isWorkDay":false,"workStart":"09:00","workEnd":"18:00"}
[2026-02-06 07:43:01] DEBUG: Skipping non-work day | {"context":"ViolationCalculator","employeeId":40,"date":"2026-01-25"}
[2026-02-06 07:43:01] DEBUG: Resolving schedule | {"context":"ScheduleResolver","employeeId":40,"date":"2026-01-26","dayOfWeek":1}
[2026-02-06 07:43:01] DEBUG: Employee schedule lookup | {"context":"ScheduleResolver","employeeId":40,"date":"2026-01-26","hasAnySchedule":false,"foundValidSchedule":false}
[2026-02-06 07:43:01] DEBUG: Department schedule lookup | {"context":"ScheduleResolver","employeeId":40,"departmentId":5,"date":"2026-01-26","hasAnySchedule":false,"foundValidSchedule":false}
[2026-02-06 07:43:01] DEBUG: Schedule for date | {"context":"ViolationCalculator","employeeId":40,"date":"2026-01-26","isWorkDay":true,"workStart":"09:00","workEnd":"18:00"}
[2026-02-06 07:43:01] DEBUG: Both times present - calculated late/early | {"context":"ViolationCalculator","employeeId":40,"date":"2026-01-26","checkIn":"09:00","checkOut":"18:00","lateMinutes":0,"earlyMinutes":0}
[2026-02-06 07:43:01] DEBUG: Resolving schedule | {"context":"ScheduleResolver","employeeId":40,"date":"2026-01-27","dayOfWeek":2}
[2026-02-06 07:43:01] DEBUG: Employee schedule lookup | {"context":"ScheduleResolver","employeeId":40,"date":"2026-01-27","hasAnySchedule":false,"foundValidSchedule":false}
[2026-02-06 07:43:01] DEBUG: Department schedule lookup | {"context":"ScheduleResolver","employeeId":40,"departmentId":5,"date":"2026-01-27","hasAnySchedule":false,"foundValidSchedule":false}
[2026-02-06 07:43:01] DEBUG: Schedule for date | {"context":"ViolationCalculator","employeeId":40,"date":"2026-01-27","isWorkDay":true,"workStart":"09:00","workEnd":"18:00"}
[2026-02-06 07:43:01] DEBUG: Both times present - calculated late/early | {"context":"ViolationCalculator","employeeId":40,"date":"2026-01-27","checkIn":"09:03","checkOut":"18:00","lateMinutes":0,"earlyMinutes":0}
[2026-02-06 07:43:01] DEBUG: Resolving schedule | {"context":"ScheduleResolver","employeeId":40,"date":"2026-01-28","dayOfWeek":3}
[2026-02-06 07:43:01] DEBUG: Employee schedule lookup | {"context":"ScheduleResolver","employeeId":40,"date":"2026-01-28","hasAnySchedule":false,"foundValidSchedule":false}
[2026-02-06 07:43:01] DEBUG: Department schedule lookup | {"context":"ScheduleResolver","employeeId":40,"departmentId":5,"date":"2026-01-28","hasAnySchedule":false,"foundValidSchedule":false}
[2026-02-06 07:43:01] DEBUG: Schedule for date | {"context":"ViolationCalculator","employeeId":40,"date":"2026-01-28","isWorkDay":true,"workStart":"09:00","workEnd":"18:00"}
[2026-02-06 07:43:01] DEBUG: Both times present - calculated late/early | {"context":"ViolationCalculator","employeeId":40,"date":"2026-01-28","checkIn":"08:51","checkOut":"17:00","lateMinutes":0,"earlyMinutes":60}
[2026-02-06 07:43:01] DEBUG: Resolving schedule | {"context":"ScheduleResolver","employeeId":40,"date":"2026-01-29","dayOfWeek":4}
[2026-02-06 07:43:01] DEBUG: Employee schedule lookup | {"context":"ScheduleResolver","employeeId":40,"date":"2026-01-29","hasAnySchedule":false,"foundValidSchedule":false}
[2026-02-06 07:43:01] DEBUG: Department schedule lookup | {"context":"ScheduleResolver","employeeId":40,"departmentId":5,"date":"2026-01-29","hasAnySchedule":false,"foundValidSchedule":false}
[2026-02-06 07:43:01] DEBUG: Schedule for date | {"context":"ViolationCalculator","employeeId":40,"date":"2026-01-29","isWorkDay":true,"workStart":"09:00","workEnd":"18:00"}
[2026-02-06 07:43:01] DEBUG: Both times present - calculated late/early | {"context":"ViolationCalculator","employeeId":40,"date":"2026-01-29","checkIn":"09:00","checkOut":"18:00","lateMinutes":0,"earlyMinutes":0}
[2026-02-06 07:43:01] DEBUG: Resolving schedule | {"context":"ScheduleResolver","employeeId":40,"date":"2026-01-30","dayOfWeek":5}
[2026-02-06 07:43:01] DEBUG: Employee schedule lookup | {"context":"ScheduleResolver","employeeId":40,"date":"2026-01-30","hasAnySchedule":false,"foundValidSchedule":false}
[2026-02-06 07:43:01] DEBUG: Department schedule lookup | {"context":"ScheduleResolver","employeeId":40,"departmentId":5,"date":"2026-01-30","hasAnySchedule":false,"foundValidSchedule":false}
[2026-02-06 07:43:01] DEBUG: Schedule for date | {"context":"ViolationCalculator","employeeId":40,"date":"2026-01-30","isWorkDay":true,"workStart":"09:00","workEnd":"18:00"}
[2026-02-06 07:43:01] DEBUG: Missing time(s) - counted as absent | {"context":"ViolationCalculator","employeeId":40,"date":"2026-01-30","checkIn":null,"checkOut":null,"absentMinutes":540}
[2026-02-06 07:43:01] DEBUG: Resolving schedule | {"context":"ScheduleResolver","employeeId":40,"date":"2026-01-31","dayOfWeek":6}
[2026-02-06 07:43:01] DEBUG: Employee schedule lookup | {"context":"ScheduleResolver","employeeId":40,"date":"2026-01-31","hasAnySchedule":false,"foundValidSchedule":false}
[2026-02-06 07:43:01] DEBUG: Department schedule lookup | {"context":"ScheduleResolver","employeeId":40,"departmentId":5,"date":"2026-01-31","hasAnySchedule":false,"foundValidSchedule":false}
[2026-02-06 07:43:01] DEBUG: Schedule for date | {"context":"ViolationCalculator","employeeId":40,"date":"2026-01-31","isWorkDay":false,"workStart":"09:00","workEnd":"18:00"}
[2026-02-06 07:43:01] DEBUG: Skipping non-work day | {"context":"ViolationCalculator","employeeId":40,"date":"2026-01-31"}
[2026-02-06 07:43:01] DEBUG: Resolving schedule | {"context":"ScheduleResolver","employeeId":41,"date":"2026-01-10","dayOfWeek":6}
[2026-02-06 07:43:01] DEBUG: Employee schedule lookup | {"context":"ScheduleResolver","employeeId":41,"date":"2026-01-10","hasAnySchedule":false,"foundValidSchedule":false}
[2026-02-06 07:43:01] DEBUG: Department schedule lookup | {"context":"ScheduleResolver","employeeId":41,"departmentId":10,"date":"2026-01-10","hasAnySchedule":false,"foundValidSchedule":false}
[2026-02-06 07:43:01] DEBUG: Schedule for date | {"context":"ViolationCalculator","employeeId":41,"date":"2026-01-10","isWorkDay":false,"workStart":"09:00","workEnd":"18:00"}
[2026-02-06 07:43:01] DEBUG: Skipping non-work day | {"context":"ViolationCalculator","employeeId":41,"date":"2026-01-10"}
[2026-02-06 07:43:01] DEBUG: Resolving schedule | {"context":"ScheduleResolver","employeeId":41,"date":"2026-01-11","dayOfWeek":7}
[2026-02-06 07:43:01] DEBUG: Employee schedule lookup | {"context":"ScheduleResolver","employeeId":41,"date":"2026-01-11","hasAnySchedule":false,"foundValidSchedule":false}
[2026-02-06 07:43:01] DEBUG: Department schedule lookup | {"context":"ScheduleResolver","employeeId":41,"departmentId":10,"date":"2026-01-11","hasAnySchedule":false,"foundValidSchedule":false}
[2026-02-06 07:43:01] DEBUG: Schedule for date | {"context":"ViolationCalculator","employeeId":41,"date":"2026-01-11","isWorkDay":false,"workStart":"09:00","workEnd":"18:00"}
[2026-02-06 07:43:01] DEBUG: Skipping non-work day | {"context":"ViolationCalculator","employeeId":41,"date":"2026-01-11"}
[2026-02-06 07:43:01] DEBUG: Resolving schedule | {"context":"ScheduleResolver","employeeId":41,"date":"2026-01-12","dayOfWeek":1}
[2026-02-06 07:43:01] DEBUG: Employee schedule lookup | {"context":"ScheduleResolver","employeeId":41,"date":"2026-01-12","hasAnySchedule":false,"foundValidSchedule":false}
[2026-02-06 07:43:01] DEBUG: Department schedule lookup | {"context":"ScheduleResolver","employeeId":41,"departmentId":10,"date":"2026-01-12","hasAnySchedule":false,"foundValidSchedule":false}
[2026-02-06 07:43:01] DEBUG: Schedule for date | {"context":"ViolationCalculator","employeeId":41,"date":"2026-01-12","isWorkDay":true,"workStart":"09:00","workEnd":"18:00"}
[2026-02-06 07:43:01] DEBUG: Both times present - calculated late/early | {"context":"ViolationCalculator","employeeId":41,"date":"2026-01-12","checkIn":"09:00","checkOut":"18:00","lateMinutes":0,"earlyMinutes":0}
[2026-02-06 07:43:01] DEBUG: Resolving schedule | {"context":"ScheduleResolver","employeeId":41,"date":"2026-01-13","dayOfWeek":2}
[2026-02-06 07:43:01] DEBUG: Employee schedule lookup | {"context":"ScheduleResolver","employeeId":41,"date":"2026-01-13","hasAnySchedule":false,"foundValidSchedule":false}
[2026-02-06 07:43:01] DEBUG: Department schedule lookup | {"context":"ScheduleResolver","employeeId":41,"departmentId":10,"date":"2026-01-13","hasAnySchedule":false,"foundValidSchedule":false}
[2026-02-06 07:43:01] DEBUG: Schedule for date | {"context":"ViolationCalculator","employeeId":41,"date":"2026-01-13","isWorkDay":true,"workStart":"09:00","workEnd":"18:00"}
[2026-02-06 07:43:01] DEBUG: Both times present - calculated late/early | {"context":"ViolationCalculator","employeeId":41,"date":"2026-01-13","checkIn":"09:00","checkOut":"18:00","lateMinutes":0,"earlyMinutes":0}
[2026-02-06 07:43:01] DEBUG: Resolving schedule | {"context":"ScheduleResolver","employeeId":41,"date":"2026-01-14","dayOfWeek":3}
[2026-02-06 07:43:01] DEBUG: Employee schedule lookup | {"context":"ScheduleResolver","employeeId":41,"date":"2026-01-14","hasAnySchedule":false,"foundValidSchedule":false}
[2026-02-06 07:43:01] DEBUG: Department schedule lookup | {"context":"ScheduleResolver","employeeId":41,"departmentId":10,"date":"2026-01-14","hasAnySchedule":false,"foundValidSchedule":false}
[2026-02-06 07:43:01] DEBUG: Schedule for date | {"context":"ViolationCalculator","employeeId":41,"date":"2026-01-14","isWorkDay":true,"workStart":"09:00","workEnd":"18:00"}
[2026-02-06 07:43:01] DEBUG: Both times present - calculated late/early | {"context":"ViolationCalculator","employeeId":41,"date":"2026-01-14","checkIn":"09:13","checkOut":"18:00","lateMinutes":8,"earlyMinutes":0}
[2026-02-06 07:43:01] DEBUG: Resolving schedule | {"context":"ScheduleResolver","employeeId":41,"date":"2026-01-15","dayOfWeek":4}
[2026-02-06 07:43:01] DEBUG: Employee schedule lookup | {"context":"ScheduleResolver","employeeId":41,"date":"2026-01-15","hasAnySchedule":false,"foundValidSchedule":false}
[2026-02-06 07:43:01] DEBUG: Department schedule lookup | {"context":"ScheduleResolver","employeeId":41,"departmentId":10,"date":"2026-01-15","hasAnySchedule":false,"foundValidSchedule":false}
[2026-02-06 07:43:01] DEBUG: Schedule for date | {"context":"ViolationCalculator","employeeId":41,"date":"2026-01-15","isWorkDay":true,"workStart":"09:00","workEnd":"18:00"}
[2026-02-06 07:43:01] DEBUG: Both times present - calculated late/early | {"context":"ViolationCalculator","employeeId":41,"date":"2026-01-15","checkIn":"09:00","checkOut":"18:00","lateMinutes":0,"earlyMinutes":0}
[2026-02-06 07:43:01] DEBUG: Resolving schedule | {"context":"ScheduleResolver","employeeId":41,"date":"2026-01-16","dayOfWeek":5}
[2026-02-06 07:43:01] DEBUG: Employee schedule lookup | {"context":"ScheduleResolver","employeeId":41,"date":"2026-01-16","hasAnySchedule":false,"foundValidSchedule":false}
[2026-02-06 07:43:01] DEBUG: Department schedule lookup | {"context":"ScheduleResolver","employeeId":41,"departmentId":10,"date":"2026-01-16","hasAnySchedule":false,"foundValidSchedule":false}
[2026-02-06 07:43:01] DEBUG: Schedule for date | {"context":"ViolationCalculator","employeeId":41,"date":"2026-01-16","isWorkDay":true,"workStart":"09:00","workEnd":"18:00"}
[2026-02-06 07:43:01] DEBUG: Both times present - calculated late/early | {"context":"ViolationCalculator","employeeId":41,"date":"2026-01-16","checkIn":"09:00","checkOut":"18:00","lateMinutes":0,"earlyMinutes":0}
[2026-02-06 07:43:01] DEBUG: Resolving schedule | {"context":"ScheduleResolver","employeeId":41,"date":"2026-01-17","dayOfWeek":6}
[2026-02-06 07:43:01] DEBUG: Employee schedule lookup | {"context":"ScheduleResolver","employeeId":41,"date":"2026-01-17","hasAnySchedule":false,"foundValidSchedule":false}
[2026-02-06 07:43:01] DEBUG: Department schedule lookup | {"context":"ScheduleResolver","employeeId":41,"departmentId":10,"date":"2026-01-17","hasAnySchedule":false,"foundValidSchedule":false}
[2026-02-06 07:43:01] DEBUG: Schedule for date | {"context":"ViolationCalculator","employeeId":41,"date":"2026-01-17","isWorkDay":false,"workStart":"09:00","workEnd":"18:00"}
[2026-02-06 07:43:01] DEBUG: Skipping non-work day | {"context":"ViolationCalculator","employeeId":41,"date":"2026-01-17"}
[2026-02-06 07:43:01] DEBUG: Resolving schedule | {"context":"ScheduleResolver","employeeId":41,"date":"2026-01-18","dayOfWeek":7}
[2026-02-06 07:43:01] DEBUG: Employee schedule lookup | {"context":"ScheduleResolver","employeeId":41,"date":"2026-01-18","hasAnySchedule":false,"foundValidSchedule":false}
[2026-02-06 07:43:01] DEBUG: Department schedule lookup | {"context":"ScheduleResolver","employeeId":41,"departmentId":10,"date":"2026-01-18","hasAnySchedule":false,"foundValidSchedule":false}
[2026-02-06 07:43:01] DEBUG: Schedule for date | {"context":"ViolationCalculator","employeeId":41,"date":"2026-01-18","isWorkDay":false,"workStart":"09:00","workEnd":"18:00"}
[2026-02-06 07:43:01] DEBUG: Skipping non-work day | {"context":"ViolationCalculator","employeeId":41,"date":"2026-01-18"}
[2026-02-06 07:43:01] DEBUG: Resolving schedule | {"context":"ScheduleResolver","employeeId":41,"date":"2026-01-19","dayOfWeek":1}
[2026-02-06 07:43:01] DEBUG: Employee schedule lookup | {"context":"ScheduleResolver","employeeId":41,"date":"2026-01-19","hasAnySchedule":false,"foundValidSchedule":false}
[2026-02-06 07:43:01] DEBUG: Department schedule lookup | {"context":"ScheduleResolver","employeeId":41,"departmentId":10,"date":"2026-01-19","hasAnySchedule":false,"foundValidSchedule":false}
[2026-02-06 07:43:01] DEBUG: Schedule for date | {"context":"ViolationCalculator","employeeId":41,"date":"2026-01-19","isWorkDay":true,"workStart":"09:00","workEnd":"18:00"}
[2026-02-06 07:43:01] DEBUG: Both times present - calculated late/early | {"context":"ViolationCalculator","employeeId":41,"date":"2026-01-19","checkIn":"09:03","checkOut":"18:00","lateMinutes":0,"earlyMinutes":0}
[2026-02-06 07:43:01] DEBUG: Resolving schedule | {"context":"ScheduleResolver","employeeId":41,"date":"2026-01-20","dayOfWeek":2}
[2026-02-06 07:43:01] DEBUG: Employee schedule lookup | {"context":"ScheduleResolver","employeeId":41,"date":"2026-01-20","hasAnySchedule":false,"foundValidSchedule":false}
[2026-02-06 07:43:01] DEBUG: Department schedule lookup | {"context":"ScheduleResolver","employeeId":41,"departmentId":10,"date":"2026-01-20","hasAnySchedule":false,"foundValidSchedule":false}
[2026-02-06 07:43:01] DEBUG: Schedule for date | {"context":"ViolationCalculator","employeeId":41,"date":"2026-01-20","isWorkDay":true,"workStart":"09:00","workEnd":"18:00"}
[2026-02-06 07:43:01] DEBUG: Both times present - calculated late/early | {"context":"ViolationCalculator","employeeId":41,"date":"2026-01-20","checkIn":"09:00","checkOut":"18:00","lateMinutes":0,"earlyMinutes":0}
[2026-02-06 07:43:01] DEBUG: Resolving schedule | {"context":"ScheduleResolver","employeeId":41,"date":"2026-01-21","dayOfWeek":3}
[2026-02-06 07:43:01] DEBUG: Employee schedule lookup | {"context":"ScheduleResolver","employeeId":41,"date":"2026-01-21","hasAnySchedule":false,"foundValidSchedule":false}
[2026-02-06 07:43:01] DEBUG: Department schedule lookup | {"context":"ScheduleResolver","employeeId":41,"departmentId":10,"date":"2026-01-21","hasAnySchedule":false,"foundValidSchedule":false}
[2026-02-06 07:43:01] DEBUG: Schedule for date | {"context":"ViolationCalculator","employeeId":41,"date":"2026-01-21","isWorkDay":true,"workStart":"09:00","workEnd":"18:00"}
[2026-02-06 07:43:01] DEBUG: Both times present - calculated late/early | {"context":"ViolationCalculator","employeeId":41,"date":"2026-01-21","checkIn":"09:15","checkOut":"18:00","lateMinutes":10,"earlyMinutes":0}
[2026-02-06 07:43:01] DEBUG: Resolving schedule | {"context":"ScheduleResolver","employeeId":41,"date":"2026-01-22","dayOfWeek":4}
[2026-02-06 07:43:01] DEBUG: Employee schedule lookup | {"context":"ScheduleResolver","employeeId":41,"date":"2026-01-22","hasAnySchedule":false,"foundValidSchedule":false}
[2026-02-06 07:43:01] DEBUG: Department schedule lookup | {"context":"ScheduleResolver","employeeId":41,"departmentId":10,"date":"2026-01-22","hasAnySchedule":false,"foundValidSchedule":false}
[2026-02-06 07:43:01] DEBUG: Schedule for date | {"context":"ViolationCalculator","employeeId":41,"date":"2026-01-22","isWorkDay":true,"workStart":"09:00","workEnd":"18:00"}
[2026-02-06 07:43:01] DEBUG: Both times present - calculated late/early | {"context":"ViolationCalculator","employeeId":41,"date":"2026-01-22","checkIn":"09:12","checkOut":"18:20","lateMinutes":7,"earlyMinutes":0}
[2026-02-06 07:43:01] DEBUG: Resolving schedule | {"context":"ScheduleResolver","employeeId":41,"date":"2026-01-23","dayOfWeek":5}
[2026-02-06 07:43:01] DEBUG: Employee schedule lookup | {"context":"ScheduleResolver","employeeId":41,"date":"2026-01-23","hasAnySchedule":false,"foundValidSchedule":false}
[2026-02-06 07:43:01] DEBUG: Department schedule lookup | {"context":"ScheduleResolver","employeeId":41,"departmentId":10,"date":"2026-01-23","hasAnySchedule":false,"foundValidSchedule":false}
[2026-02-06 07:43:01] DEBUG: Schedule for date | {"context":"ViolationCalculator","employeeId":41,"date":"2026-01-23","isWorkDay":true,"workStart":"09:00","workEnd":"18:00"}
[2026-02-06 07:43:01] DEBUG: Both times present - calculated late/early | {"context":"ViolationCalculator","employeeId":41,"date":"2026-01-23","checkIn":"09:19","checkOut":"18:00","lateMinutes":14,"earlyMinutes":0}
[2026-02-06 07:43:01] DEBUG: Resolving schedule | {"context":"ScheduleResolver","employeeId":41,"date":"2026-01-24","dayOfWeek":6}
[2026-02-06 07:43:01] DEBUG: Employee schedule lookup | {"context":"ScheduleResolver","employeeId":41,"date":"2026-01-24","hasAnySchedule":false,"foundValidSchedule":false}
[2026-02-06 07:43:01] DEBUG: Department schedule lookup | {"context":"ScheduleResolver","employeeId":41,"departmentId":10,"date":"2026-01-24","hasAnySchedule":false,"foundValidSchedule":false}
[2026-02-06 07:43:01] DEBUG: Schedule for date | {"context":"ViolationCalculator","employeeId":41,"date":"2026-01-24","isWorkDay":false,"workStart":"09:00","workEnd":"18:00"}
[2026-02-06 07:43:01] DEBUG: Skipping non-work day | {"context":"ViolationCalculator","employeeId":41,"date":"2026-01-24"}
[2026-02-06 07:43:01] DEBUG: Resolving schedule | {"context":"ScheduleResolver","employeeId":41,"date":"2026-01-25","dayOfWeek":7}
[2026-02-06 07:43:01] DEBUG: Employee schedule lookup | {"context":"ScheduleResolver","employeeId":41,"date":"2026-01-25","hasAnySchedule":false,"foundValidSchedule":false}
[2026-02-06 07:43:01] DEBUG: Department schedule lookup | {"context":"ScheduleResolver","employeeId":41,"departmentId":10,"date":"2026-01-25","hasAnySchedule":false,"foundValidSchedule":false}
[2026-02-06 07:43:01] DEBUG: Schedule for date | {"context":"ViolationCalculator","employeeId":41,"date":"2026-01-25","isWorkDay":false,"workStart":"09:00","workEnd":"18:00"}
[2026-02-06 07:43:01] DEBUG: Skipping non-work day | {"context":"ViolationCalculator","employeeId":41,"date":"2026-01-25"}
[2026-02-06 07:43:01] DEBUG: Resolving schedule | {"context":"ScheduleResolver","employeeId":41,"date":"2026-01-26","dayOfWeek":1}
[2026-02-06 07:43:01] DEBUG: Employee schedule lookup | {"context":"ScheduleResolver","employeeId":41,"date":"2026-01-26","hasAnySchedule":false,"foundValidSchedule":false}
[2026-02-06 07:43:01] DEBUG: Department schedule lookup | {"context":"ScheduleResolver","employeeId":41,"departmentId":10,"date":"2026-01-26","hasAnySchedule":false,"foundValidSchedule":false}
[2026-02-06 07:43:01] DEBUG: Schedule for date | {"context":"ViolationCalculator","employeeId":41,"date":"2026-01-26","isWorkDay":true,"workStart":"09:00","workEnd":"18:00"}
[2026-02-06 07:43:01] DEBUG: Both times present - calculated late/early | {"context":"ViolationCalculator","employeeId":41,"date":"2026-01-26","checkIn":"09:00","checkOut":"18:00","lateMinutes":0,"earlyMinutes":0}
[2026-02-06 07:43:01] DEBUG: Resolving schedule | {"context":"ScheduleResolver","employeeId":41,"date":"2026-01-27","dayOfWeek":2}
[2026-02-06 07:43:01] DEBUG: Employee schedule lookup | {"context":"ScheduleResolver","employeeId":41,"date":"2026-01-27","hasAnySchedule":false,"foundValidSchedule":false}
[2026-02-06 07:43:01] DEBUG: Department schedule lookup | {"context":"ScheduleResolver","employeeId":41,"departmentId":10,"date":"2026-01-27","hasAnySchedule":false,"foundValidSchedule":false}
[2026-02-06 07:43:01] DEBUG: Schedule for date | {"context":"ViolationCalculator","employeeId":41,"date":"2026-01-27","isWorkDay":true,"workStart":"09:00","workEnd":"18:00"}
[2026-02-06 07:43:01] DEBUG: Both times present - calculated late/early | {"context":"ViolationCalculator","employeeId":41,"date":"2026-01-27","checkIn":"09:00","checkOut":"18:00","lateMinutes":0,"earlyMinutes":0}
[2026-02-06 07:43:01] DEBUG: Resolving schedule | {"context":"ScheduleResolver","employeeId":41,"date":"2026-01-28","dayOfWeek":3}
[2026-02-06 07:43:01] DEBUG: Employee schedule lookup | {"context":"ScheduleResolver","employeeId":41,"date":"2026-01-28","hasAnySchedule":false,"foundValidSchedule":false}
[2026-02-06 07:43:01] DEBUG: Department schedule lookup | {"context":"ScheduleResolver","employeeId":41,"departmentId":10,"date":"2026-01-28","hasAnySchedule":false,"foundValidSchedule":false}
[2026-02-06 07:43:01] DEBUG: Schedule for date | {"context":"ViolationCalculator","employeeId":41,"date":"2026-01-28","isWorkDay":true,"workStart":"09:00","workEnd":"18:00"}
[2026-02-06 07:43:01] DEBUG: Both times present - calculated late/early | {"context":"ViolationCalculator","employeeId":41,"date":"2026-01-28","checkIn":"08:12","checkOut":"17:03","lateMinutes":0,"earlyMinutes":57}
[2026-02-06 07:43:01] DEBUG: Resolving schedule | {"context":"ScheduleResolver","employeeId":41,"date":"2026-01-29","dayOfWeek":4}
[2026-02-06 07:43:01] DEBUG: Employee schedule lookup | {"context":"ScheduleResolver","employeeId":41,"date":"2026-01-29","hasAnySchedule":false,"foundValidSchedule":false}
[2026-02-06 07:43:01] DEBUG: Department schedule lookup | {"context":"ScheduleResolver","employeeId":41,"departmentId":10,"date":"2026-01-29","hasAnySchedule":false,"foundValidSchedule":false}
[2026-02-06 07:43:01] DEBUG: Schedule for date | {"context":"ViolationCalculator","employeeId":41,"date":"2026-01-29","isWorkDay":true,"workStart":"09:00","workEnd":"18:00"}
[2026-02-06 07:43:01] DEBUG: Both times present - calculated late/early | {"context":"ViolationCalculator","employeeId":41,"date":"2026-01-29","checkIn":"09:20","checkOut":"18:00","lateMinutes":15,"earlyMinutes":0}
[2026-02-06 07:43:01] DEBUG: Resolving schedule | {"context":"ScheduleResolver","employeeId":41,"date":"2026-01-30","dayOfWeek":5}
[2026-02-06 07:43:01] DEBUG: Employee schedule lookup | {"context":"ScheduleResolver","employeeId":41,"date":"2026-01-30","hasAnySchedule":false,"foundValidSchedule":false}
[2026-02-06 07:43:01] DEBUG: Department schedule lookup | {"context":"ScheduleResolver","employeeId":41,"departmentId":10,"date":"2026-01-30","hasAnySchedule":false,"foundValidSchedule":false}
[2026-02-06 07:43:01] DEBUG: Schedule for date | {"context":"ViolationCalculator","employeeId":41,"date":"2026-01-30","isWorkDay":true,"workStart":"09:00","workEnd":"18:00"}
[2026-02-06 07:43:01] DEBUG: Both times present - calculated late/early | {"context":"ViolationCalculator","employeeId":41,"date":"2026-01-30","checkIn":"09:05","checkOut":"18:00","lateMinutes":0,"earlyMinutes":0}
[2026-02-06 07:43:01] DEBUG: Resolving schedule | {"context":"ScheduleResolver","employeeId":41,"date":"2026-01-31","dayOfWeek":6}
[2026-02-06 07:43:01] DEBUG: Employee schedule lookup | {"context":"ScheduleResolver","employeeId":41,"date":"2026-01-31","hasAnySchedule":false,"foundValidSchedule":false}
[2026-02-06 07:43:01] DEBUG: Department schedule lookup | {"context":"ScheduleResolver","employeeId":41,"departmentId":10,"date":"2026-01-31","hasAnySchedule":false,"foundValidSchedule":false}
[2026-02-06 07:43:01] DEBUG: Schedule for date | {"context":"ViolationCalculator","employeeId":41,"date":"2026-01-31","isWorkDay":false,"workStart":"09:00","workEnd":"18:00"}
[2026-02-06 07:43:01] DEBUG: Skipping non-work day | {"context":"ViolationCalculator","employeeId":41,"date":"2026-01-31"}
[2026-02-06 07:43:01] DEBUG: Resolving schedule | {"context":"ScheduleResolver","employeeId":42,"date":"2026-01-10","dayOfWeek":6}
[2026-02-06 07:43:01] DEBUG: Employee schedule lookup | {"context":"ScheduleResolver","employeeId":42,"date":"2026-01-10","hasAnySchedule":false,"foundValidSchedule":false}
[2026-02-06 07:43:01] DEBUG: Department schedule lookup | {"context":"ScheduleResolver","employeeId":42,"departmentId":6,"date":"2026-01-10","hasAnySchedule":false,"foundValidSchedule":false}
[2026-02-06 07:43:01] DEBUG: Schedule for date | {"context":"ViolationCalculator","employeeId":42,"date":"2026-01-10","isWorkDay":false,"workStart":"09:00","workEnd":"18:00"}
[2026-02-06 07:43:01] DEBUG: Skipping non-work day | {"context":"ViolationCalculator","employeeId":42,"date":"2026-01-10"}
[2026-02-06 07:43:01] DEBUG: Resolving schedule | {"context":"ScheduleResolver","employeeId":42,"date":"2026-01-11","dayOfWeek":7}
[2026-02-06 07:43:01] DEBUG: Employee schedule lookup | {"context":"ScheduleResolver","employeeId":42,"date":"2026-01-11","hasAnySchedule":false,"foundValidSchedule":false}
[2026-02-06 07:43:01] DEBUG: Department schedule lookup | {"context":"ScheduleResolver","employeeId":42,"departmentId":6,"date":"2026-01-11","hasAnySchedule":false,"foundValidSchedule":false}
[2026-02-06 07:43:01] DEBUG: Schedule for date | {"context":"ViolationCalculator","employeeId":42,"date":"2026-01-11","isWorkDay":false,"workStart":"09:00","workEnd":"18:00"}
[2026-02-06 07:43:01] DEBUG: Skipping non-work day | {"context":"ViolationCalculator","employeeId":42,"date":"2026-01-11"}
[2026-02-06 07:43:01] DEBUG: Resolving schedule | {"context":"ScheduleResolver","employeeId":42,"date":"2026-01-12","dayOfWeek":1}
[2026-02-06 07:43:01] DEBUG: Employee schedule lookup | {"context":"ScheduleResolver","employeeId":42,"date":"2026-01-12","hasAnySchedule":false,"foundValidSchedule":false}
[2026-02-06 07:43:01] DEBUG: Department schedule lookup | {"context":"ScheduleResolver","employeeId":42,"departmentId":6,"date":"2026-01-12","hasAnySchedule":false,"foundValidSchedule":false}
[2026-02-06 07:43:01] DEBUG: Schedule for date | {"context":"ViolationCalculator","employeeId":42,"date":"2026-01-12","isWorkDay":true,"workStart":"09:00","workEnd":"18:00"}
[2026-02-06 07:43:01] DEBUG: Both times present - calculated late/early | {"context":"ViolationCalculator","employeeId":42,"date":"2026-01-12","checkIn":"08:37","checkOut":"16:00","lateMinutes":0,"earlyMinutes":120}
[2026-02-06 07:43:01] DEBUG: Resolving schedule | {"context":"ScheduleResolver","employeeId":42,"date":"2026-01-13","dayOfWeek":2}
[2026-02-06 07:43:01] DEBUG: Employee schedule lookup | {"context":"ScheduleResolver","employeeId":42,"date":"2026-01-13","hasAnySchedule":false,"foundValidSchedule":false}
[2026-02-06 07:43:01] DEBUG: Department schedule lookup | {"context":"ScheduleResolver","employeeId":42,"departmentId":6,"date":"2026-01-13","hasAnySchedule":false,"foundValidSchedule":false}
[2026-02-06 07:43:01] DEBUG: Schedule for date | {"context":"ViolationCalculator","employeeId":42,"date":"2026-01-13","isWorkDay":true,"workStart":"09:00","workEnd":"18:00"}
[2026-02-06 07:43:01] DEBUG: Both times present - calculated late/early | {"context":"ViolationCalculator","employeeId":42,"date":"2026-01-13","checkIn":"08:21","checkOut":"16:00","lateMinutes":0,"earlyMinutes":120}
[2026-02-06 07:43:01] DEBUG: Resolving schedule | {"context":"ScheduleResolver","employeeId":42,"date":"2026-01-14","dayOfWeek":3}
[2026-02-06 07:43:01] DEBUG: Employee schedule lookup | {"context":"ScheduleResolver","employeeId":42,"date":"2026-01-14","hasAnySchedule":false,"foundValidSchedule":false}
[2026-02-06 07:43:01] DEBUG: Department schedule lookup | {"context":"ScheduleResolver","employeeId":42,"departmentId":6,"date":"2026-01-14","hasAnySchedule":false,"foundValidSchedule":false}
[2026-02-06 07:43:01] DEBUG: Schedule for date | {"context":"ViolationCalculator","employeeId":42,"date":"2026-01-14","isWorkDay":true,"workStart":"09:00","workEnd":"18:00"}
[2026-02-06 07:43:01] DEBUG: Both times present - calculated late/early | {"context":"ViolationCalculator","employeeId":42,"date":"2026-01-14","checkIn":"08:00","checkOut":"16:00","lateMinutes":0,"earlyMinutes":120}
[2026-02-06 07:43:01] DEBUG: Resolving schedule | {"context":"ScheduleResolver","employeeId":42,"date":"2026-01-15","dayOfWeek":4}
[2026-02-06 07:43:01] DEBUG: Employee schedule lookup | {"context":"ScheduleResolver","employeeId":42,"date":"2026-01-15","hasAnySchedule":false,"foundValidSchedule":false}
[2026-02-06 07:43:01] DEBUG: Department schedule lookup | {"context":"ScheduleResolver","employeeId":42,"departmentId":6,"date":"2026-01-15","hasAnySchedule":false,"foundValidSchedule":false}
[2026-02-06 07:43:01] DEBUG: Schedule for date | {"context":"ViolationCalculator","employeeId":42,"date":"2026-01-15","isWorkDay":true,"workStart":"09:00","workEnd":"18:00"}
[2026-02-06 07:43:01] DEBUG: Both times present - calculated late/early | {"context":"ViolationCalculator","employeeId":42,"date":"2026-01-15","checkIn":"08:13","checkOut":"16:00","lateMinutes":0,"earlyMinutes":120}
[2026-02-06 07:43:01] DEBUG: Resolving schedule | {"context":"ScheduleResolver","employeeId":42,"date":"2026-01-16","dayOfWeek":5}
[2026-02-06 07:43:01] DEBUG: Employee schedule lookup | {"context":"ScheduleResolver","employeeId":42,"date":"2026-01-16","hasAnySchedule":false,"foundValidSchedule":false}
[2026-02-06 07:43:01] DEBUG: Department schedule lookup | {"context":"ScheduleResolver","employeeId":42,"departmentId":6,"date":"2026-01-16","hasAnySchedule":false,"foundValidSchedule":false}
[2026-02-06 07:43:01] DEBUG: Schedule for date | {"context":"ViolationCalculator","employeeId":42,"date":"2026-01-16","isWorkDay":true,"workStart":"09:00","workEnd":"18:00"}
[2026-02-06 07:43:01] DEBUG: Both times present - calculated late/early | {"context":"ViolationCalculator","employeeId":42,"date":"2026-01-16","checkIn":"08:06","checkOut":"16:00","lateMinutes":0,"earlyMinutes":120}
[2026-02-06 07:43:01] DEBUG: Resolving schedule | {"context":"ScheduleResolver","employeeId":42,"date":"2026-01-17","dayOfWeek":6}
[2026-02-06 07:43:01] DEBUG: Employee schedule lookup | {"context":"ScheduleResolver","employeeId":42,"date":"2026-01-17","hasAnySchedule":false,"foundValidSchedule":false}
[2026-02-06 07:43:01] DEBUG: Department schedule lookup | {"context":"ScheduleResolver","employeeId":42,"departmentId":6,"date":"2026-01-17","hasAnySchedule":false,"foundValidSchedule":false}
[2026-02-06 07:43:01] DEBUG: Schedule for date | {"context":"ViolationCalculator","employeeId":42,"date":"2026-01-17","isWorkDay":false,"workStart":"09:00","workEnd":"18:00"}
[2026-02-06 07:43:01] DEBUG: Skipping non-work day | {"context":"ViolationCalculator","employeeId":42,"date":"2026-01-17"}
[2026-02-06 07:43:01] DEBUG: Resolving schedule | {"context":"ScheduleResolver","employeeId":42,"date":"2026-01-18","dayOfWeek":7}
[2026-02-06 07:43:01] DEBUG: Employee schedule lookup | {"context":"ScheduleResolver","employeeId":42,"date":"2026-01-18","hasAnySchedule":false,"foundValidSchedule":false}
[2026-02-06 07:43:01] DEBUG: Department schedule lookup | {"context":"ScheduleResolver","employeeId":42,"departmentId":6,"date":"2026-01-18","hasAnySchedule":false,"foundValidSchedule":false}
[2026-02-06 07:43:01] DEBUG: Schedule for date | {"context":"ViolationCalculator","employeeId":42,"date":"2026-01-18","isWorkDay":false,"workStart":"09:00","workEnd":"18:00"}
[2026-02-06 07:43:01] DEBUG: Skipping non-work day | {"context":"ViolationCalculator","employeeId":42,"date":"2026-01-18"}
[2026-02-06 07:43:01] DEBUG: Resolving schedule | {"context":"ScheduleResolver","employeeId":42,"date":"2026-01-19","dayOfWeek":1}
[2026-02-06 07:43:01] DEBUG: Employee schedule lookup | {"context":"ScheduleResolver","employeeId":42,"date":"2026-01-19","hasAnySchedule":false,"foundValidSchedule":false}
[2026-02-06 07:43:01] DEBUG: Department schedule lookup | {"context":"ScheduleResolver","employeeId":42,"departmentId":6,"date":"2026-01-19","hasAnySchedule":false,"foundValidSchedule":false}
[2026-02-06 07:43:01] DEBUG: Schedule for date | {"context":"ViolationCalculator","employeeId":42,"date":"2026-01-19","isWorkDay":true,"workStart":"09:00","workEnd":"18:00"}
[2026-02-06 07:43:01] DEBUG: Both times present - calculated late/early | {"context":"ViolationCalculator","employeeId":42,"date":"2026-01-19","checkIn":"08:17","checkOut":"16:00","lateMinutes":0,"earlyMinutes":120}
[2026-02-06 07:43:01] DEBUG: Resolving schedule | {"context":"ScheduleResolver","employeeId":42,"date":"2026-01-20","dayOfWeek":2}
[2026-02-06 07:43:01] DEBUG: Employee schedule lookup | {"context":"ScheduleResolver","employeeId":42,"date":"2026-01-20","hasAnySchedule":false,"foundValidSchedule":false}
[2026-02-06 07:43:01] DEBUG: Department schedule lookup | {"context":"ScheduleResolver","employeeId":42,"departmentId":6,"date":"2026-01-20","hasAnySchedule":false,"foundValidSchedule":false}
[2026-02-06 07:43:01] DEBUG: Schedule for date | {"context":"ViolationCalculator","employeeId":42,"date":"2026-01-20","isWorkDay":true,"workStart":"09:00","workEnd":"18:00"}
[2026-02-06 07:43:01] DEBUG: Both times present - calculated late/early | {"context":"ViolationCalculator","employeeId":42,"date":"2026-01-20","checkIn":"08:11","checkOut":"16:00","lateMinutes":0,"earlyMinutes":120}
[2026-02-06 07:43:01] DEBUG: Resolving schedule | {"context":"ScheduleResolver","employeeId":42,"date":"2026-01-21","dayOfWeek":3}
[2026-02-06 07:43:01] DEBUG: Employee schedule lookup | {"context":"ScheduleResolver","employeeId":42,"date":"2026-01-21","hasAnySchedule":false,"foundValidSchedule":false}
[2026-02-06 07:43:01] DEBUG: Department schedule lookup | {"context":"ScheduleResolver","employeeId":42,"departmentId":6,"date":"2026-01-21","hasAnySchedule":false,"foundValidSchedule":false}
[2026-02-06 07:43:01] DEBUG: Schedule for date | {"context":"ViolationCalculator","employeeId":42,"date":"2026-01-21","isWorkDay":true,"workStart":"09:00","workEnd":"18:00"}
[2026-02-06 07:43:01] DEBUG: Both times present - calculated late/early | {"context":"ViolationCalculator","employeeId":42,"date":"2026-01-21","checkIn":"08:21","checkOut":"16:00","lateMinutes":0,"earlyMinutes":120}
[2026-02-06 07:43:01] DEBUG: Resolving schedule | {"context":"ScheduleResolver","employeeId":42,"date":"2026-01-22","dayOfWeek":4}
[2026-02-06 07:43:01] DEBUG: Employee schedule lookup | {"context":"ScheduleResolver","employeeId":42,"date":"2026-01-22","hasAnySchedule":false,"foundValidSchedule":false}
[2026-02-06 07:43:01] DEBUG: Department schedule lookup | {"context":"ScheduleResolver","employeeId":42,"departmentId":6,"date":"2026-01-22","hasAnySchedule":false,"foundValidSchedule":false}
[2026-02-06 07:43:01] DEBUG: Schedule for date | {"context":"ViolationCalculator","employeeId":42,"date":"2026-01-22","isWorkDay":true,"workStart":"09:00","workEnd":"18:00"}
[2026-02-06 07:43:01] DEBUG: Both times present - calculated late/early | {"context":"ViolationCalculator","employeeId":42,"date":"2026-01-22","checkIn":"08:13","checkOut":"16:03","lateMinutes":0,"earlyMinutes":117}
[2026-02-06 07:43:01] DEBUG: Resolving schedule | {"context":"ScheduleResolver","employeeId":42,"date":"2026-01-23","dayOfWeek":5}
[2026-02-06 07:43:01] DEBUG: Employee schedule lookup | {"context":"ScheduleResolver","employeeId":42,"date":"2026-01-23","hasAnySchedule":false,"foundValidSchedule":false}
[2026-02-06 07:43:01] DEBUG: Department schedule lookup | {"context":"ScheduleResolver","employeeId":42,"departmentId":6,"date":"2026-01-23","hasAnySchedule":false,"foundValidSchedule":false}
[2026-02-06 07:43:01] DEBUG: Schedule for date | {"context":"ViolationCalculator","employeeId":42,"date":"2026-01-23","isWorkDay":true,"workStart":"09:00","workEnd":"18:00"}
[2026-02-06 07:43:01] DEBUG: Both times present - calculated late/early | {"context":"ViolationCalculator","employeeId":42,"date":"2026-01-23","checkIn":"08:48","checkOut":"15:59","lateMinutes":0,"earlyMinutes":121}
[2026-02-06 07:43:01] DEBUG: Resolving schedule | {"context":"ScheduleResolver","employeeId":42,"date":"2026-01-24","dayOfWeek":6}
[2026-02-06 07:43:01] DEBUG: Employee schedule lookup | {"context":"ScheduleResolver","employeeId":42,"date":"2026-01-24","hasAnySchedule":false,"foundValidSchedule":false}
[2026-02-06 07:43:01] DEBUG: Department schedule lookup | {"context":"ScheduleResolver","employeeId":42,"departmentId":6,"date":"2026-01-24","hasAnySchedule":false,"foundValidSchedule":false}
[2026-02-06 07:43:01] DEBUG: Schedule for date | {"context":"ViolationCalculator","employeeId":42,"date":"2026-01-24","isWorkDay":false,"workStart":"09:00","workEnd":"18:00"}
[2026-02-06 07:43:01] DEBUG: Skipping non-work day | {"context":"ViolationCalculator","employeeId":42,"date":"2026-01-24"}
[2026-02-06 07:43:01] DEBUG: Resolving schedule | {"context":"ScheduleResolver","employeeId":42,"date":"2026-01-25","dayOfWeek":7}
[2026-02-06 07:43:01] DEBUG: Employee schedule lookup | {"context":"ScheduleResolver","employeeId":42,"date":"2026-01-25","hasAnySchedule":false,"foundValidSchedule":false}
[2026-02-06 07:43:01] DEBUG: Department schedule lookup | {"context":"ScheduleResolver","employeeId":42,"departmentId":6,"date":"2026-01-25","hasAnySchedule":false,"foundValidSchedule":false}
[2026-02-06 07:43:01] DEBUG: Schedule for date | {"context":"ViolationCalculator","employeeId":42,"date":"2026-01-25","isWorkDay":false,"workStart":"09:00","workEnd":"18:00"}
[2026-02-06 07:43:01] DEBUG: Skipping non-work day | {"context":"ViolationCalculator","employeeId":42,"date":"2026-01-25"}
[2026-02-06 07:43:01] DEBUG: Resolving schedule | {"context":"ScheduleResolver","employeeId":42,"date":"2026-01-26","dayOfWeek":1}
[2026-02-06 07:43:01] DEBUG: Employee schedule lookup | {"context":"ScheduleResolver","employeeId":42,"date":"2026-01-26","hasAnySchedule":false,"foundValidSchedule":false}
[2026-02-06 07:43:01] DEBUG: Department schedule lookup | {"context":"ScheduleResolver","employeeId":42,"departmentId":6,"date":"2026-01-26","hasAnySchedule":false,"foundValidSchedule":false}
[2026-02-06 07:43:01] DEBUG: Schedule for date | {"context":"ViolationCalculator","employeeId":42,"date":"2026-01-26","isWorkDay":true,"workStart":"09:00","workEnd":"18:00"}
[2026-02-06 07:43:01] DEBUG: Both times present - calculated late/early | {"context":"ViolationCalculator","employeeId":42,"date":"2026-01-26","checkIn":"08:00","checkOut":"15:10","lateMinutes":0,"earlyMinutes":170}
[2026-02-06 07:43:01] DEBUG: Resolving schedule | {"context":"ScheduleResolver","employeeId":42,"date":"2026-01-27","dayOfWeek":2}
[2026-02-06 07:43:01] DEBUG: Employee schedule lookup | {"context":"ScheduleResolver","employeeId":42,"date":"2026-01-27","hasAnySchedule":false,"foundValidSchedule":false}
[2026-02-06 07:43:01] DEBUG: Department schedule lookup | {"context":"ScheduleResolver","employeeId":42,"departmentId":6,"date":"2026-01-27","hasAnySchedule":false,"foundValidSchedule":false}
[2026-02-06 07:43:01] DEBUG: Schedule for date | {"context":"ViolationCalculator","employeeId":42,"date":"2026-01-27","isWorkDay":true,"workStart":"09:00","workEnd":"18:00"}
[2026-02-06 07:43:01] DEBUG: Both times present - calculated late/early | {"context":"ViolationCalculator","employeeId":42,"date":"2026-01-27","checkIn":"08:07","checkOut":"16:00","lateMinutes":0,"earlyMinutes":120}
[2026-02-06 07:43:01] DEBUG: Resolving schedule | {"context":"ScheduleResolver","employeeId":42,"date":"2026-01-28","dayOfWeek":3}
[2026-02-06 07:43:01] DEBUG: Employee schedule lookup | {"context":"ScheduleResolver","employeeId":42,"date":"2026-01-28","hasAnySchedule":false,"foundValidSchedule":false}
[2026-02-06 07:43:01] DEBUG: Department schedule lookup | {"context":"ScheduleResolver","employeeId":42,"departmentId":6,"date":"2026-01-28","hasAnySchedule":false,"foundValidSchedule":false}
[2026-02-06 07:43:01] DEBUG: Schedule for date | {"context":"ViolationCalculator","employeeId":42,"date":"2026-01-28","isWorkDay":true,"workStart":"09:00","workEnd":"18:00"}
[2026-02-06 07:43:01] DEBUG: Both times present - calculated late/early | {"context":"ViolationCalculator","employeeId":42,"date":"2026-01-28","checkIn":"08:05","checkOut":"16:19","lateMinutes":0,"earlyMinutes":101}
[2026-02-06 07:43:01] DEBUG: Resolving schedule | {"context":"ScheduleResolver","employeeId":42,"date":"2026-01-29","dayOfWeek":4}
[2026-02-06 07:43:01] DEBUG: Employee schedule lookup | {"context":"ScheduleResolver","employeeId":42,"date":"2026-01-29","hasAnySchedule":false,"foundValidSchedule":false}
[2026-02-06 07:43:01] DEBUG: Department schedule lookup | {"context":"ScheduleResolver","employeeId":42,"departmentId":6,"date":"2026-01-29","hasAnySchedule":false,"foundValidSchedule":false}
[2026-02-06 07:43:01] DEBUG: Schedule for date | {"context":"ViolationCalculator","employeeId":42,"date":"2026-01-29","isWorkDay":true,"workStart":"09:00","workEnd":"18:00"}
[2026-02-06 07:43:01] DEBUG: Both times present - calculated late/early | {"context":"ViolationCalculator","employeeId":42,"date":"2026-01-29","checkIn":"08:49","checkOut":"16:00","lateMinutes":0,"earlyMinutes":120}
[2026-02-06 07:43:01] DEBUG: Resolving schedule | {"context":"ScheduleResolver","employeeId":42,"date":"2026-01-30","dayOfWeek":5}
[2026-02-06 07:43:01] DEBUG: Employee schedule lookup | {"context":"ScheduleResolver","employeeId":42,"date":"2026-01-30","hasAnySchedule":false,"foundValidSchedule":false}
[2026-02-06 07:43:01] DEBUG: Department schedule lookup | {"context":"ScheduleResolver","employeeId":42,"departmentId":6,"date":"2026-01-30","hasAnySchedule":false,"foundValidSchedule":false}
[2026-02-06 07:43:01] DEBUG: Schedule for date | {"context":"ViolationCalculator","employeeId":42,"date":"2026-01-30","isWorkDay":true,"workStart":"09:00","workEnd":"18:00"}
[2026-02-06 07:43:01] DEBUG: Both times present - calculated late/early | {"context":"ViolationCalculator","employeeId":42,"date":"2026-01-30","checkIn":"08:00","checkOut":"13:41","lateMinutes":0,"earlyMinutes":259}
[2026-02-06 07:43:01] DEBUG: Resolving schedule | {"context":"ScheduleResolver","employeeId":42,"date":"2026-01-31","dayOfWeek":6}
[2026-02-06 07:43:01] DEBUG: Employee schedule lookup | {"context":"ScheduleResolver","employeeId":42,"date":"2026-01-31","hasAnySchedule":false,"foundValidSchedule":false}
[2026-02-06 07:43:01] DEBUG: Department schedule lookup | {"context":"ScheduleResolver","employeeId":42,"departmentId":6,"date":"2026-01-31","hasAnySchedule":false,"foundValidSchedule":false}
[2026-02-06 07:43:01] DEBUG: Schedule for date | {"context":"ViolationCalculator","employeeId":42,"date":"2026-01-31","isWorkDay":false,"workStart":"09:00","workEnd":"18:00"}
[2026-02-06 07:43:01] DEBUG: Skipping non-work day | {"context":"ViolationCalculator","employeeId":42,"date":"2026-01-31"}
[2026-02-06 07:43:01] DEBUG: Resolving schedule | {"context":"ScheduleResolver","employeeId":43,"date":"2026-01-10","dayOfWeek":6}
[2026-02-06 07:43:01] DEBUG: Employee schedule lookup | {"context":"ScheduleResolver","employeeId":43,"date":"2026-01-10","hasAnySchedule":false,"foundValidSchedule":false}
[2026-02-06 07:43:01] DEBUG: Department schedule lookup | {"context":"ScheduleResolver","employeeId":43,"departmentId":4,"date":"2026-01-10","hasAnySchedule":false,"foundValidSchedule":false}
[2026-02-06 07:43:01] DEBUG: Schedule for date | {"context":"ViolationCalculator","employeeId":43,"date":"2026-01-10","isWorkDay":false,"workStart":"09:00","workEnd":"18:00"}
[2026-02-06 07:43:01] DEBUG: Skipping non-work day | {"context":"ViolationCalculator","employeeId":43,"date":"2026-01-10"}
[2026-02-06 07:43:01] DEBUG: Resolving schedule | {"context":"ScheduleResolver","employeeId":43,"date":"2026-01-11","dayOfWeek":7}
[2026-02-06 07:43:01] DEBUG: Employee schedule lookup | {"context":"ScheduleResolver","employeeId":43,"date":"2026-01-11","hasAnySchedule":false,"foundValidSchedule":false}
[2026-02-06 07:43:01] DEBUG: Department schedule lookup | {"context":"ScheduleResolver","employeeId":43,"departmentId":4,"date":"2026-01-11","hasAnySchedule":false,"foundValidSchedule":false}
[2026-02-06 07:43:01] DEBUG: Schedule for date | {"context":"ViolationCalculator","employeeId":43,"date":"2026-01-11","isWorkDay":false,"workStart":"09:00","workEnd":"18:00"}
[2026-02-06 07:43:01] DEBUG: Skipping non-work day | {"context":"ViolationCalculator","employeeId":43,"date":"2026-01-11"}
[2026-02-06 07:43:01] DEBUG: Resolving schedule | {"context":"ScheduleResolver","employeeId":43,"date":"2026-01-12","dayOfWeek":1}
[2026-02-06 07:43:01] DEBUG: Employee schedule lookup | {"context":"ScheduleResolver","employeeId":43,"date":"2026-01-12","hasAnySchedule":false,"foundValidSchedule":false}
[2026-02-06 07:43:01] DEBUG: Department schedule lookup | {"context":"ScheduleResolver","employeeId":43,"departmentId":4,"date":"2026-01-12","hasAnySchedule":false,"foundValidSchedule":false}
[2026-02-06 07:43:01] DEBUG: Schedule for date | {"context":"ViolationCalculator","employeeId":43,"date":"2026-01-12","isWorkDay":true,"workStart":"09:00","workEnd":"18:00"}
[2026-02-06 07:43:01] DEBUG: Missing time(s) - counted as absent | {"context":"ViolationCalculator","employeeId":43,"date":"2026-01-12","checkIn":"09:00","checkOut":null,"absentMinutes":540}
[2026-02-06 07:43:01] DEBUG: Resolving schedule | {"context":"ScheduleResolver","employeeId":43,"date":"2026-01-13","dayOfWeek":2}
[2026-02-06 07:43:01] DEBUG: Employee schedule lookup | {"context":"ScheduleResolver","employeeId":43,"date":"2026-01-13","hasAnySchedule":false,"foundValidSchedule":false}
[2026-02-06 07:43:01] DEBUG: Department schedule lookup | {"context":"ScheduleResolver","employeeId":43,"departmentId":4,"date":"2026-01-13","hasAnySchedule":false,"foundValidSchedule":false}
[2026-02-06 07:43:01] DEBUG: Schedule for date | {"context":"ViolationCalculator","employeeId":43,"date":"2026-01-13","isWorkDay":true,"workStart":"09:00","workEnd":"18:00"}
[2026-02-06 07:43:01] DEBUG: Both times present - calculated late/early | {"context":"ViolationCalculator","employeeId":43,"date":"2026-01-13","checkIn":"09:00","checkOut":"18:00","lateMinutes":0,"earlyMinutes":0}
[2026-02-06 07:43:01] DEBUG: Resolving schedule | {"context":"ScheduleResolver","employeeId":43,"date":"2026-01-14","dayOfWeek":3}
[2026-02-06 07:43:01] DEBUG: Employee schedule lookup | {"context":"ScheduleResolver","employeeId":43,"date":"2026-01-14","hasAnySchedule":false,"foundValidSchedule":false}
[2026-02-06 07:43:01] DEBUG: Department schedule lookup | {"context":"ScheduleResolver","employeeId":43,"departmentId":4,"date":"2026-01-14","hasAnySchedule":false,"foundValidSchedule":false}
[2026-02-06 07:43:01] DEBUG: Schedule for date | {"context":"ViolationCalculator","employeeId":43,"date":"2026-01-14","isWorkDay":true,"workStart":"09:00","workEnd":"18:00"}
[2026-02-06 07:43:01] DEBUG: Both times present - calculated late/early | {"context":"ViolationCalculator","employeeId":43,"date":"2026-01-14","checkIn":"09:00","checkOut":"18:00","lateMinutes":0,"earlyMinutes":0}
[2026-02-06 07:43:01] DEBUG: Resolving schedule | {"context":"ScheduleResolver","employeeId":43,"date":"2026-01-15","dayOfWeek":4}
[2026-02-06 07:43:01] DEBUG: Employee schedule lookup | {"context":"ScheduleResolver","employeeId":43,"date":"2026-01-15","hasAnySchedule":false,"foundValidSchedule":false}
[2026-02-06 07:43:01] DEBUG: Department schedule lookup | {"context":"ScheduleResolver","employeeId":43,"departmentId":4,"date":"2026-01-15","hasAnySchedule":false,"foundValidSchedule":false}
[2026-02-06 07:43:01] DEBUG: Schedule for date | {"context":"ViolationCalculator","employeeId":43,"date":"2026-01-15","isWorkDay":true,"workStart":"09:00","workEnd":"18:00"}
[2026-02-06 07:43:01] DEBUG: Both times present - calculated late/early | {"context":"ViolationCalculator","employeeId":43,"date":"2026-01-15","checkIn":"09:00","checkOut":"18:00","lateMinutes":0,"earlyMinutes":0}
[2026-02-06 07:43:01] DEBUG: Resolving schedule | {"context":"ScheduleResolver","employeeId":43,"date":"2026-01-16","dayOfWeek":5}
[2026-02-06 07:43:01] DEBUG: Employee schedule lookup | {"context":"ScheduleResolver","employeeId":43,"date":"2026-01-16","hasAnySchedule":false,"foundValidSchedule":false}
[2026-02-06 07:43:01] DEBUG: Department schedule lookup | {"context":"ScheduleResolver","employeeId":43,"departmentId":4,"date":"2026-01-16","hasAnySchedule":false,"foundValidSchedule":false}
[2026-02-06 07:43:01] DEBUG: Schedule for date | {"context":"ViolationCalculator","employeeId":43,"date":"2026-01-16","isWorkDay":true,"workStart":"09:00","workEnd":"18:00"}
[2026-02-06 07:43:01] DEBUG: Both times present - calculated late/early | {"context":"ViolationCalculator","employeeId":43,"date":"2026-01-16","checkIn":"09:00","checkOut":"18:00","lateMinutes":0,"earlyMinutes":0}
[2026-02-06 07:43:01] DEBUG: Resolving schedule | {"context":"ScheduleResolver","employeeId":43,"date":"2026-01-17","dayOfWeek":6}
[2026-02-06 07:43:01] DEBUG: Employee schedule lookup | {"context":"ScheduleResolver","employeeId":43,"date":"2026-01-17","hasAnySchedule":false,"foundValidSchedule":false}
[2026-02-06 07:43:01] DEBUG: Department schedule lookup | {"context":"ScheduleResolver","employeeId":43,"departmentId":4,"date":"2026-01-17","hasAnySchedule":false,"foundValidSchedule":false}
[2026-02-06 07:43:01] DEBUG: Schedule for date | {"context":"ViolationCalculator","employeeId":43,"date":"2026-01-17","isWorkDay":false,"workStart":"09:00","workEnd":"18:00"}
[2026-02-06 07:43:01] DEBUG: Skipping non-work day | {"context":"ViolationCalculator","employeeId":43,"date":"2026-01-17"}
[2026-02-06 07:43:01] DEBUG: Resolving schedule | {"context":"ScheduleResolver","employeeId":43,"date":"2026-01-18","dayOfWeek":7}
[2026-02-06 07:43:01] DEBUG: Employee schedule lookup | {"context":"ScheduleResolver","employeeId":43,"date":"2026-01-18","hasAnySchedule":false,"foundValidSchedule":false}
[2026-02-06 07:43:01] DEBUG: Department schedule lookup | {"context":"ScheduleResolver","employeeId":43,"departmentId":4,"date":"2026-01-18","hasAnySchedule":false,"foundValidSchedule":false}
[2026-02-06 07:43:01] DEBUG: Schedule for date | {"context":"ViolationCalculator","employeeId":43,"date":"2026-01-18","isWorkDay":false,"workStart":"09:00","workEnd":"18:00"}
[2026-02-06 07:43:01] DEBUG: Skipping non-work day | {"context":"ViolationCalculator","employeeId":43,"date":"2026-01-18"}
[2026-02-06 07:43:01] DEBUG: Resolving schedule | {"context":"ScheduleResolver","employeeId":43,"date":"2026-01-19","dayOfWeek":1}
[2026-02-06 07:43:01] DEBUG: Employee schedule lookup | {"context":"ScheduleResolver","employeeId":43,"date":"2026-01-19","hasAnySchedule":false,"foundValidSchedule":false}
[2026-02-06 07:43:01] DEBUG: Department schedule lookup | {"context":"ScheduleResolver","employeeId":43,"departmentId":4,"date":"2026-01-19","hasAnySchedule":false,"foundValidSchedule":false}
[2026-02-06 07:43:01] DEBUG: Schedule for date | {"context":"ViolationCalculator","employeeId":43,"date":"2026-01-19","isWorkDay":true,"workStart":"09:00","workEnd":"18:00"}
[2026-02-06 07:43:01] DEBUG: Both times present - calculated late/early | {"context":"ViolationCalculator","employeeId":43,"date":"2026-01-19","checkIn":"09:06","checkOut":"18:00","lateMinutes":1,"earlyMinutes":0}
[2026-02-06 07:43:01] DEBUG: Resolving schedule | {"context":"ScheduleResolver","employeeId":43,"date":"2026-01-20","dayOfWeek":2}
[2026-02-06 07:43:01] DEBUG: Employee schedule lookup | {"context":"ScheduleResolver","employeeId":43,"date":"2026-01-20","hasAnySchedule":false,"foundValidSchedule":false}
[2026-02-06 07:43:01] DEBUG: Department schedule lookup | {"context":"ScheduleResolver","employeeId":43,"departmentId":4,"date":"2026-01-20","hasAnySchedule":false,"foundValidSchedule":false}
[2026-02-06 07:43:01] DEBUG: Schedule for date | {"context":"ViolationCalculator","employeeId":43,"date":"2026-01-20","isWorkDay":true,"workStart":"09:00","workEnd":"18:00"}
[2026-02-06 07:43:01] DEBUG: Both times present - calculated late/early | {"context":"ViolationCalculator","employeeId":43,"date":"2026-01-20","checkIn":"09:02","checkOut":"18:00","lateMinutes":0,"earlyMinutes":0}
[2026-02-06 07:43:01] DEBUG: Resolving schedule | {"context":"ScheduleResolver","employeeId":43,"date":"2026-01-21","dayOfWeek":3}
[2026-02-06 07:43:01] DEBUG: Employee schedule lookup | {"context":"ScheduleResolver","employeeId":43,"date":"2026-01-21","hasAnySchedule":false,"foundValidSchedule":false}
[2026-02-06 07:43:01] DEBUG: Department schedule lookup | {"context":"ScheduleResolver","employeeId":43,"departmentId":4,"date":"2026-01-21","hasAnySchedule":false,"foundValidSchedule":false}
[2026-02-06 07:43:01] DEBUG: Schedule for date | {"context":"ViolationCalculator","employeeId":43,"date":"2026-01-21","isWorkDay":true,"workStart":"09:00","workEnd":"18:00"}
[2026-02-06 07:43:01] DEBUG: Both times present - calculated late/early | {"context":"ViolationCalculator","employeeId":43,"date":"2026-01-21","checkIn":"09:04","checkOut":"18:00","lateMinutes":0,"earlyMinutes":0}
[2026-02-06 07:43:01] DEBUG: Resolving schedule | {"context":"ScheduleResolver","employeeId":43,"date":"2026-01-22","dayOfWeek":4}
[2026-02-06 07:43:01] DEBUG: Employee schedule lookup | {"context":"ScheduleResolver","employeeId":43,"date":"2026-01-22","hasAnySchedule":false,"foundValidSchedule":false}
[2026-02-06 07:43:01] DEBUG: Department schedule lookup | {"context":"ScheduleResolver","employeeId":43,"departmentId":4,"date":"2026-01-22","hasAnySchedule":false,"foundValidSchedule":false}
[2026-02-06 07:43:01] DEBUG: Schedule for date | {"context":"ViolationCalculator","employeeId":43,"date":"2026-01-22","isWorkDay":true,"workStart":"09:00","workEnd":"18:00"}
[2026-02-06 07:43:01] DEBUG: Both times present - calculated late/early | {"context":"ViolationCalculator","employeeId":43,"date":"2026-01-22","checkIn":"08:45","checkOut":"17:08","lateMinutes":0,"earlyMinutes":52}
[2026-02-06 07:43:01] DEBUG: Resolving schedule | {"context":"ScheduleResolver","employeeId":43,"date":"2026-01-23","dayOfWeek":5}
[2026-02-06 07:43:01] DEBUG: Employee schedule lookup | {"context":"ScheduleResolver","employeeId":43,"date":"2026-01-23","hasAnySchedule":false,"foundValidSchedule":false}
[2026-02-06 07:43:01] DEBUG: Department schedule lookup | {"context":"ScheduleResolver","employeeId":43,"departmentId":4,"date":"2026-01-23","hasAnySchedule":false,"foundValidSchedule":false}
[2026-02-06 07:43:01] DEBUG: Schedule for date | {"context":"ViolationCalculator","employeeId":43,"date":"2026-01-23","isWorkDay":true,"workStart":"09:00","workEnd":"18:00"}
[2026-02-06 07:43:01] DEBUG: Both times present - calculated late/early | {"context":"ViolationCalculator","employeeId":43,"date":"2026-01-23","checkIn":"09:00","checkOut":"18:00","lateMinutes":0,"earlyMinutes":0}
[2026-02-06 07:43:01] DEBUG: Resolving schedule | {"context":"ScheduleResolver","employeeId":43,"date":"2026-01-24","dayOfWeek":6}
[2026-02-06 07:43:01] DEBUG: Employee schedule lookup | {"context":"ScheduleResolver","employeeId":43,"date":"2026-01-24","hasAnySchedule":false,"foundValidSchedule":false}
[2026-02-06 07:43:01] DEBUG: Department schedule lookup | {"context":"ScheduleResolver","employeeId":43,"departmentId":4,"date":"2026-01-24","hasAnySchedule":false,"foundValidSchedule":false}
[2026-02-06 07:43:01] DEBUG: Schedule for date | {"context":"ViolationCalculator","employeeId":43,"date":"2026-01-24","isWorkDay":false,"workStart":"09:00","workEnd":"18:00"}
[2026-02-06 07:43:01] DEBUG: Skipping non-work day | {"context":"ViolationCalculator","employeeId":43,"date":"2026-01-24"}
[2026-02-06 07:43:01] DEBUG: Resolving schedule | {"context":"ScheduleResolver","employeeId":43,"date":"2026-01-25","dayOfWeek":7}
[2026-02-06 07:43:01] DEBUG: Employee schedule lookup | {"context":"ScheduleResolver","employeeId":43,"date":"2026-01-25","hasAnySchedule":false,"foundValidSchedule":false}
[2026-02-06 07:43:01] DEBUG: Department schedule lookup | {"context":"ScheduleResolver","employeeId":43,"departmentId":4,"date":"2026-01-25","hasAnySchedule":false,"foundValidSchedule":false}
[2026-02-06 07:43:01] DEBUG: Schedule for date | {"context":"ViolationCalculator","employeeId":43,"date":"2026-01-25","isWorkDay":false,"workStart":"09:00","workEnd":"18:00"}
[2026-02-06 07:43:01] DEBUG: Skipping non-work day | {"context":"ViolationCalculator","employeeId":43,"date":"2026-01-25"}
[2026-02-06 07:43:01] DEBUG: Resolving schedule | {"context":"ScheduleResolver","employeeId":43,"date":"2026-01-26","dayOfWeek":1}
[2026-02-06 07:43:01] DEBUG: Employee schedule lookup | {"context":"ScheduleResolver","employeeId":43,"date":"2026-01-26","hasAnySchedule":false,"foundValidSchedule":false}
[2026-02-06 07:43:01] DEBUG: Department schedule lookup | {"context":"ScheduleResolver","employeeId":43,"departmentId":4,"date":"2026-01-26","hasAnySchedule":false,"foundValidSchedule":false}
[2026-02-06 07:43:01] DEBUG: Schedule for date | {"context":"ViolationCalculator","employeeId":43,"date":"2026-01-26","isWorkDay":true,"workStart":"09:00","workEnd":"18:00"}
[2026-02-06 07:43:01] DEBUG: Both times present - calculated late/early | {"context":"ViolationCalculator","employeeId":43,"date":"2026-01-26","checkIn":"09:00","checkOut":"18:00","lateMinutes":0,"earlyMinutes":0}
[2026-02-06 07:43:01] DEBUG: Resolving schedule | {"context":"ScheduleResolver","employeeId":43,"date":"2026-01-27","dayOfWeek":2}
[2026-02-06 07:43:01] DEBUG: Employee schedule lookup | {"context":"ScheduleResolver","employeeId":43,"date":"2026-01-27","hasAnySchedule":false,"foundValidSchedule":false}
[2026-02-06 07:43:01] DEBUG: Department schedule lookup | {"context":"ScheduleResolver","employeeId":43,"departmentId":4,"date":"2026-01-27","hasAnySchedule":false,"foundValidSchedule":false}
[2026-02-06 07:43:01] DEBUG: Schedule for date | {"context":"ViolationCalculator","employeeId":43,"date":"2026-01-27","isWorkDay":true,"workStart":"09:00","workEnd":"18:00"}
[2026-02-06 07:43:01] DEBUG: Both times present - calculated late/early | {"context":"ViolationCalculator","employeeId":43,"date":"2026-01-27","checkIn":"09:00","checkOut":"17:57","lateMinutes":0,"earlyMinutes":3}
[2026-02-06 07:43:01] DEBUG: Resolving schedule | {"context":"ScheduleResolver","employeeId":43,"date":"2026-01-28","dayOfWeek":3}
[2026-02-06 07:43:01] DEBUG: Employee schedule lookup | {"context":"ScheduleResolver","employeeId":43,"date":"2026-01-28","hasAnySchedule":false,"foundValidSchedule":false}
[2026-02-06 07:43:01] DEBUG: Department schedule lookup | {"context":"ScheduleResolver","employeeId":43,"departmentId":4,"date":"2026-01-28","hasAnySchedule":false,"foundValidSchedule":false}
[2026-02-06 07:43:01] DEBUG: Schedule for date | {"context":"ViolationCalculator","employeeId":43,"date":"2026-01-28","isWorkDay":true,"workStart":"09:00","workEnd":"18:00"}
[2026-02-06 07:43:01] DEBUG: Missing time(s) - counted as absent | {"context":"ViolationCalculator","employeeId":43,"date":"2026-01-28","checkIn":"08:56","checkOut":null,"absentMinutes":540}
[2026-02-06 07:43:01] DEBUG: Resolving schedule | {"context":"ScheduleResolver","employeeId":43,"date":"2026-01-29","dayOfWeek":4}
[2026-02-06 07:43:01] DEBUG: Employee schedule lookup | {"context":"ScheduleResolver","employeeId":43,"date":"2026-01-29","hasAnySchedule":false,"foundValidSchedule":false}
[2026-02-06 07:43:01] DEBUG: Department schedule lookup | {"context":"ScheduleResolver","employeeId":43,"departmentId":4,"date":"2026-01-29","hasAnySchedule":false,"foundValidSchedule":false}
[2026-02-06 07:43:01] DEBUG: Schedule for date | {"context":"ViolationCalculator","employeeId":43,"date":"2026-01-29","isWorkDay":true,"workStart":"09:00","workEnd":"18:00"}
[2026-02-06 07:43:01] DEBUG: Both times present - calculated late/early | {"context":"ViolationCalculator","employeeId":43,"date":"2026-01-29","checkIn":"09:09","checkOut":"18:00","lateMinutes":4,"earlyMinutes":0}
[2026-02-06 07:43:01] DEBUG: Resolving schedule | {"context":"ScheduleResolver","employeeId":43,"date":"2026-01-30","dayOfWeek":5}
[2026-02-06 07:43:01] DEBUG: Employee schedule lookup | {"context":"ScheduleResolver","employeeId":43,"date":"2026-01-30","hasAnySchedule":false,"foundValidSchedule":false}
[2026-02-06 07:43:01] DEBUG: Department schedule lookup | {"context":"ScheduleResolver","employeeId":43,"departmentId":4,"date":"2026-01-30","hasAnySchedule":false,"foundValidSchedule":false}
[2026-02-06 07:43:01] DEBUG: Schedule for date | {"context":"ViolationCalculator","employeeId":43,"date":"2026-01-30","isWorkDay":true,"workStart":"09:00","workEnd":"18:00"}
[2026-02-06 07:43:01] DEBUG: Both times present - calculated late/early | {"context":"ViolationCalculator","employeeId":43,"date":"2026-01-30","checkIn":"09:04","checkOut":"18:00","lateMinutes":0,"earlyMinutes":0}
[2026-02-06 07:43:01] DEBUG: Resolving schedule | {"context":"ScheduleResolver","employeeId":43,"date":"2026-01-31","dayOfWeek":6}
[2026-02-06 07:43:01] DEBUG: Employee schedule lookup | {"context":"ScheduleResolver","employeeId":43,"date":"2026-01-31","hasAnySchedule":false,"foundValidSchedule":false}
[2026-02-06 07:43:01] DEBUG: Department schedule lookup | {"context":"ScheduleResolver","employeeId":43,"departmentId":4,"date":"2026-01-31","hasAnySchedule":false,"foundValidSchedule":false}
[2026-02-06 07:43:01] DEBUG: Schedule for date | {"context":"ViolationCalculator","employeeId":43,"date":"2026-01-31","isWorkDay":false,"workStart":"09:00","workEnd":"18:00"}
[2026-02-06 07:43:01] DEBUG: Skipping non-work day | {"context":"ViolationCalculator","employeeId":43,"date":"2026-01-31"}
[2026-02-06 07:43:01] DEBUG: Resolving schedule | {"context":"ScheduleResolver","employeeId":44,"date":"2026-01-10","dayOfWeek":6}
[2026-02-06 07:43:01] DEBUG: Employee schedule lookup | {"context":"ScheduleResolver","employeeId":44,"date":"2026-01-10","hasAnySchedule":false,"foundValidSchedule":false}
[2026-02-06 07:43:01] DEBUG: Department schedule lookup | {"context":"ScheduleResolver","employeeId":44,"departmentId":2,"date":"2026-01-10","hasAnySchedule":false,"foundValidSchedule":false}
[2026-02-06 07:43:01] DEBUG: Schedule for date | {"context":"ViolationCalculator","employeeId":44,"date":"2026-01-10","isWorkDay":false,"workStart":"09:00","workEnd":"18:00"}
[2026-02-06 07:43:01] DEBUG: Skipping non-work day | {"context":"ViolationCalculator","employeeId":44,"date":"2026-01-10"}
[2026-02-06 07:43:01] DEBUG: Resolving schedule | {"context":"ScheduleResolver","employeeId":44,"date":"2026-01-11","dayOfWeek":7}
[2026-02-06 07:43:01] DEBUG: Employee schedule lookup | {"context":"ScheduleResolver","employeeId":44,"date":"2026-01-11","hasAnySchedule":false,"foundValidSchedule":false}
[2026-02-06 07:43:01] DEBUG: Department schedule lookup | {"context":"ScheduleResolver","employeeId":44,"departmentId":2,"date":"2026-01-11","hasAnySchedule":false,"foundValidSchedule":false}
[2026-02-06 07:43:01] DEBUG: Schedule for date | {"context":"ViolationCalculator","employeeId":44,"date":"2026-01-11","isWorkDay":false,"workStart":"09:00","workEnd":"18:00"}
[2026-02-06 07:43:01] DEBUG: Skipping non-work day | {"context":"ViolationCalculator","employeeId":44,"date":"2026-01-11"}
[2026-02-06 07:43:01] DEBUG: Resolving schedule | {"context":"ScheduleResolver","employeeId":44,"date":"2026-01-12","dayOfWeek":1}
[2026-02-06 07:43:01] DEBUG: Employee schedule lookup | {"context":"ScheduleResolver","employeeId":44,"date":"2026-01-12","hasAnySchedule":false,"foundValidSchedule":false}
[2026-02-06 07:43:01] DEBUG: Department schedule lookup | {"context":"ScheduleResolver","employeeId":44,"departmentId":2,"date":"2026-01-12","hasAnySchedule":false,"foundValidSchedule":false}
[2026-02-06 07:43:01] DEBUG: Schedule for date | {"context":"ViolationCalculator","employeeId":44,"date":"2026-01-12","isWorkDay":true,"workStart":"09:00","workEnd":"18:00"}
[2026-02-06 07:43:01] DEBUG: Both times present - calculated late/early | {"context":"ViolationCalculator","employeeId":44,"date":"2026-01-12","checkIn":"09:00","checkOut":"17:49","lateMinutes":0,"earlyMinutes":11}
[2026-02-06 07:43:01] DEBUG: Resolving schedule | {"context":"ScheduleResolver","employeeId":44,"date":"2026-01-13","dayOfWeek":2}
[2026-02-06 07:43:01] DEBUG: Employee schedule lookup | {"context":"ScheduleResolver","employeeId":44,"date":"2026-01-13","hasAnySchedule":false,"foundValidSchedule":false}
[2026-02-06 07:43:01] DEBUG: Department schedule lookup | {"context":"ScheduleResolver","employeeId":44,"departmentId":2,"date":"2026-01-13","hasAnySchedule":false,"foundValidSchedule":false}
[2026-02-06 07:43:01] DEBUG: Schedule for date | {"context":"ViolationCalculator","employeeId":44,"date":"2026-01-13","isWorkDay":true,"workStart":"09:00","workEnd":"18:00"}
[2026-02-06 07:43:01] DEBUG: Both times present - calculated late/early | {"context":"ViolationCalculator","employeeId":44,"date":"2026-01-13","checkIn":"09:07","checkOut":"18:00","lateMinutes":2,"earlyMinutes":0}
[2026-02-06 07:43:01] DEBUG: Resolving schedule | {"context":"ScheduleResolver","employeeId":44,"date":"2026-01-14","dayOfWeek":3}
[2026-02-06 07:43:01] DEBUG: Employee schedule lookup | {"context":"ScheduleResolver","employeeId":44,"date":"2026-01-14","hasAnySchedule":false,"foundValidSchedule":false}
[2026-02-06 07:43:01] DEBUG: Department schedule lookup | {"context":"ScheduleResolver","employeeId":44,"departmentId":2,"date":"2026-01-14","hasAnySchedule":false,"foundValidSchedule":false}
[2026-02-06 07:43:01] DEBUG: Schedule for date | {"context":"ViolationCalculator","employeeId":44,"date":"2026-01-14","isWorkDay":true,"workStart":"09:00","workEnd":"18:00"}
[2026-02-06 07:43:01] DEBUG: Both times present - calculated late/early | {"context":"ViolationCalculator","employeeId":44,"date":"2026-01-14","checkIn":"09:08","checkOut":"18:00","lateMinutes":3,"earlyMinutes":0}
[2026-02-06 07:43:01] DEBUG: Resolving schedule | {"context":"ScheduleResolver","employeeId":44,"date":"2026-01-15","dayOfWeek":4}
[2026-02-06 07:43:01] DEBUG: Employee schedule lookup | {"context":"ScheduleResolver","employeeId":44,"date":"2026-01-15","hasAnySchedule":false,"foundValidSchedule":false}
[2026-02-06 07:43:01] DEBUG: Department schedule lookup | {"context":"ScheduleResolver","employeeId":44,"departmentId":2,"date":"2026-01-15","hasAnySchedule":false,"foundValidSchedule":false}
[2026-02-06 07:43:01] DEBUG: Schedule for date | {"context":"ViolationCalculator","employeeId":44,"date":"2026-01-15","isWorkDay":true,"workStart":"09:00","workEnd":"18:00"}
[2026-02-06 07:43:01] DEBUG: Both times present - calculated late/early | {"context":"ViolationCalculator","employeeId":44,"date":"2026-01-15","checkIn":"09:11","checkOut":"18:00","lateMinutes":6,"earlyMinutes":0}
[2026-02-06 07:43:01] DEBUG: Resolving schedule | {"context":"ScheduleResolver","employeeId":44,"date":"2026-01-16","dayOfWeek":5}
[2026-02-06 07:43:01] DEBUG: Employee schedule lookup | {"context":"ScheduleResolver","employeeId":44,"date":"2026-01-16","hasAnySchedule":false,"foundValidSchedule":false}
[2026-02-06 07:43:01] DEBUG: Department schedule lookup | {"context":"ScheduleResolver","employeeId":44,"departmentId":2,"date":"2026-01-16","hasAnySchedule":false,"foundValidSchedule":false}
[2026-02-06 07:43:01] DEBUG: Schedule for date | {"context":"ViolationCalculator","employeeId":44,"date":"2026-01-16","isWorkDay":true,"workStart":"09:00","workEnd":"18:00"}
[2026-02-06 07:43:01] DEBUG: Both times present - calculated late/early | {"context":"ViolationCalculator","employeeId":44,"date":"2026-01-16","checkIn":"09:13","checkOut":"18:00","lateMinutes":8,"earlyMinutes":0}
[2026-02-06 07:43:01] DEBUG: Resolving schedule | {"context":"ScheduleResolver","employeeId":44,"date":"2026-01-17","dayOfWeek":6}
[2026-02-06 07:43:01] DEBUG: Employee schedule lookup | {"context":"ScheduleResolver","employeeId":44,"date":"2026-01-17","hasAnySchedule":false,"foundValidSchedule":false}
[2026-02-06 07:43:01] DEBUG: Department schedule lookup | {"context":"ScheduleResolver","employeeId":44,"departmentId":2,"date":"2026-01-17","hasAnySchedule":false,"foundValidSchedule":false}
[2026-02-06 07:43:01] DEBUG: Schedule for date | {"context":"ViolationCalculator","employeeId":44,"date":"2026-01-17","isWorkDay":false,"workStart":"09:00","workEnd":"18:00"}
[2026-02-06 07:43:01] DEBUG: Skipping non-work day | {"context":"ViolationCalculator","employeeId":44,"date":"2026-01-17"}
[2026-02-06 07:43:01] DEBUG: Resolving schedule | {"context":"ScheduleResolver","employeeId":44,"date":"2026-01-18","dayOfWeek":7}
[2026-02-06 07:43:01] DEBUG: Employee schedule lookup | {"context":"ScheduleResolver","employeeId":44,"date":"2026-01-18","hasAnySchedule":false,"foundValidSchedule":false}
[2026-02-06 07:43:01] DEBUG: Department schedule lookup | {"context":"ScheduleResolver","employeeId":44,"departmentId":2,"date":"2026-01-18","hasAnySchedule":false,"foundValidSchedule":false}
[2026-02-06 07:43:01] DEBUG: Schedule for date | {"context":"ViolationCalculator","employeeId":44,"date":"2026-01-18","isWorkDay":false,"workStart":"09:00","workEnd":"18:00"}
[2026-02-06 07:43:01] DEBUG: Skipping non-work day | {"context":"ViolationCalculator","employeeId":44,"date":"2026-01-18"}
[2026-02-06 07:43:01] DEBUG: Resolving schedule | {"context":"ScheduleResolver","employeeId":44,"date":"2026-01-19","dayOfWeek":1}
[2026-02-06 07:43:01] DEBUG: Employee schedule lookup | {"context":"ScheduleResolver","employeeId":44,"date":"2026-01-19","hasAnySchedule":false,"foundValidSchedule":false}
[2026-02-06 07:43:01] DEBUG: Department schedule lookup | {"context":"ScheduleResolver","employeeId":44,"departmentId":2,"date":"2026-01-19","hasAnySchedule":false,"foundValidSchedule":false}
[2026-02-06 07:43:01] DEBUG: Schedule for date | {"context":"ViolationCalculator","employeeId":44,"date":"2026-01-19","isWorkDay":true,"workStart":"09:00","workEnd":"18:00"}
[2026-02-06 07:43:01] DEBUG: Both times present - calculated late/early | {"context":"ViolationCalculator","employeeId":44,"date":"2026-01-19","checkIn":"09:18","checkOut":"18:00","lateMinutes":13,"earlyMinutes":0}
[2026-02-06 07:43:01] DEBUG: Resolving schedule | {"context":"ScheduleResolver","employeeId":44,"date":"2026-01-20","dayOfWeek":2}
[2026-02-06 07:43:01] DEBUG: Employee schedule lookup | {"context":"ScheduleResolver","employeeId":44,"date":"2026-01-20","hasAnySchedule":false,"foundValidSchedule":false}
[2026-02-06 07:43:01] DEBUG: Department schedule lookup | {"context":"ScheduleResolver","employeeId":44,"departmentId":2,"date":"2026-01-20","hasAnySchedule":false,"foundValidSchedule":false}
[2026-02-06 07:43:01] DEBUG: Schedule for date | {"context":"ViolationCalculator","employeeId":44,"date":"2026-01-20","isWorkDay":true,"workStart":"09:00","workEnd":"18:00"}
[2026-02-06 07:43:01] DEBUG: Both times present - calculated late/early | {"context":"ViolationCalculator","employeeId":44,"date":"2026-01-20","checkIn":"09:06","checkOut":"18:00","lateMinutes":1,"earlyMinutes":0}
[2026-02-06 07:43:01] DEBUG: Resolving schedule | {"context":"ScheduleResolver","employeeId":44,"date":"2026-01-21","dayOfWeek":3}
[2026-02-06 07:43:01] DEBUG: Employee schedule lookup | {"context":"ScheduleResolver","employeeId":44,"date":"2026-01-21","hasAnySchedule":false,"foundValidSchedule":false}
[2026-02-06 07:43:01] DEBUG: Department schedule lookup | {"context":"ScheduleResolver","employeeId":44,"departmentId":2,"date":"2026-01-21","hasAnySchedule":false,"foundValidSchedule":false}
[2026-02-06 07:43:01] DEBUG: Schedule for date | {"context":"ViolationCalculator","employeeId":44,"date":"2026-01-21","isWorkDay":true,"workStart":"09:00","workEnd":"18:00"}
[2026-02-06 07:43:01] DEBUG: Both times present - calculated late/early | {"context":"ViolationCalculator","employeeId":44,"date":"2026-01-21","checkIn":"09:10","checkOut":"18:00","lateMinutes":5,"earlyMinutes":0}
[2026-02-06 07:43:01] DEBUG: Resolving schedule | {"context":"ScheduleResolver","employeeId":44,"date":"2026-01-22","dayOfWeek":4}
[2026-02-06 07:43:01] DEBUG: Employee schedule lookup | {"context":"ScheduleResolver","employeeId":44,"date":"2026-01-22","hasAnySchedule":false,"foundValidSchedule":false}
[2026-02-06 07:43:01] DEBUG: Department schedule lookup | {"context":"ScheduleResolver","employeeId":44,"departmentId":2,"date":"2026-01-22","hasAnySchedule":false,"foundValidSchedule":false}
[2026-02-06 07:43:01] DEBUG: Schedule for date | {"context":"ViolationCalculator","employeeId":44,"date":"2026-01-22","isWorkDay":true,"workStart":"09:00","workEnd":"18:00"}
[2026-02-06 07:43:01] DEBUG: Both times present - calculated late/early | {"context":"ViolationCalculator","employeeId":44,"date":"2026-01-22","checkIn":"09:09","checkOut":"16:57","lateMinutes":4,"earlyMinutes":63}
[2026-02-06 07:43:01] DEBUG: Resolving schedule | {"context":"ScheduleResolver","employeeId":44,"date":"2026-01-23","dayOfWeek":5}
[2026-02-06 07:43:01] DEBUG: Employee schedule lookup | {"context":"ScheduleResolver","employeeId":44,"date":"2026-01-23","hasAnySchedule":false,"foundValidSchedule":false}
[2026-02-06 07:43:01] DEBUG: Department schedule lookup | {"context":"ScheduleResolver","employeeId":44,"departmentId":2,"date":"2026-01-23","hasAnySchedule":false,"foundValidSchedule":false}
[2026-02-06 07:43:01] DEBUG: Schedule for date | {"context":"ViolationCalculator","employeeId":44,"date":"2026-01-23","isWorkDay":true,"workStart":"09:00","workEnd":"18:00"}
[2026-02-06 07:43:01] DEBUG: Both times present - calculated late/early | {"context":"ViolationCalculator","employeeId":44,"date":"2026-01-23","checkIn":"09:25","checkOut":"18:00","lateMinutes":20,"earlyMinutes":0}
[2026-02-06 07:43:01] DEBUG: Resolving schedule | {"context":"ScheduleResolver","employeeId":44,"date":"2026-01-24","dayOfWeek":6}
[2026-02-06 07:43:01] DEBUG: Employee schedule lookup | {"context":"ScheduleResolver","employeeId":44,"date":"2026-01-24","hasAnySchedule":false,"foundValidSchedule":false}
[2026-02-06 07:43:01] DEBUG: Department schedule lookup | {"context":"ScheduleResolver","employeeId":44,"departmentId":2,"date":"2026-01-24","hasAnySchedule":false,"foundValidSchedule":false}
[2026-02-06 07:43:01] DEBUG: Schedule for date | {"context":"ViolationCalculator","employeeId":44,"date":"2026-01-24","isWorkDay":false,"workStart":"09:00","workEnd":"18:00"}
[2026-02-06 07:43:01] DEBUG: Skipping non-work day | {"context":"ViolationCalculator","employeeId":44,"date":"2026-01-24"}
[2026-02-06 07:43:01] DEBUG: Resolving schedule | {"context":"ScheduleResolver","employeeId":44,"date":"2026-01-25","dayOfWeek":7}
[2026-02-06 07:43:01] DEBUG: Employee schedule lookup | {"context":"ScheduleResolver","employeeId":44,"date":"2026-01-25","hasAnySchedule":false,"foundValidSchedule":false}
[2026-02-06 07:43:01] DEBUG: Department schedule lookup | {"context":"ScheduleResolver","employeeId":44,"departmentId":2,"date":"2026-01-25","hasAnySchedule":false,"foundValidSchedule":false}
[2026-02-06 07:43:01] DEBUG: Schedule for date | {"context":"ViolationCalculator","employeeId":44,"date":"2026-01-25","isWorkDay":false,"workStart":"09:00","workEnd":"18:00"}
[2026-02-06 07:43:01] DEBUG: Skipping non-work day | {"context":"ViolationCalculator","employeeId":44,"date":"2026-01-25"}
[2026-02-06 07:43:01] DEBUG: Resolving schedule | {"context":"ScheduleResolver","employeeId":44,"date":"2026-01-26","dayOfWeek":1}
[2026-02-06 07:43:01] DEBUG: Employee schedule lookup | {"context":"ScheduleResolver","employeeId":44,"date":"2026-01-26","hasAnySchedule":false,"foundValidSchedule":false}
[2026-02-06 07:43:01] DEBUG: Department schedule lookup | {"context":"ScheduleResolver","employeeId":44,"departmentId":2,"date":"2026-01-26","hasAnySchedule":false,"foundValidSchedule":false}
[2026-02-06 07:43:01] DEBUG: Schedule for date | {"context":"ViolationCalculator","employeeId":44,"date":"2026-01-26","isWorkDay":true,"workStart":"09:00","workEnd":"18:00"}
[2026-02-06 07:43:01] DEBUG: Both times present - calculated late/early | {"context":"ViolationCalculator","employeeId":44,"date":"2026-01-26","checkIn":"09:08","checkOut":"18:00","lateMinutes":3,"earlyMinutes":0}
[2026-02-06 07:43:01] DEBUG: Resolving schedule | {"context":"ScheduleResolver","employeeId":44,"date":"2026-01-27","dayOfWeek":2}
[2026-02-06 07:43:01] DEBUG: Employee schedule lookup | {"context":"ScheduleResolver","employeeId":44,"date":"2026-01-27","hasAnySchedule":false,"foundValidSchedule":false}
[2026-02-06 07:43:01] DEBUG: Department schedule lookup | {"context":"ScheduleResolver","employeeId":44,"departmentId":2,"date":"2026-01-27","hasAnySchedule":false,"foundValidSchedule":false}
[2026-02-06 07:43:01] DEBUG: Schedule for date | {"context":"ViolationCalculator","employeeId":44,"date":"2026-01-27","isWorkDay":true,"workStart":"09:00","workEnd":"18:00"}
[2026-02-06 07:43:01] DEBUG: Both times present - calculated late/early | {"context":"ViolationCalculator","employeeId":44,"date":"2026-01-27","checkIn":"09:14","checkOut":"18:00","lateMinutes":9,"earlyMinutes":0}
[2026-02-06 07:43:01] DEBUG: Resolving schedule | {"context":"ScheduleResolver","employeeId":44,"date":"2026-01-28","dayOfWeek":3}
[2026-02-06 07:43:01] DEBUG: Employee schedule lookup | {"context":"ScheduleResolver","employeeId":44,"date":"2026-01-28","hasAnySchedule":false,"foundValidSchedule":false}
[2026-02-06 07:43:01] DEBUG: Department schedule lookup | {"context":"ScheduleResolver","employeeId":44,"departmentId":2,"date":"2026-01-28","hasAnySchedule":false,"foundValidSchedule":false}
[2026-02-06 07:43:01] DEBUG: Schedule for date | {"context":"ViolationCalculator","employeeId":44,"date":"2026-01-28","isWorkDay":true,"workStart":"09:00","workEnd":"18:00"}
[2026-02-06 07:43:01] DEBUG: Both times present - calculated late/early | {"context":"ViolationCalculator","employeeId":44,"date":"2026-01-28","checkIn":"09:09","checkOut":"17:06","lateMinutes":4,"earlyMinutes":54}
[2026-02-06 07:43:01] DEBUG: Resolving schedule | {"context":"ScheduleResolver","employeeId":44,"date":"2026-01-29","dayOfWeek":4}
[2026-02-06 07:43:01] DEBUG: Employee schedule lookup | {"context":"ScheduleResolver","employeeId":44,"date":"2026-01-29","hasAnySchedule":false,"foundValidSchedule":false}
[2026-02-06 07:43:01] DEBUG: Department schedule lookup | {"context":"ScheduleResolver","employeeId":44,"departmentId":2,"date":"2026-01-29","hasAnySchedule":false,"foundValidSchedule":false}
[2026-02-06 07:43:01] DEBUG: Schedule for date | {"context":"ViolationCalculator","employeeId":44,"date":"2026-01-29","isWorkDay":true,"workStart":"09:00","workEnd":"18:00"}
[2026-02-06 07:43:01] DEBUG: Both times present - calculated late/early | {"context":"ViolationCalculator","employeeId":44,"date":"2026-01-29","checkIn":"09:02","checkOut":"18:00","lateMinutes":0,"earlyMinutes":0}
[2026-02-06 07:43:01] DEBUG: Resolving schedule | {"context":"ScheduleResolver","employeeId":44,"date":"2026-01-30","dayOfWeek":5}
[2026-02-06 07:43:01] DEBUG: Employee schedule lookup | {"context":"ScheduleResolver","employeeId":44,"date":"2026-01-30","hasAnySchedule":false,"foundValidSchedule":false}
[2026-02-06 07:43:01] DEBUG: Department schedule lookup | {"context":"ScheduleResolver","employeeId":44,"departmentId":2,"date":"2026-01-30","hasAnySchedule":false,"foundValidSchedule":false}
[2026-02-06 07:43:01] DEBUG: Schedule for date | {"context":"ViolationCalculator","employeeId":44,"date":"2026-01-30","isWorkDay":true,"workStart":"09:00","workEnd":"18:00"}
[2026-02-06 07:43:01] DEBUG: Both times present - calculated late/early | {"context":"ViolationCalculator","employeeId":44,"date":"2026-01-30","checkIn":"09:10","checkOut":"18:00","lateMinutes":5,"earlyMinutes":0}
[2026-02-06 07:43:01] DEBUG: Resolving schedule | {"context":"ScheduleResolver","employeeId":44,"date":"2026-01-31","dayOfWeek":6}
[2026-02-06 07:43:01] DEBUG: Employee schedule lookup | {"context":"ScheduleResolver","employeeId":44,"date":"2026-01-31","hasAnySchedule":false,"foundValidSchedule":false}
[2026-02-06 07:43:01] DEBUG: Department schedule lookup | {"context":"ScheduleResolver","employeeId":44,"departmentId":2,"date":"2026-01-31","hasAnySchedule":false,"foundValidSchedule":false}
[2026-02-06 07:43:01] DEBUG: Schedule for date | {"context":"ViolationCalculator","employeeId":44,"date":"2026-01-31","isWorkDay":false,"workStart":"09:00","workEnd":"18:00"}
[2026-02-06 07:43:01] DEBUG: Skipping non-work day | {"context":"ViolationCalculator","employeeId":44,"date":"2026-01-31"}
[2026-02-06 07:43:01] DEBUG: Resolving schedule | {"context":"ScheduleResolver","employeeId":45,"date":"2026-01-10","dayOfWeek":6}
[2026-02-06 07:43:01] DEBUG: Employee schedule lookup | {"context":"ScheduleResolver","employeeId":45,"date":"2026-01-10","hasAnySchedule":false,"foundValidSchedule":false}
[2026-02-06 07:43:01] DEBUG: Department schedule lookup | {"context":"ScheduleResolver","employeeId":45,"departmentId":3,"date":"2026-01-10","hasAnySchedule":false,"foundValidSchedule":false}
[2026-02-06 07:43:01] DEBUG: Schedule for date | {"context":"ViolationCalculator","employeeId":45,"date":"2026-01-10","isWorkDay":false,"workStart":"09:00","workEnd":"18:00"}
[2026-02-06 07:43:01] DEBUG: Skipping non-work day | {"context":"ViolationCalculator","employeeId":45,"date":"2026-01-10"}
[2026-02-06 07:43:01] DEBUG: Resolving schedule | {"context":"ScheduleResolver","employeeId":45,"date":"2026-01-11","dayOfWeek":7}
[2026-02-06 07:43:01] DEBUG: Employee schedule lookup | {"context":"ScheduleResolver","employeeId":45,"date":"2026-01-11","hasAnySchedule":false,"foundValidSchedule":false}
[2026-02-06 07:43:01] DEBUG: Department schedule lookup | {"context":"ScheduleResolver","employeeId":45,"departmentId":3,"date":"2026-01-11","hasAnySchedule":false,"foundValidSchedule":false}
[2026-02-06 07:43:01] DEBUG: Schedule for date | {"context":"ViolationCalculator","employeeId":45,"date":"2026-01-11","isWorkDay":false,"workStart":"09:00","workEnd":"18:00"}
[2026-02-06 07:43:01] DEBUG: Skipping non-work day | {"context":"ViolationCalculator","employeeId":45,"date":"2026-01-11"}
[2026-02-06 07:43:01] DEBUG: Resolving schedule | {"context":"ScheduleResolver","employeeId":45,"date":"2026-01-12","dayOfWeek":1}
[2026-02-06 07:43:01] DEBUG: Employee schedule lookup | {"context":"ScheduleResolver","employeeId":45,"date":"2026-01-12","hasAnySchedule":false,"foundValidSchedule":false}
[2026-02-06 07:43:01] DEBUG: Department schedule lookup | {"context":"ScheduleResolver","employeeId":45,"departmentId":3,"date":"2026-01-12","hasAnySchedule":false,"foundValidSchedule":false}
[2026-02-06 07:43:01] DEBUG: Schedule for date | {"context":"ViolationCalculator","employeeId":45,"date":"2026-01-12","isWorkDay":true,"workStart":"09:00","workEnd":"18:00"}
[2026-02-06 07:43:01] DEBUG: Both times present - calculated late/early | {"context":"ViolationCalculator","employeeId":45,"date":"2026-01-12","checkIn":"09:00","checkOut":"18:00","lateMinutes":0,"earlyMinutes":0}
[2026-02-06 07:43:01] DEBUG: Resolving schedule | {"context":"ScheduleResolver","employeeId":45,"date":"2026-01-13","dayOfWeek":2}
[2026-02-06 07:43:01] DEBUG: Employee schedule lookup | {"context":"ScheduleResolver","employeeId":45,"date":"2026-01-13","hasAnySchedule":false,"foundValidSchedule":false}
[2026-02-06 07:43:01] DEBUG: Department schedule lookup | {"context":"ScheduleResolver","employeeId":45,"departmentId":3,"date":"2026-01-13","hasAnySchedule":false,"foundValidSchedule":false}
[2026-02-06 07:43:01] DEBUG: Schedule for date | {"context":"ViolationCalculator","employeeId":45,"date":"2026-01-13","isWorkDay":true,"workStart":"09:00","workEnd":"18:00"}
[2026-02-06 07:43:01] DEBUG: Both times present - calculated late/early | {"context":"ViolationCalculator","employeeId":45,"date":"2026-01-13","checkIn":"09:00","checkOut":"18:00","lateMinutes":0,"earlyMinutes":0}
[2026-02-06 07:43:01] DEBUG: Resolving schedule | {"context":"ScheduleResolver","employeeId":45,"date":"2026-01-14","dayOfWeek":3}
[2026-02-06 07:43:01] DEBUG: Employee schedule lookup | {"context":"ScheduleResolver","employeeId":45,"date":"2026-01-14","hasAnySchedule":false,"foundValidSchedule":false}
[2026-02-06 07:43:01] DEBUG: Department schedule lookup | {"context":"ScheduleResolver","employeeId":45,"departmentId":3,"date":"2026-01-14","hasAnySchedule":false,"foundValidSchedule":false}
[2026-02-06 07:43:01] DEBUG: Schedule for date | {"context":"ViolationCalculator","employeeId":45,"date":"2026-01-14","isWorkDay":true,"workStart":"09:00","workEnd":"18:00"}
[2026-02-06 07:43:01] DEBUG: Missing time(s) - counted as absent | {"context":"ViolationCalculator","employeeId":45,"date":"2026-01-14","checkIn":"09:00","checkOut":null,"absentMinutes":540}
[2026-02-06 07:43:01] DEBUG: Resolving schedule | {"context":"ScheduleResolver","employeeId":45,"date":"2026-01-15","dayOfWeek":4}
[2026-02-06 07:43:01] DEBUG: Employee schedule lookup | {"context":"ScheduleResolver","employeeId":45,"date":"2026-01-15","hasAnySchedule":false,"foundValidSchedule":false}
[2026-02-06 07:43:01] DEBUG: Department schedule lookup | {"context":"ScheduleResolver","employeeId":45,"departmentId":3,"date":"2026-01-15","hasAnySchedule":false,"foundValidSchedule":false}
[2026-02-06 07:43:01] DEBUG: Schedule for date | {"context":"ViolationCalculator","employeeId":45,"date":"2026-01-15","isWorkDay":true,"workStart":"09:00","workEnd":"18:00"}
[2026-02-06 07:43:01] DEBUG: Both times present - calculated late/early | {"context":"ViolationCalculator","employeeId":45,"date":"2026-01-15","checkIn":"09:00","checkOut":"18:00","lateMinutes":0,"earlyMinutes":0}
[2026-02-06 07:43:01] DEBUG: Resolving schedule | {"context":"ScheduleResolver","employeeId":45,"date":"2026-01-16","dayOfWeek":5}
[2026-02-06 07:43:01] DEBUG: Employee schedule lookup | {"context":"ScheduleResolver","employeeId":45,"date":"2026-01-16","hasAnySchedule":false,"foundValidSchedule":false}
[2026-02-06 07:43:01] DEBUG: Department schedule lookup | {"context":"ScheduleResolver","employeeId":45,"departmentId":3,"date":"2026-01-16","hasAnySchedule":false,"foundValidSchedule":false}
[2026-02-06 07:43:01] DEBUG: Schedule for date | {"context":"ViolationCalculator","employeeId":45,"date":"2026-01-16","isWorkDay":true,"workStart":"09:00","workEnd":"18:00"}
[2026-02-06 07:43:01] DEBUG: Both times present - calculated late/early | {"context":"ViolationCalculator","employeeId":45,"date":"2026-01-16","checkIn":"09:00","checkOut":"18:00","lateMinutes":0,"earlyMinutes":0}
[2026-02-06 07:43:01] DEBUG: Resolving schedule | {"context":"ScheduleResolver","employeeId":45,"date":"2026-01-17","dayOfWeek":6}
[2026-02-06 07:43:01] DEBUG: Employee schedule lookup | {"context":"ScheduleResolver","employeeId":45,"date":"2026-01-17","hasAnySchedule":false,"foundValidSchedule":false}
[2026-02-06 07:43:01] DEBUG: Department schedule lookup | {"context":"ScheduleResolver","employeeId":45,"departmentId":3,"date":"2026-01-17","hasAnySchedule":false,"foundValidSchedule":false}
[2026-02-06 07:43:01] DEBUG: Schedule for date | {"context":"ViolationCalculator","employeeId":45,"date":"2026-01-17","isWorkDay":false,"workStart":"09:00","workEnd":"18:00"}
[2026-02-06 07:43:01] DEBUG: Skipping non-work day | {"context":"ViolationCalculator","employeeId":45,"date":"2026-01-17"}
[2026-02-06 07:43:01] DEBUG: Resolving schedule | {"context":"ScheduleResolver","employeeId":45,"date":"2026-01-18","dayOfWeek":7}
[2026-02-06 07:43:01] DEBUG: Employee schedule lookup | {"context":"ScheduleResolver","employeeId":45,"date":"2026-01-18","hasAnySchedule":false,"foundValidSchedule":false}
[2026-02-06 07:43:01] DEBUG: Department schedule lookup | {"context":"ScheduleResolver","employeeId":45,"departmentId":3,"date":"2026-01-18","hasAnySchedule":false,"foundValidSchedule":false}
[2026-02-06 07:43:01] DEBUG: Schedule for date | {"context":"ViolationCalculator","employeeId":45,"date":"2026-01-18","isWorkDay":false,"workStart":"09:00","workEnd":"18:00"}
[2026-02-06 07:43:01] DEBUG: Skipping non-work day | {"context":"ViolationCalculator","employeeId":45,"date":"2026-01-18"}
[2026-02-06 07:43:01] DEBUG: Resolving schedule | {"context":"ScheduleResolver","employeeId":45,"date":"2026-01-19","dayOfWeek":1}
[2026-02-06 07:43:01] DEBUG: Employee schedule lookup | {"context":"ScheduleResolver","employeeId":45,"date":"2026-01-19","hasAnySchedule":false,"foundValidSchedule":false}
[2026-02-06 07:43:01] DEBUG: Department schedule lookup | {"context":"ScheduleResolver","employeeId":45,"departmentId":3,"date":"2026-01-19","hasAnySchedule":false,"foundValidSchedule":false}
[2026-02-06 07:43:01] DEBUG: Schedule for date | {"context":"ViolationCalculator","employeeId":45,"date":"2026-01-19","isWorkDay":true,"workStart":"09:00","workEnd":"18:00"}
[2026-02-06 07:43:01] DEBUG: Both times present - calculated late/early | {"context":"ViolationCalculator","employeeId":45,"date":"2026-01-19","checkIn":"09:00","checkOut":"18:00","lateMinutes":0,"earlyMinutes":0}
[2026-02-06 07:43:01] DEBUG: Resolving schedule | {"context":"ScheduleResolver","employeeId":45,"date":"2026-01-20","dayOfWeek":2}
[2026-02-06 07:43:01] DEBUG: Employee schedule lookup | {"context":"ScheduleResolver","employeeId":45,"date":"2026-01-20","hasAnySchedule":false,"foundValidSchedule":false}
[2026-02-06 07:43:01] DEBUG: Department schedule lookup | {"context":"ScheduleResolver","employeeId":45,"departmentId":3,"date":"2026-01-20","hasAnySchedule":false,"foundValidSchedule":false}
[2026-02-06 07:43:01] DEBUG: Schedule for date | {"context":"ViolationCalculator","employeeId":45,"date":"2026-01-20","isWorkDay":true,"workStart":"09:00","workEnd":"18:00"}
[2026-02-06 07:43:01] DEBUG: Both times present - calculated late/early | {"context":"ViolationCalculator","employeeId":45,"date":"2026-01-20","checkIn":"09:00","checkOut":"18:00","lateMinutes":0,"earlyMinutes":0}
[2026-02-06 07:43:01] DEBUG: Resolving schedule | {"context":"ScheduleResolver","employeeId":45,"date":"2026-01-21","dayOfWeek":3}
[2026-02-06 07:43:01] DEBUG: Employee schedule lookup | {"context":"ScheduleResolver","employeeId":45,"date":"2026-01-21","hasAnySchedule":false,"foundValidSchedule":false}
[2026-02-06 07:43:01] DEBUG: Department schedule lookup | {"context":"ScheduleResolver","employeeId":45,"departmentId":3,"date":"2026-01-21","hasAnySchedule":false,"foundValidSchedule":false}
[2026-02-06 07:43:01] DEBUG: Schedule for date | {"context":"ViolationCalculator","employeeId":45,"date":"2026-01-21","isWorkDay":true,"workStart":"09:00","workEnd":"18:00"}
[2026-02-06 07:43:01] DEBUG: Both times present - calculated late/early | {"context":"ViolationCalculator","employeeId":45,"date":"2026-01-21","checkIn":"09:00","checkOut":"18:00","lateMinutes":0,"earlyMinutes":0}
[2026-02-06 07:43:01] DEBUG: Resolving schedule | {"context":"ScheduleResolver","employeeId":45,"date":"2026-01-22","dayOfWeek":4}
[2026-02-06 07:43:01] DEBUG: Employee schedule lookup | {"context":"ScheduleResolver","employeeId":45,"date":"2026-01-22","hasAnySchedule":false,"foundValidSchedule":false}
[2026-02-06 07:43:01] DEBUG: Department schedule lookup | {"context":"ScheduleResolver","employeeId":45,"departmentId":3,"date":"2026-01-22","hasAnySchedule":false,"foundValidSchedule":false}
[2026-02-06 07:43:01] DEBUG: Schedule for date | {"context":"ViolationCalculator","employeeId":45,"date":"2026-01-22","isWorkDay":true,"workStart":"09:00","workEnd":"18:00"}
[2026-02-06 07:43:01] DEBUG: Both times present - calculated late/early | {"context":"ViolationCalculator","employeeId":45,"date":"2026-01-22","checkIn":"08:54","checkOut":"16:55","lateMinutes":0,"earlyMinutes":65}
[2026-02-06 07:43:01] DEBUG: Resolving schedule | {"context":"ScheduleResolver","employeeId":45,"date":"2026-01-23","dayOfWeek":5}
[2026-02-06 07:43:01] DEBUG: Employee schedule lookup | {"context":"ScheduleResolver","employeeId":45,"date":"2026-01-23","hasAnySchedule":false,"foundValidSchedule":false}
[2026-02-06 07:43:01] DEBUG: Department schedule lookup | {"context":"ScheduleResolver","employeeId":45,"departmentId":3,"date":"2026-01-23","hasAnySchedule":false,"foundValidSchedule":false}
[2026-02-06 07:43:01] DEBUG: Schedule for date | {"context":"ViolationCalculator","employeeId":45,"date":"2026-01-23","isWorkDay":true,"workStart":"09:00","workEnd":"18:00"}
[2026-02-06 07:43:01] DEBUG: Both times present - calculated late/early | {"context":"ViolationCalculator","employeeId":45,"date":"2026-01-23","checkIn":"09:00","checkOut":"18:00","lateMinutes":0,"earlyMinutes":0}
[2026-02-06 07:43:01] DEBUG: Resolving schedule | {"context":"ScheduleResolver","employeeId":45,"date":"2026-01-24","dayOfWeek":6}
[2026-02-06 07:43:01] DEBUG: Employee schedule lookup | {"context":"ScheduleResolver","employeeId":45,"date":"2026-01-24","hasAnySchedule":false,"foundValidSchedule":false}
[2026-02-06 07:43:01] DEBUG: Department schedule lookup | {"context":"ScheduleResolver","employeeId":45,"departmentId":3,"date":"2026-01-24","hasAnySchedule":false,"foundValidSchedule":false}
[2026-02-06 07:43:01] DEBUG: Schedule for date | {"context":"ViolationCalculator","employeeId":45,"date":"2026-01-24","isWorkDay":false,"workStart":"09:00","workEnd":"18:00"}
[2026-02-06 07:43:01] DEBUG: Skipping non-work day | {"context":"ViolationCalculator","employeeId":45,"date":"2026-01-24"}
[2026-02-06 07:43:01] DEBUG: Resolving schedule | {"context":"ScheduleResolver","employeeId":45,"date":"2026-01-25","dayOfWeek":7}
[2026-02-06 07:43:01] DEBUG: Employee schedule lookup | {"context":"ScheduleResolver","employeeId":45,"date":"2026-01-25","hasAnySchedule":false,"foundValidSchedule":false}
[2026-02-06 07:43:01] DEBUG: Department schedule lookup | {"context":"ScheduleResolver","employeeId":45,"departmentId":3,"date":"2026-01-25","hasAnySchedule":false,"foundValidSchedule":false}
[2026-02-06 07:43:01] DEBUG: Schedule for date | {"context":"ViolationCalculator","employeeId":45,"date":"2026-01-25","isWorkDay":false,"workStart":"09:00","workEnd":"18:00"}
[2026-02-06 07:43:01] DEBUG: Skipping non-work day | {"context":"ViolationCalculator","employeeId":45,"date":"2026-01-25"}
[2026-02-06 07:43:01] DEBUG: Resolving schedule | {"context":"ScheduleResolver","employeeId":45,"date":"2026-01-26","dayOfWeek":1}
[2026-02-06 07:43:01] DEBUG: Employee schedule lookup | {"context":"ScheduleResolver","employeeId":45,"date":"2026-01-26","hasAnySchedule":false,"foundValidSchedule":false}
[2026-02-06 07:43:01] DEBUG: Department schedule lookup | {"context":"ScheduleResolver","employeeId":45,"departmentId":3,"date":"2026-01-26","hasAnySchedule":false,"foundValidSchedule":false}
[2026-02-06 07:43:01] DEBUG: Schedule for date | {"context":"ViolationCalculator","employeeId":45,"date":"2026-01-26","isWorkDay":true,"workStart":"09:00","workEnd":"18:00"}
[2026-02-06 07:43:01] DEBUG: Both times present - calculated late/early | {"context":"ViolationCalculator","employeeId":45,"date":"2026-01-26","checkIn":"09:00","checkOut":"18:00","lateMinutes":0,"earlyMinutes":0}
[2026-02-06 07:43:01] DEBUG: Resolving schedule | {"context":"ScheduleResolver","employeeId":45,"date":"2026-01-27","dayOfWeek":2}
[2026-02-06 07:43:01] DEBUG: Employee schedule lookup | {"context":"ScheduleResolver","employeeId":45,"date":"2026-01-27","hasAnySchedule":false,"foundValidSchedule":false}
[2026-02-06 07:43:01] DEBUG: Department schedule lookup | {"context":"ScheduleResolver","employeeId":45,"departmentId":3,"date":"2026-01-27","hasAnySchedule":false,"foundValidSchedule":false}
[2026-02-06 07:43:01] DEBUG: Schedule for date | {"context":"ViolationCalculator","employeeId":45,"date":"2026-01-27","isWorkDay":true,"workStart":"09:00","workEnd":"18:00"}
[2026-02-06 07:43:01] DEBUG: Both times present - calculated late/early | {"context":"ViolationCalculator","employeeId":45,"date":"2026-01-27","checkIn":"09:00","checkOut":"17:58","lateMinutes":0,"earlyMinutes":2}
[2026-02-06 07:43:01] DEBUG: Resolving schedule | {"context":"ScheduleResolver","employeeId":45,"date":"2026-01-28","dayOfWeek":3}
[2026-02-06 07:43:01] DEBUG: Employee schedule lookup | {"context":"ScheduleResolver","employeeId":45,"date":"2026-01-28","hasAnySchedule":false,"foundValidSchedule":false}
[2026-02-06 07:43:01] DEBUG: Department schedule lookup | {"context":"ScheduleResolver","employeeId":45,"departmentId":3,"date":"2026-01-28","hasAnySchedule":false,"foundValidSchedule":false}
[2026-02-06 07:43:01] DEBUG: Schedule for date | {"context":"ViolationCalculator","employeeId":45,"date":"2026-01-28","isWorkDay":true,"workStart":"09:00","workEnd":"18:00"}
[2026-02-06 07:43:01] DEBUG: Both times present - calculated late/early | {"context":"ViolationCalculator","employeeId":45,"date":"2026-01-28","checkIn":"08:47","checkOut":"17:04","lateMinutes":0,"earlyMinutes":56}
[2026-02-06 07:43:01] DEBUG: Resolving schedule | {"context":"ScheduleResolver","employeeId":45,"date":"2026-01-29","dayOfWeek":4}
[2026-02-06 07:43:01] DEBUG: Employee schedule lookup | {"context":"ScheduleResolver","employeeId":45,"date":"2026-01-29","hasAnySchedule":false,"foundValidSchedule":false}
[2026-02-06 07:43:01] DEBUG: Department schedule lookup | {"context":"ScheduleResolver","employeeId":45,"departmentId":3,"date":"2026-01-29","hasAnySchedule":false,"foundValidSchedule":false}
[2026-02-06 07:43:01] DEBUG: Schedule for date | {"context":"ViolationCalculator","employeeId":45,"date":"2026-01-29","isWorkDay":true,"workStart":"09:00","workEnd":"18:00"}
[2026-02-06 07:43:01] DEBUG: Both times present - calculated late/early | {"context":"ViolationCalculator","employeeId":45,"date":"2026-01-29","checkIn":"09:00","checkOut":"18:00","lateMinutes":0,"earlyMinutes":0}
[2026-02-06 07:43:01] DEBUG: Resolving schedule | {"context":"ScheduleResolver","employeeId":45,"date":"2026-01-30","dayOfWeek":5}
[2026-02-06 07:43:01] DEBUG: Employee schedule lookup | {"context":"ScheduleResolver","employeeId":45,"date":"2026-01-30","hasAnySchedule":false,"foundValidSchedule":false}
[2026-02-06 07:43:01] DEBUG: Department schedule lookup | {"context":"ScheduleResolver","employeeId":45,"departmentId":3,"date":"2026-01-30","hasAnySchedule":false,"foundValidSchedule":false}
[2026-02-06 07:43:01] DEBUG: Schedule for date | {"context":"ViolationCalculator","employeeId":45,"date":"2026-01-30","isWorkDay":true,"workStart":"09:00","workEnd":"18:00"}
[2026-02-06 07:43:01] DEBUG: Both times present - calculated late/early | {"context":"ViolationCalculator","employeeId":45,"date":"2026-01-30","checkIn":"09:00","checkOut":"18:00","lateMinutes":0,"earlyMinutes":0}
[2026-02-06 07:43:01] DEBUG: Resolving schedule | {"context":"ScheduleResolver","employeeId":45,"date":"2026-01-31","dayOfWeek":6}
[2026-02-06 07:43:01] DEBUG: Employee schedule lookup | {"context":"ScheduleResolver","employeeId":45,"date":"2026-01-31","hasAnySchedule":false,"foundValidSchedule":false}
[2026-02-06 07:43:01] DEBUG: Department schedule lookup | {"context":"ScheduleResolver","employeeId":45,"departmentId":3,"date":"2026-01-31","hasAnySchedule":false,"foundValidSchedule":false}
[2026-02-06 07:43:01] DEBUG: Schedule for date | {"context":"ViolationCalculator","employeeId":45,"date":"2026-01-31","isWorkDay":false,"workStart":"09:00","workEnd":"18:00"}
[2026-02-06 07:43:01] DEBUG: Skipping non-work day | {"context":"ViolationCalculator","employeeId":45,"date":"2026-01-31"}
[2026-02-06 07:43:01] DEBUG: Resolving schedule | {"context":"ScheduleResolver","employeeId":46,"date":"2026-01-10","dayOfWeek":6}
[2026-02-06 07:43:01] DEBUG: Employee schedule lookup | {"context":"ScheduleResolver","employeeId":46,"date":"2026-01-10","hasAnySchedule":false,"foundValidSchedule":false}
[2026-02-06 07:43:01] DEBUG: Department schedule lookup | {"context":"ScheduleResolver","employeeId":46,"departmentId":12,"date":"2026-01-10","hasAnySchedule":false,"foundValidSchedule":false}
[2026-02-06 07:43:01] DEBUG: Schedule for date | {"context":"ViolationCalculator","employeeId":46,"date":"2026-01-10","isWorkDay":false,"workStart":"09:00","workEnd":"18:00"}
[2026-02-06 07:43:01] DEBUG: Skipping non-work day | {"context":"ViolationCalculator","employeeId":46,"date":"2026-01-10"}
[2026-02-06 07:43:01] DEBUG: Resolving schedule | {"context":"ScheduleResolver","employeeId":46,"date":"2026-01-11","dayOfWeek":7}
[2026-02-06 07:43:01] DEBUG: Employee schedule lookup | {"context":"ScheduleResolver","employeeId":46,"date":"2026-01-11","hasAnySchedule":false,"foundValidSchedule":false}
[2026-02-06 07:43:01] DEBUG: Department schedule lookup | {"context":"ScheduleResolver","employeeId":46,"departmentId":12,"date":"2026-01-11","hasAnySchedule":false,"foundValidSchedule":false}
[2026-02-06 07:43:01] DEBUG: Schedule for date | {"context":"ViolationCalculator","employeeId":46,"date":"2026-01-11","isWorkDay":false,"workStart":"09:00","workEnd":"18:00"}
[2026-02-06 07:43:01] DEBUG: Skipping non-work day | {"context":"ViolationCalculator","employeeId":46,"date":"2026-01-11"}
[2026-02-06 07:43:01] DEBUG: Resolving schedule | {"context":"ScheduleResolver","employeeId":46,"date":"2026-01-12","dayOfWeek":1}
[2026-02-06 07:43:01] DEBUG: Employee schedule lookup | {"context":"ScheduleResolver","employeeId":46,"date":"2026-01-12","hasAnySchedule":false,"foundValidSchedule":false}
[2026-02-06 07:43:01] DEBUG: Department schedule lookup | {"context":"ScheduleResolver","employeeId":46,"departmentId":12,"date":"2026-01-12","hasAnySchedule":false,"foundValidSchedule":false}
[2026-02-06 07:43:01] DEBUG: Schedule for date | {"context":"ViolationCalculator","employeeId":46,"date":"2026-01-12","isWorkDay":true,"workStart":"09:00","workEnd":"18:00"}
[2026-02-06 07:43:01] DEBUG: Both times present - calculated late/early | {"context":"ViolationCalculator","employeeId":46,"date":"2026-01-12","checkIn":"09:00","checkOut":"18:00","lateMinutes":0,"earlyMinutes":0}
[2026-02-06 07:43:01] DEBUG: Resolving schedule | {"context":"ScheduleResolver","employeeId":46,"date":"2026-01-13","dayOfWeek":2}
[2026-02-06 07:43:01] DEBUG: Employee schedule lookup | {"context":"ScheduleResolver","employeeId":46,"date":"2026-01-13","hasAnySchedule":false,"foundValidSchedule":false}
[2026-02-06 07:43:01] DEBUG: Department schedule lookup | {"context":"ScheduleResolver","employeeId":46,"departmentId":12,"date":"2026-01-13","hasAnySchedule":false,"foundValidSchedule":false}
[2026-02-06 07:43:01] DEBUG: Schedule for date | {"context":"ViolationCalculator","employeeId":46,"date":"2026-01-13","isWorkDay":true,"workStart":"09:00","workEnd":"18:00"}
[2026-02-06 07:43:01] DEBUG: Both times present - calculated late/early | {"context":"ViolationCalculator","employeeId":46,"date":"2026-01-13","checkIn":"11:55","checkOut":"18:00","lateMinutes":170,"earlyMinutes":0}
[2026-02-06 07:43:01] DEBUG: Resolving schedule | {"context":"ScheduleResolver","employeeId":46,"date":"2026-01-14","dayOfWeek":3}
[2026-02-06 07:43:01] DEBUG: Employee schedule lookup | {"context":"ScheduleResolver","employeeId":46,"date":"2026-01-14","hasAnySchedule":false,"foundValidSchedule":false}
[2026-02-06 07:43:01] DEBUG: Department schedule lookup | {"context":"ScheduleResolver","employeeId":46,"departmentId":12,"date":"2026-01-14","hasAnySchedule":false,"foundValidSchedule":false}
[2026-02-06 07:43:01] DEBUG: Schedule for date | {"context":"ViolationCalculator","employeeId":46,"date":"2026-01-14","isWorkDay":true,"workStart":"09:00","workEnd":"18:00"}
[2026-02-06 07:43:01] DEBUG: Both times present - calculated late/early | {"context":"ViolationCalculator","employeeId":46,"date":"2026-01-14","checkIn":"09:02","checkOut":"18:00","lateMinutes":0,"earlyMinutes":0}
[2026-02-06 07:43:01] DEBUG: Resolving schedule | {"context":"ScheduleResolver","employeeId":46,"date":"2026-01-15","dayOfWeek":4}
[2026-02-06 07:43:01] DEBUG: Employee schedule lookup | {"context":"ScheduleResolver","employeeId":46,"date":"2026-01-15","hasAnySchedule":false,"foundValidSchedule":false}
[2026-02-06 07:43:01] DEBUG: Department schedule lookup | {"context":"ScheduleResolver","employeeId":46,"departmentId":12,"date":"2026-01-15","hasAnySchedule":false,"foundValidSchedule":false}
[2026-02-06 07:43:01] DEBUG: Schedule for date | {"context":"ViolationCalculator","employeeId":46,"date":"2026-01-15","isWorkDay":true,"workStart":"09:00","workEnd":"18:00"}
[2026-02-06 07:43:01] DEBUG: Both times present - calculated late/early | {"context":"ViolationCalculator","employeeId":46,"date":"2026-01-15","checkIn":"09:00","checkOut":"18:00","lateMinutes":0,"earlyMinutes":0}
[2026-02-06 07:43:01] DEBUG: Resolving schedule | {"context":"ScheduleResolver","employeeId":46,"date":"2026-01-16","dayOfWeek":5}
[2026-02-06 07:43:01] DEBUG: Employee schedule lookup | {"context":"ScheduleResolver","employeeId":46,"date":"2026-01-16","hasAnySchedule":false,"foundValidSchedule":false}
[2026-02-06 07:43:01] DEBUG: Department schedule lookup | {"context":"ScheduleResolver","employeeId":46,"departmentId":12,"date":"2026-01-16","hasAnySchedule":false,"foundValidSchedule":false}
[2026-02-06 07:43:01] DEBUG: Schedule for date | {"context":"ViolationCalculator","employeeId":46,"date":"2026-01-16","isWorkDay":true,"workStart":"09:00","workEnd":"18:00"}
[2026-02-06 07:43:01] DEBUG: Both times present - calculated late/early | {"context":"ViolationCalculator","employeeId":46,"date":"2026-01-16","checkIn":"09:00","checkOut":"18:00","lateMinutes":0,"earlyMinutes":0}
[2026-02-06 07:43:01] DEBUG: Resolving schedule | {"context":"ScheduleResolver","employeeId":46,"date":"2026-01-17","dayOfWeek":6}
[2026-02-06 07:43:01] DEBUG: Employee schedule lookup | {"context":"ScheduleResolver","employeeId":46,"date":"2026-01-17","hasAnySchedule":false,"foundValidSchedule":false}
[2026-02-06 07:43:01] DEBUG: Department schedule lookup | {"context":"ScheduleResolver","employeeId":46,"departmentId":12,"date":"2026-01-17","hasAnySchedule":false,"foundValidSchedule":false}
[2026-02-06 07:43:01] DEBUG: Schedule for date | {"context":"ViolationCalculator","employeeId":46,"date":"2026-01-17","isWorkDay":false,"workStart":"09:00","workEnd":"18:00"}
[2026-02-06 07:43:01] DEBUG: Skipping non-work day | {"context":"ViolationCalculator","employeeId":46,"date":"2026-01-17"}
[2026-02-06 07:43:01] DEBUG: Resolving schedule | {"context":"ScheduleResolver","employeeId":46,"date":"2026-01-18","dayOfWeek":7}
[2026-02-06 07:43:01] DEBUG: Employee schedule lookup | {"context":"ScheduleResolver","employeeId":46,"date":"2026-01-18","hasAnySchedule":false,"foundValidSchedule":false}
[2026-02-06 07:43:01] DEBUG: Department schedule lookup | {"context":"ScheduleResolver","employeeId":46,"departmentId":12,"date":"2026-01-18","hasAnySchedule":false,"foundValidSchedule":false}
[2026-02-06 07:43:01] DEBUG: Schedule for date | {"context":"ViolationCalculator","employeeId":46,"date":"2026-01-18","isWorkDay":false,"workStart":"09:00","workEnd":"18:00"}
[2026-02-06 07:43:01] DEBUG: Skipping non-work day | {"context":"ViolationCalculator","employeeId":46,"date":"2026-01-18"}
[2026-02-06 07:43:01] DEBUG: Resolving schedule | {"context":"ScheduleResolver","employeeId":46,"date":"2026-01-19","dayOfWeek":1}
[2026-02-06 07:43:01] DEBUG: Employee schedule lookup | {"context":"ScheduleResolver","employeeId":46,"date":"2026-01-19","hasAnySchedule":false,"foundValidSchedule":false}
[2026-02-06 07:43:01] DEBUG: Department schedule lookup | {"context":"ScheduleResolver","employeeId":46,"departmentId":12,"date":"2026-01-19","hasAnySchedule":false,"foundValidSchedule":false}
[2026-02-06 07:43:01] DEBUG: Schedule for date | {"context":"ViolationCalculator","employeeId":46,"date":"2026-01-19","isWorkDay":true,"workStart":"09:00","workEnd":"18:00"}
[2026-02-06 07:43:01] DEBUG: Both times present - calculated late/early | {"context":"ViolationCalculator","employeeId":46,"date":"2026-01-19","checkIn":"09:00","checkOut":"18:00","lateMinutes":0,"earlyMinutes":0}
[2026-02-06 07:43:01] DEBUG: Resolving schedule | {"context":"ScheduleResolver","employeeId":46,"date":"2026-01-20","dayOfWeek":2}
[2026-02-06 07:43:01] DEBUG: Employee schedule lookup | {"context":"ScheduleResolver","employeeId":46,"date":"2026-01-20","hasAnySchedule":false,"foundValidSchedule":false}
[2026-02-06 07:43:01] DEBUG: Department schedule lookup | {"context":"ScheduleResolver","employeeId":46,"departmentId":12,"date":"2026-01-20","hasAnySchedule":false,"foundValidSchedule":false}
[2026-02-06 07:43:01] DEBUG: Schedule for date | {"context":"ViolationCalculator","employeeId":46,"date":"2026-01-20","isWorkDay":true,"workStart":"09:00","workEnd":"18:00"}
[2026-02-06 07:43:01] DEBUG: Missing time(s) - counted as absent | {"context":"ViolationCalculator","employeeId":46,"date":"2026-01-20","checkIn":null,"checkOut":null,"absentMinutes":540}
[2026-02-06 07:43:01] DEBUG: Resolving schedule | {"context":"ScheduleResolver","employeeId":46,"date":"2026-01-21","dayOfWeek":3}
[2026-02-06 07:43:01] DEBUG: Employee schedule lookup | {"context":"ScheduleResolver","employeeId":46,"date":"2026-01-21","hasAnySchedule":false,"foundValidSchedule":false}
[2026-02-06 07:43:01] DEBUG: Department schedule lookup | {"context":"ScheduleResolver","employeeId":46,"departmentId":12,"date":"2026-01-21","hasAnySchedule":false,"foundValidSchedule":false}
[2026-02-06 07:43:01] DEBUG: Schedule for date | {"context":"ViolationCalculator","employeeId":46,"date":"2026-01-21","isWorkDay":true,"workStart":"09:00","workEnd":"18:00"}
[2026-02-06 07:43:01] DEBUG: Missing time(s) - counted as absent | {"context":"ViolationCalculator","employeeId":46,"date":"2026-01-21","checkIn":null,"checkOut":null,"absentMinutes":540}
[2026-02-06 07:43:01] DEBUG: Resolving schedule | {"context":"ScheduleResolver","employeeId":46,"date":"2026-01-22","dayOfWeek":4}
[2026-02-06 07:43:01] DEBUG: Employee schedule lookup | {"context":"ScheduleResolver","employeeId":46,"date":"2026-01-22","hasAnySchedule":false,"foundValidSchedule":false}
[2026-02-06 07:43:01] DEBUG: Department schedule lookup | {"context":"ScheduleResolver","employeeId":46,"departmentId":12,"date":"2026-01-22","hasAnySchedule":false,"foundValidSchedule":false}
[2026-02-06 07:43:01] DEBUG: Schedule for date | {"context":"ViolationCalculator","employeeId":46,"date":"2026-01-22","isWorkDay":true,"workStart":"09:00","workEnd":"18:00"}
[2026-02-06 07:43:01] DEBUG: Missing time(s) - counted as absent | {"context":"ViolationCalculator","employeeId":46,"date":"2026-01-22","checkIn":null,"checkOut":null,"absentMinutes":540}
[2026-02-06 07:43:01] DEBUG: Resolving schedule | {"context":"ScheduleResolver","employeeId":46,"date":"2026-01-23","dayOfWeek":5}
[2026-02-06 07:43:01] DEBUG: Employee schedule lookup | {"context":"ScheduleResolver","employeeId":46,"date":"2026-01-23","hasAnySchedule":false,"foundValidSchedule":false}
[2026-02-06 07:43:01] DEBUG: Department schedule lookup | {"context":"ScheduleResolver","employeeId":46,"departmentId":12,"date":"2026-01-23","hasAnySchedule":false,"foundValidSchedule":false}
[2026-02-06 07:43:01] DEBUG: Schedule for date | {"context":"ViolationCalculator","employeeId":46,"date":"2026-01-23","isWorkDay":true,"workStart":"09:00","workEnd":"18:00"}
[2026-02-06 07:43:01] DEBUG: Both times present - calculated late/early | {"context":"ViolationCalculator","employeeId":46,"date":"2026-01-23","checkIn":"09:00","checkOut":"18:00","lateMinutes":0,"earlyMinutes":0}
[2026-02-06 07:43:01] DEBUG: Resolving schedule | {"context":"ScheduleResolver","employeeId":46,"date":"2026-01-24","dayOfWeek":6}
[2026-02-06 07:43:01] DEBUG: Employee schedule lookup | {"context":"ScheduleResolver","employeeId":46,"date":"2026-01-24","hasAnySchedule":false,"foundValidSchedule":false}
[2026-02-06 07:43:01] DEBUG: Department schedule lookup | {"context":"ScheduleResolver","employeeId":46,"departmentId":12,"date":"2026-01-24","hasAnySchedule":false,"foundValidSchedule":false}
[2026-02-06 07:43:01] DEBUG: Schedule for date | {"context":"ViolationCalculator","employeeId":46,"date":"2026-01-24","isWorkDay":false,"workStart":"09:00","workEnd":"18:00"}
[2026-02-06 07:43:01] DEBUG: Skipping non-work day | {"context":"ViolationCalculator","employeeId":46,"date":"2026-01-24"}
[2026-02-06 07:43:01] DEBUG: Resolving schedule | {"context":"ScheduleResolver","employeeId":46,"date":"2026-01-25","dayOfWeek":7}
[2026-02-06 07:43:01] DEBUG: Employee schedule lookup | {"context":"ScheduleResolver","employeeId":46,"date":"2026-01-25","hasAnySchedule":false,"foundValidSchedule":false}
[2026-02-06 07:43:01] DEBUG: Department schedule lookup | {"context":"ScheduleResolver","employeeId":46,"departmentId":12,"date":"2026-01-25","hasAnySchedule":false,"foundValidSchedule":false}
[2026-02-06 07:43:01] DEBUG: Schedule for date | {"context":"ViolationCalculator","employeeId":46,"date":"2026-01-25","isWorkDay":false,"workStart":"09:00","workEnd":"18:00"}
[2026-02-06 07:43:01] DEBUG: Skipping non-work day | {"context":"ViolationCalculator","employeeId":46,"date":"2026-01-25"}
[2026-02-06 07:43:01] DEBUG: Resolving schedule | {"context":"ScheduleResolver","employeeId":46,"date":"2026-01-26","dayOfWeek":1}
[2026-02-06 07:43:01] DEBUG: Employee schedule lookup | {"context":"ScheduleResolver","employeeId":46,"date":"2026-01-26","hasAnySchedule":false,"foundValidSchedule":false}
[2026-02-06 07:43:01] DEBUG: Department schedule lookup | {"context":"ScheduleResolver","employeeId":46,"departmentId":12,"date":"2026-01-26","hasAnySchedule":false,"foundValidSchedule":false}
[2026-02-06 07:43:01] DEBUG: Schedule for date | {"context":"ViolationCalculator","employeeId":46,"date":"2026-01-26","isWorkDay":true,"workStart":"09:00","workEnd":"18:00"}
[2026-02-06 07:43:01] DEBUG: Both times present - calculated late/early | {"context":"ViolationCalculator","employeeId":46,"date":"2026-01-26","checkIn":"09:04","checkOut":"18:00","lateMinutes":0,"earlyMinutes":0}
[2026-02-06 07:43:01] DEBUG: Resolving schedule | {"context":"ScheduleResolver","employeeId":46,"date":"2026-01-27","dayOfWeek":2}
[2026-02-06 07:43:01] DEBUG: Employee schedule lookup | {"context":"ScheduleResolver","employeeId":46,"date":"2026-01-27","hasAnySchedule":false,"foundValidSchedule":false}
[2026-02-06 07:43:01] DEBUG: Department schedule lookup | {"context":"ScheduleResolver","employeeId":46,"departmentId":12,"date":"2026-01-27","hasAnySchedule":false,"foundValidSchedule":false}
[2026-02-06 07:43:01] DEBUG: Schedule for date | {"context":"ViolationCalculator","employeeId":46,"date":"2026-01-27","isWorkDay":true,"workStart":"09:00","workEnd":"18:00"}
[2026-02-06 07:43:01] DEBUG: Both times present - calculated late/early | {"context":"ViolationCalculator","employeeId":46,"date":"2026-01-27","checkIn":"09:00","checkOut":"18:00","lateMinutes":0,"earlyMinutes":0}
[2026-02-06 07:43:01] DEBUG: Resolving schedule | {"context":"ScheduleResolver","employeeId":46,"date":"2026-01-28","dayOfWeek":3}
[2026-02-06 07:43:01] DEBUG: Employee schedule lookup | {"context":"ScheduleResolver","employeeId":46,"date":"2026-01-28","hasAnySchedule":false,"foundValidSchedule":false}
[2026-02-06 07:43:01] DEBUG: Department schedule lookup | {"context":"ScheduleResolver","employeeId":46,"departmentId":12,"date":"2026-01-28","hasAnySchedule":false,"foundValidSchedule":false}
[2026-02-06 07:43:01] DEBUG: Schedule for date | {"context":"ViolationCalculator","employeeId":46,"date":"2026-01-28","isWorkDay":true,"workStart":"09:00","workEnd":"18:00"}
[2026-02-06 07:43:01] DEBUG: Both times present - calculated late/early | {"context":"ViolationCalculator","employeeId":46,"date":"2026-01-28","checkIn":"10:45","checkOut":"17:24","lateMinutes":100,"earlyMinutes":36}
[2026-02-06 07:43:01] DEBUG: Resolving schedule | {"context":"ScheduleResolver","employeeId":46,"date":"2026-01-29","dayOfWeek":4}
[2026-02-06 07:43:01] DEBUG: Employee schedule lookup | {"context":"ScheduleResolver","employeeId":46,"date":"2026-01-29","hasAnySchedule":false,"foundValidSchedule":false}
[2026-02-06 07:43:01] DEBUG: Department schedule lookup | {"context":"ScheduleResolver","employeeId":46,"departmentId":12,"date":"2026-01-29","hasAnySchedule":false,"foundValidSchedule":false}
[2026-02-06 07:43:01] DEBUG: Schedule for date | {"context":"ViolationCalculator","employeeId":46,"date":"2026-01-29","isWorkDay":true,"workStart":"09:00","workEnd":"18:00"}
[2026-02-06 07:43:01] DEBUG: Both times present - calculated late/early | {"context":"ViolationCalculator","employeeId":46,"date":"2026-01-29","checkIn":"11:05","checkOut":"18:00","lateMinutes":120,"earlyMinutes":0}
[2026-02-06 07:43:01] DEBUG: Resolving schedule | {"context":"ScheduleResolver","employeeId":46,"date":"2026-01-30","dayOfWeek":5}
[2026-02-06 07:43:01] DEBUG: Employee schedule lookup | {"context":"ScheduleResolver","employeeId":46,"date":"2026-01-30","hasAnySchedule":false,"foundValidSchedule":false}
[2026-02-06 07:43:01] DEBUG: Department schedule lookup | {"context":"ScheduleResolver","employeeId":46,"departmentId":12,"date":"2026-01-30","hasAnySchedule":false,"foundValidSchedule":false}
[2026-02-06 07:43:01] DEBUG: Schedule for date | {"context":"ViolationCalculator","employeeId":46,"date":"2026-01-30","isWorkDay":true,"workStart":"09:00","workEnd":"18:00"}
[2026-02-06 07:43:01] DEBUG: Both times present - calculated late/early | {"context":"ViolationCalculator","employeeId":46,"date":"2026-01-30","checkIn":"09:00","checkOut":"18:00","lateMinutes":0,"earlyMinutes":0}
[2026-02-06 07:43:01] DEBUG: Resolving schedule | {"context":"ScheduleResolver","employeeId":46,"date":"2026-01-31","dayOfWeek":6}
[2026-02-06 07:43:01] DEBUG: Employee schedule lookup | {"context":"ScheduleResolver","employeeId":46,"date":"2026-01-31","hasAnySchedule":false,"foundValidSchedule":false}
[2026-02-06 07:43:01] DEBUG: Department schedule lookup | {"context":"ScheduleResolver","employeeId":46,"departmentId":12,"date":"2026-01-31","hasAnySchedule":false,"foundValidSchedule":false}
[2026-02-06 07:43:01] DEBUG: Schedule for date | {"context":"ViolationCalculator","employeeId":46,"date":"2026-01-31","isWorkDay":false,"workStart":"09:00","workEnd":"18:00"}
[2026-02-06 07:43:01] DEBUG: Skipping non-work day | {"context":"ViolationCalculator","employeeId":46,"date":"2026-01-31"}
[2026-02-06 07:43:01] DEBUG: Resolving schedule | {"context":"ScheduleResolver","employeeId":47,"date":"2026-01-10","dayOfWeek":6}
[2026-02-06 07:43:01] DEBUG: Employee schedule lookup | {"context":"ScheduleResolver","employeeId":47,"date":"2026-01-10","hasAnySchedule":false,"foundValidSchedule":false}
[2026-02-06 07:43:01] DEBUG: Department schedule lookup | {"context":"ScheduleResolver","employeeId":47,"departmentId":10,"date":"2026-01-10","hasAnySchedule":false,"foundValidSchedule":false}
[2026-02-06 07:43:01] DEBUG: Schedule for date | {"context":"ViolationCalculator","employeeId":47,"date":"2026-01-10","isWorkDay":false,"workStart":"09:00","workEnd":"18:00"}
[2026-02-06 07:43:01] DEBUG: Skipping non-work day | {"context":"ViolationCalculator","employeeId":47,"date":"2026-01-10"}
[2026-02-06 07:43:01] DEBUG: Resolving schedule | {"context":"ScheduleResolver","employeeId":47,"date":"2026-01-11","dayOfWeek":7}
[2026-02-06 07:43:01] DEBUG: Employee schedule lookup | {"context":"ScheduleResolver","employeeId":47,"date":"2026-01-11","hasAnySchedule":false,"foundValidSchedule":false}
[2026-02-06 07:43:01] DEBUG: Department schedule lookup | {"context":"ScheduleResolver","employeeId":47,"departmentId":10,"date":"2026-01-11","hasAnySchedule":false,"foundValidSchedule":false}
[2026-02-06 07:43:01] DEBUG: Schedule for date | {"context":"ViolationCalculator","employeeId":47,"date":"2026-01-11","isWorkDay":false,"workStart":"09:00","workEnd":"18:00"}
[2026-02-06 07:43:01] DEBUG: Skipping non-work day | {"context":"ViolationCalculator","employeeId":47,"date":"2026-01-11"}
[2026-02-06 07:43:01] DEBUG: Resolving schedule | {"context":"ScheduleResolver","employeeId":47,"date":"2026-01-12","dayOfWeek":1}
[2026-02-06 07:43:01] DEBUG: Employee schedule lookup | {"context":"ScheduleResolver","employeeId":47,"date":"2026-01-12","hasAnySchedule":false,"foundValidSchedule":false}
[2026-02-06 07:43:01] DEBUG: Department schedule lookup | {"context":"ScheduleResolver","employeeId":47,"departmentId":10,"date":"2026-01-12","hasAnySchedule":false,"foundValidSchedule":false}
[2026-02-06 07:43:01] DEBUG: Schedule for date | {"context":"ViolationCalculator","employeeId":47,"date":"2026-01-12","isWorkDay":true,"workStart":"09:00","workEnd":"18:00"}
[2026-02-06 07:43:01] DEBUG: Both times present - calculated late/early | {"context":"ViolationCalculator","employeeId":47,"date":"2026-01-12","checkIn":"09:00","checkOut":"18:00","lateMinutes":0,"earlyMinutes":0}
[2026-02-06 07:43:01] DEBUG: Resolving schedule | {"context":"ScheduleResolver","employeeId":47,"date":"2026-01-13","dayOfWeek":2}
[2026-02-06 07:43:01] DEBUG: Employee schedule lookup | {"context":"ScheduleResolver","employeeId":47,"date":"2026-01-13","hasAnySchedule":false,"foundValidSchedule":false}
[2026-02-06 07:43:01] DEBUG: Department schedule lookup | {"context":"ScheduleResolver","employeeId":47,"departmentId":10,"date":"2026-01-13","hasAnySchedule":false,"foundValidSchedule":false}
[2026-02-06 07:43:01] DEBUG: Schedule for date | {"context":"ViolationCalculator","employeeId":47,"date":"2026-01-13","isWorkDay":true,"workStart":"09:00","workEnd":"18:00"}
[2026-02-06 07:43:01] DEBUG: Both times present - calculated late/early | {"context":"ViolationCalculator","employeeId":47,"date":"2026-01-13","checkIn":"09:00","checkOut":"18:00","lateMinutes":0,"earlyMinutes":0}
[2026-02-06 07:43:01] DEBUG: Resolving schedule | {"context":"ScheduleResolver","employeeId":47,"date":"2026-01-14","dayOfWeek":3}
[2026-02-06 07:43:01] DEBUG: Employee schedule lookup | {"context":"ScheduleResolver","employeeId":47,"date":"2026-01-14","hasAnySchedule":false,"foundValidSchedule":false}
[2026-02-06 07:43:01] DEBUG: Department schedule lookup | {"context":"ScheduleResolver","employeeId":47,"departmentId":10,"date":"2026-01-14","hasAnySchedule":false,"foundValidSchedule":false}
[2026-02-06 07:43:01] DEBUG: Schedule for date | {"context":"ViolationCalculator","employeeId":47,"date":"2026-01-14","isWorkDay":true,"workStart":"09:00","workEnd":"18:00"}
[2026-02-06 07:43:01] DEBUG: Both times present - calculated late/early | {"context":"ViolationCalculator","employeeId":47,"date":"2026-01-14","checkIn":"09:00","checkOut":"18:00","lateMinutes":0,"earlyMinutes":0}
[2026-02-06 07:43:01] DEBUG: Resolving schedule | {"context":"ScheduleResolver","employeeId":47,"date":"2026-01-15","dayOfWeek":4}
[2026-02-06 07:43:01] DEBUG: Employee schedule lookup | {"context":"ScheduleResolver","employeeId":47,"date":"2026-01-15","hasAnySchedule":false,"foundValidSchedule":false}
[2026-02-06 07:43:01] DEBUG: Department schedule lookup | {"context":"ScheduleResolver","employeeId":47,"departmentId":10,"date":"2026-01-15","hasAnySchedule":false,"foundValidSchedule":false}
[2026-02-06 07:43:01] DEBUG: Schedule for date | {"context":"ViolationCalculator","employeeId":47,"date":"2026-01-15","isWorkDay":true,"workStart":"09:00","workEnd":"18:00"}
[2026-02-06 07:43:01] DEBUG: Both times present - calculated late/early | {"context":"ViolationCalculator","employeeId":47,"date":"2026-01-15","checkIn":"09:00","checkOut":"18:00","lateMinutes":0,"earlyMinutes":0}
[2026-02-06 07:43:01] DEBUG: Resolving schedule | {"context":"ScheduleResolver","employeeId":47,"date":"2026-01-16","dayOfWeek":5}
[2026-02-06 07:43:01] DEBUG: Employee schedule lookup | {"context":"ScheduleResolver","employeeId":47,"date":"2026-01-16","hasAnySchedule":false,"foundValidSchedule":false}
[2026-02-06 07:43:01] DEBUG: Department schedule lookup | {"context":"ScheduleResolver","employeeId":47,"departmentId":10,"date":"2026-01-16","hasAnySchedule":false,"foundValidSchedule":false}
[2026-02-06 07:43:01] DEBUG: Schedule for date | {"context":"ViolationCalculator","employeeId":47,"date":"2026-01-16","isWorkDay":true,"workStart":"09:00","workEnd":"18:00"}
[2026-02-06 07:43:01] DEBUG: Both times present - calculated late/early | {"context":"ViolationCalculator","employeeId":47,"date":"2026-01-16","checkIn":"09:00","checkOut":"18:00","lateMinutes":0,"earlyMinutes":0}
[2026-02-06 07:43:01] DEBUG: Resolving schedule | {"context":"ScheduleResolver","employeeId":47,"date":"2026-01-17","dayOfWeek":6}
[2026-02-06 07:43:01] DEBUG: Employee schedule lookup | {"context":"ScheduleResolver","employeeId":47,"date":"2026-01-17","hasAnySchedule":false,"foundValidSchedule":false}
[2026-02-06 07:43:01] DEBUG: Department schedule lookup | {"context":"ScheduleResolver","employeeId":47,"departmentId":10,"date":"2026-01-17","hasAnySchedule":false,"foundValidSchedule":false}
[2026-02-06 07:43:01] DEBUG: Schedule for date | {"context":"ViolationCalculator","employeeId":47,"date":"2026-01-17","isWorkDay":false,"workStart":"09:00","workEnd":"18:00"}
[2026-02-06 07:43:01] DEBUG: Skipping non-work day | {"context":"ViolationCalculator","employeeId":47,"date":"2026-01-17"}
[2026-02-06 07:43:01] DEBUG: Resolving schedule | {"context":"ScheduleResolver","employeeId":47,"date":"2026-01-18","dayOfWeek":7}
[2026-02-06 07:43:01] DEBUG: Employee schedule lookup | {"context":"ScheduleResolver","employeeId":47,"date":"2026-01-18","hasAnySchedule":false,"foundValidSchedule":false}
[2026-02-06 07:43:01] DEBUG: Department schedule lookup | {"context":"ScheduleResolver","employeeId":47,"departmentId":10,"date":"2026-01-18","hasAnySchedule":false,"foundValidSchedule":false}
[2026-02-06 07:43:01] DEBUG: Schedule for date | {"context":"ViolationCalculator","employeeId":47,"date":"2026-01-18","isWorkDay":false,"workStart":"09:00","workEnd":"18:00"}
[2026-02-06 07:43:01] DEBUG: Skipping non-work day | {"context":"ViolationCalculator","employeeId":47,"date":"2026-01-18"}
[2026-02-06 07:43:01] DEBUG: Resolving schedule | {"context":"ScheduleResolver","employeeId":47,"date":"2026-01-19","dayOfWeek":1}
[2026-02-06 07:43:01] DEBUG: Employee schedule lookup | {"context":"ScheduleResolver","employeeId":47,"date":"2026-01-19","hasAnySchedule":false,"foundValidSchedule":false}
[2026-02-06 07:43:01] DEBUG: Department schedule lookup | {"context":"ScheduleResolver","employeeId":47,"departmentId":10,"date":"2026-01-19","hasAnySchedule":false,"foundValidSchedule":false}
[2026-02-06 07:43:01] DEBUG: Schedule for date | {"context":"ViolationCalculator","employeeId":47,"date":"2026-01-19","isWorkDay":true,"workStart":"09:00","workEnd":"18:00"}
[2026-02-06 07:43:01] DEBUG: Both times present - calculated late/early | {"context":"ViolationCalculator","employeeId":47,"date":"2026-01-19","checkIn":"09:03","checkOut":"18:00","lateMinutes":0,"earlyMinutes":0}
[2026-02-06 07:43:01] DEBUG: Resolving schedule | {"context":"ScheduleResolver","employeeId":47,"date":"2026-01-20","dayOfWeek":2}
[2026-02-06 07:43:01] DEBUG: Employee schedule lookup | {"context":"ScheduleResolver","employeeId":47,"date":"2026-01-20","hasAnySchedule":false,"foundValidSchedule":false}
[2026-02-06 07:43:01] DEBUG: Department schedule lookup | {"context":"ScheduleResolver","employeeId":47,"departmentId":10,"date":"2026-01-20","hasAnySchedule":false,"foundValidSchedule":false}
[2026-02-06 07:43:01] DEBUG: Schedule for date | {"context":"ViolationCalculator","employeeId":47,"date":"2026-01-20","isWorkDay":true,"workStart":"09:00","workEnd":"18:00"}
[2026-02-06 07:43:01] DEBUG: Missing time(s) - counted as absent | {"context":"ViolationCalculator","employeeId":47,"date":"2026-01-20","checkIn":"09:04","checkOut":null,"absentMinutes":540}
[2026-02-06 07:43:01] DEBUG: Resolving schedule | {"context":"ScheduleResolver","employeeId":47,"date":"2026-01-21","dayOfWeek":3}
[2026-02-06 07:43:01] DEBUG: Employee schedule lookup | {"context":"ScheduleResolver","employeeId":47,"date":"2026-01-21","hasAnySchedule":false,"foundValidSchedule":false}
[2026-02-06 07:43:01] DEBUG: Department schedule lookup | {"context":"ScheduleResolver","employeeId":47,"departmentId":10,"date":"2026-01-21","hasAnySchedule":false,"foundValidSchedule":false}
[2026-02-06 07:43:01] DEBUG: Schedule for date | {"context":"ViolationCalculator","employeeId":47,"date":"2026-01-21","isWorkDay":true,"workStart":"09:00","workEnd":"18:00"}
[2026-02-06 07:43:01] DEBUG: Missing time(s) - counted as absent | {"context":"ViolationCalculator","employeeId":47,"date":"2026-01-21","checkIn":"09:00","checkOut":null,"absentMinutes":540}
[2026-02-06 07:43:01] DEBUG: Resolving schedule | {"context":"ScheduleResolver","employeeId":47,"date":"2026-01-22","dayOfWeek":4}
[2026-02-06 07:43:01] DEBUG: Employee schedule lookup | {"context":"ScheduleResolver","employeeId":47,"date":"2026-01-22","hasAnySchedule":false,"foundValidSchedule":false}
[2026-02-06 07:43:01] DEBUG: Department schedule lookup | {"context":"ScheduleResolver","employeeId":47,"departmentId":10,"date":"2026-01-22","hasAnySchedule":false,"foundValidSchedule":false}
[2026-02-06 07:43:01] DEBUG: Schedule for date | {"context":"ViolationCalculator","employeeId":47,"date":"2026-01-22","isWorkDay":true,"workStart":"09:00","workEnd":"18:00"}
[2026-02-06 07:43:01] DEBUG: Both times present - calculated late/early | {"context":"ViolationCalculator","employeeId":47,"date":"2026-01-22","checkIn":"09:01","checkOut":"18:20","lateMinutes":0,"earlyMinutes":0}
[2026-02-06 07:43:01] DEBUG: Resolving schedule | {"context":"ScheduleResolver","employeeId":47,"date":"2026-01-23","dayOfWeek":5}
[2026-02-06 07:43:01] DEBUG: Employee schedule lookup | {"context":"ScheduleResolver","employeeId":47,"date":"2026-01-23","hasAnySchedule":false,"foundValidSchedule":false}
[2026-02-06 07:43:01] DEBUG: Department schedule lookup | {"context":"ScheduleResolver","employeeId":47,"departmentId":10,"date":"2026-01-23","hasAnySchedule":false,"foundValidSchedule":false}
[2026-02-06 07:43:01] DEBUG: Schedule for date | {"context":"ViolationCalculator","employeeId":47,"date":"2026-01-23","isWorkDay":true,"workStart":"09:00","workEnd":"18:00"}
[2026-02-06 07:43:01] DEBUG: Missing time(s) - counted as absent | {"context":"ViolationCalculator","employeeId":47,"date":"2026-01-23","checkIn":"09:00","checkOut":null,"absentMinutes":540}
[2026-02-06 07:43:01] DEBUG: Resolving schedule | {"context":"ScheduleResolver","employeeId":47,"date":"2026-01-24","dayOfWeek":6}
[2026-02-06 07:43:01] DEBUG: Employee schedule lookup | {"context":"ScheduleResolver","employeeId":47,"date":"2026-01-24","hasAnySchedule":false,"foundValidSchedule":false}
[2026-02-06 07:43:01] DEBUG: Department schedule lookup | {"context":"ScheduleResolver","employeeId":47,"departmentId":10,"date":"2026-01-24","hasAnySchedule":false,"foundValidSchedule":false}
[2026-02-06 07:43:01] DEBUG: Schedule for date | {"context":"ViolationCalculator","employeeId":47,"date":"2026-01-24","isWorkDay":false,"workStart":"09:00","workEnd":"18:00"}
[2026-02-06 07:43:01] DEBUG: Skipping non-work day | {"context":"ViolationCalculator","employeeId":47,"date":"2026-01-24"}
[2026-02-06 07:43:01] DEBUG: Resolving schedule | {"context":"ScheduleResolver","employeeId":47,"date":"2026-01-25","dayOfWeek":7}
[2026-02-06 07:43:01] DEBUG: Employee schedule lookup | {"context":"ScheduleResolver","employeeId":47,"date":"2026-01-25","hasAnySchedule":false,"foundValidSchedule":false}
[2026-02-06 07:43:01] DEBUG: Department schedule lookup | {"context":"ScheduleResolver","employeeId":47,"departmentId":10,"date":"2026-01-25","hasAnySchedule":false,"foundValidSchedule":false}
[2026-02-06 07:43:01] DEBUG: Schedule for date | {"context":"ViolationCalculator","employeeId":47,"date":"2026-01-25","isWorkDay":false,"workStart":"09:00","workEnd":"18:00"}
[2026-02-06 07:43:01] DEBUG: Skipping non-work day | {"context":"ViolationCalculator","employeeId":47,"date":"2026-01-25"}
[2026-02-06 07:43:01] DEBUG: Resolving schedule | {"context":"ScheduleResolver","employeeId":47,"date":"2026-01-26","dayOfWeek":1}
[2026-02-06 07:43:01] DEBUG: Employee schedule lookup | {"context":"ScheduleResolver","employeeId":47,"date":"2026-01-26","hasAnySchedule":false,"foundValidSchedule":false}
[2026-02-06 07:43:01] DEBUG: Department schedule lookup | {"context":"ScheduleResolver","employeeId":47,"departmentId":10,"date":"2026-01-26","hasAnySchedule":false,"foundValidSchedule":false}
[2026-02-06 07:43:01] DEBUG: Schedule for date | {"context":"ViolationCalculator","employeeId":47,"date":"2026-01-26","isWorkDay":true,"workStart":"09:00","workEnd":"18:00"}
[2026-02-06 07:43:01] DEBUG: Both times present - calculated late/early | {"context":"ViolationCalculator","employeeId":47,"date":"2026-01-26","checkIn":"09:04","checkOut":"18:00","lateMinutes":0,"earlyMinutes":0}
[2026-02-06 07:43:01] DEBUG: Resolving schedule | {"context":"ScheduleResolver","employeeId":47,"date":"2026-01-27","dayOfWeek":2}
[2026-02-06 07:43:01] DEBUG: Employee schedule lookup | {"context":"ScheduleResolver","employeeId":47,"date":"2026-01-27","hasAnySchedule":false,"foundValidSchedule":false}
[2026-02-06 07:43:01] DEBUG: Department schedule lookup | {"context":"ScheduleResolver","employeeId":47,"departmentId":10,"date":"2026-01-27","hasAnySchedule":false,"foundValidSchedule":false}
[2026-02-06 07:43:01] DEBUG: Schedule for date | {"context":"ViolationCalculator","employeeId":47,"date":"2026-01-27","isWorkDay":true,"workStart":"09:00","workEnd":"18:00"}
[2026-02-06 07:43:01] DEBUG: Both times present - calculated late/early | {"context":"ViolationCalculator","employeeId":47,"date":"2026-01-27","checkIn":"09:00","checkOut":"18:00","lateMinutes":0,"earlyMinutes":0}
[2026-02-06 07:43:01] DEBUG: Resolving schedule | {"context":"ScheduleResolver","employeeId":47,"date":"2026-01-28","dayOfWeek":3}
[2026-02-06 07:43:01] DEBUG: Employee schedule lookup | {"context":"ScheduleResolver","employeeId":47,"date":"2026-01-28","hasAnySchedule":false,"foundValidSchedule":false}
[2026-02-06 07:43:01] DEBUG: Department schedule lookup | {"context":"ScheduleResolver","employeeId":47,"departmentId":10,"date":"2026-01-28","hasAnySchedule":false,"foundValidSchedule":false}
[2026-02-06 07:43:01] DEBUG: Schedule for date | {"context":"ViolationCalculator","employeeId":47,"date":"2026-01-28","isWorkDay":true,"workStart":"09:00","workEnd":"18:00"}
[2026-02-06 07:43:01] DEBUG: Both times present - calculated late/early | {"context":"ViolationCalculator","employeeId":47,"date":"2026-01-28","checkIn":"09:09","checkOut":"18:09","lateMinutes":4,"earlyMinutes":0}
[2026-02-06 07:43:01] DEBUG: Resolving schedule | {"context":"ScheduleResolver","employeeId":47,"date":"2026-01-29","dayOfWeek":4}
[2026-02-06 07:43:01] DEBUG: Employee schedule lookup | {"context":"ScheduleResolver","employeeId":47,"date":"2026-01-29","hasAnySchedule":false,"foundValidSchedule":false}
[2026-02-06 07:43:01] DEBUG: Department schedule lookup | {"context":"ScheduleResolver","employeeId":47,"departmentId":10,"date":"2026-01-29","hasAnySchedule":false,"foundValidSchedule":false}
[2026-02-06 07:43:01] DEBUG: Schedule for date | {"context":"ViolationCalculator","employeeId":47,"date":"2026-01-29","isWorkDay":true,"workStart":"09:00","workEnd":"18:00"}
[2026-02-06 07:43:01] DEBUG: Both times present - calculated late/early | {"context":"ViolationCalculator","employeeId":47,"date":"2026-01-29","checkIn":"09:01","checkOut":"18:00","lateMinutes":0,"earlyMinutes":0}
[2026-02-06 07:43:01] DEBUG: Resolving schedule | {"context":"ScheduleResolver","employeeId":47,"date":"2026-01-30","dayOfWeek":5}
[2026-02-06 07:43:01] DEBUG: Employee schedule lookup | {"context":"ScheduleResolver","employeeId":47,"date":"2026-01-30","hasAnySchedule":false,"foundValidSchedule":false}
[2026-02-06 07:43:01] DEBUG: Department schedule lookup | {"context":"ScheduleResolver","employeeId":47,"departmentId":10,"date":"2026-01-30","hasAnySchedule":false,"foundValidSchedule":false}
[2026-02-06 07:43:01] DEBUG: Schedule for date | {"context":"ViolationCalculator","employeeId":47,"date":"2026-01-30","isWorkDay":true,"workStart":"09:00","workEnd":"18:00"}
[2026-02-06 07:43:01] DEBUG: Both times present - calculated late/early | {"context":"ViolationCalculator","employeeId":47,"date":"2026-01-30","checkIn":"09:04","checkOut":"18:00","lateMinutes":0,"earlyMinutes":0}
[2026-02-06 07:43:01] DEBUG: Resolving schedule | {"context":"ScheduleResolver","employeeId":47,"date":"2026-01-31","dayOfWeek":6}
[2026-02-06 07:43:01] DEBUG: Employee schedule lookup | {"context":"ScheduleResolver","employeeId":47,"date":"2026-01-31","hasAnySchedule":false,"foundValidSchedule":false}
[2026-02-06 07:43:01] DEBUG: Department schedule lookup | {"context":"ScheduleResolver","employeeId":47,"departmentId":10,"date":"2026-01-31","hasAnySchedule":false,"foundValidSchedule":false}
[2026-02-06 07:43:01] DEBUG: Schedule for date | {"context":"ViolationCalculator","employeeId":47,"date":"2026-01-31","isWorkDay":false,"workStart":"09:00","workEnd":"18:00"}
[2026-02-06 07:43:01] DEBUG: Skipping non-work day | {"context":"ViolationCalculator","employeeId":47,"date":"2026-01-31"}
[2026-02-06 07:43:01] DEBUG: Resolving schedule | {"context":"ScheduleResolver","employeeId":48,"date":"2026-01-10","dayOfWeek":6}
[2026-02-06 07:43:01] DEBUG: Employee schedule lookup | {"context":"ScheduleResolver","employeeId":48,"date":"2026-01-10","hasAnySchedule":false,"foundValidSchedule":false}
[2026-02-06 07:43:01] DEBUG: Department schedule lookup | {"context":"ScheduleResolver","employeeId":48,"departmentId":3,"date":"2026-01-10","hasAnySchedule":false,"foundValidSchedule":false}
[2026-02-06 07:43:01] DEBUG: Schedule for date | {"context":"ViolationCalculator","employeeId":48,"date":"2026-01-10","isWorkDay":false,"workStart":"09:00","workEnd":"18:00"}
[2026-02-06 07:43:01] DEBUG: Skipping non-work day | {"context":"ViolationCalculator","employeeId":48,"date":"2026-01-10"}
[2026-02-06 07:43:01] DEBUG: Resolving schedule | {"context":"ScheduleResolver","employeeId":48,"date":"2026-01-11","dayOfWeek":7}
[2026-02-06 07:43:01] DEBUG: Employee schedule lookup | {"context":"ScheduleResolver","employeeId":48,"date":"2026-01-11","hasAnySchedule":false,"foundValidSchedule":false}
[2026-02-06 07:43:01] DEBUG: Department schedule lookup | {"context":"ScheduleResolver","employeeId":48,"departmentId":3,"date":"2026-01-11","hasAnySchedule":false,"foundValidSchedule":false}
[2026-02-06 07:43:01] DEBUG: Schedule for date | {"context":"ViolationCalculator","employeeId":48,"date":"2026-01-11","isWorkDay":false,"workStart":"09:00","workEnd":"18:00"}
[2026-02-06 07:43:01] DEBUG: Skipping non-work day | {"context":"ViolationCalculator","employeeId":48,"date":"2026-01-11"}
[2026-02-06 07:43:01] DEBUG: Resolving schedule | {"context":"ScheduleResolver","employeeId":48,"date":"2026-01-12","dayOfWeek":1}
[2026-02-06 07:43:01] DEBUG: Employee schedule lookup | {"context":"ScheduleResolver","employeeId":48,"date":"2026-01-12","hasAnySchedule":false,"foundValidSchedule":false}
[2026-02-06 07:43:01] DEBUG: Department schedule lookup | {"context":"ScheduleResolver","employeeId":48,"departmentId":3,"date":"2026-01-12","hasAnySchedule":false,"foundValidSchedule":false}
[2026-02-06 07:43:01] DEBUG: Schedule for date | {"context":"ViolationCalculator","employeeId":48,"date":"2026-01-12","isWorkDay":true,"workStart":"09:00","workEnd":"18:00"}
[2026-02-06 07:43:01] DEBUG: Both times present - calculated late/early | {"context":"ViolationCalculator","employeeId":48,"date":"2026-01-12","checkIn":"09:09","checkOut":"18:00","lateMinutes":4,"earlyMinutes":0}
[2026-02-06 07:43:01] DEBUG: Resolving schedule | {"context":"ScheduleResolver","employeeId":48,"date":"2026-01-13","dayOfWeek":2}
[2026-02-06 07:43:01] DEBUG: Employee schedule lookup | {"context":"ScheduleResolver","employeeId":48,"date":"2026-01-13","hasAnySchedule":false,"foundValidSchedule":false}
[2026-02-06 07:43:01] DEBUG: Department schedule lookup | {"context":"ScheduleResolver","employeeId":48,"departmentId":3,"date":"2026-01-13","hasAnySchedule":false,"foundValidSchedule":false}
[2026-02-06 07:43:01] DEBUG: Schedule for date | {"context":"ViolationCalculator","employeeId":48,"date":"2026-01-13","isWorkDay":true,"workStart":"09:00","workEnd":"18:00"}
[2026-02-06 07:43:01] DEBUG: Both times present - calculated late/early | {"context":"ViolationCalculator","employeeId":48,"date":"2026-01-13","checkIn":"09:08","checkOut":"18:00","lateMinutes":3,"earlyMinutes":0}
[2026-02-06 07:43:01] DEBUG: Resolving schedule | {"context":"ScheduleResolver","employeeId":48,"date":"2026-01-14","dayOfWeek":3}
[2026-02-06 07:43:01] DEBUG: Employee schedule lookup | {"context":"ScheduleResolver","employeeId":48,"date":"2026-01-14","hasAnySchedule":false,"foundValidSchedule":false}
[2026-02-06 07:43:01] DEBUG: Department schedule lookup | {"context":"ScheduleResolver","employeeId":48,"departmentId":3,"date":"2026-01-14","hasAnySchedule":false,"foundValidSchedule":false}
[2026-02-06 07:43:01] DEBUG: Schedule for date | {"context":"ViolationCalculator","employeeId":48,"date":"2026-01-14","isWorkDay":true,"workStart":"09:00","workEnd":"18:00"}
[2026-02-06 07:43:01] DEBUG: Both times present - calculated late/early | {"context":"ViolationCalculator","employeeId":48,"date":"2026-01-14","checkIn":"09:13","checkOut":"18:00","lateMinutes":8,"earlyMinutes":0}
[2026-02-06 07:43:01] DEBUG: Resolving schedule | {"context":"ScheduleResolver","employeeId":48,"date":"2026-01-15","dayOfWeek":4}
[2026-02-06 07:43:01] DEBUG: Employee schedule lookup | {"context":"ScheduleResolver","employeeId":48,"date":"2026-01-15","hasAnySchedule":false,"foundValidSchedule":false}
[2026-02-06 07:43:01] DEBUG: Department schedule lookup | {"context":"ScheduleResolver","employeeId":48,"departmentId":3,"date":"2026-01-15","hasAnySchedule":false,"foundValidSchedule":false}
[2026-02-06 07:43:01] DEBUG: Schedule for date | {"context":"ViolationCalculator","employeeId":48,"date":"2026-01-15","isWorkDay":true,"workStart":"09:00","workEnd":"18:00"}
[2026-02-06 07:43:01] DEBUG: Both times present - calculated late/early | {"context":"ViolationCalculator","employeeId":48,"date":"2026-01-15","checkIn":"09:09","checkOut":"18:00","lateMinutes":4,"earlyMinutes":0}
[2026-02-06 07:43:01] DEBUG: Resolving schedule | {"context":"ScheduleResolver","employeeId":48,"date":"2026-01-16","dayOfWeek":5}
[2026-02-06 07:43:01] DEBUG: Employee schedule lookup | {"context":"ScheduleResolver","employeeId":48,"date":"2026-01-16","hasAnySchedule":false,"foundValidSchedule":false}
[2026-02-06 07:43:01] DEBUG: Department schedule lookup | {"context":"ScheduleResolver","employeeId":48,"departmentId":3,"date":"2026-01-16","hasAnySchedule":false,"foundValidSchedule":false}
[2026-02-06 07:43:01] DEBUG: Schedule for date | {"context":"ViolationCalculator","employeeId":48,"date":"2026-01-16","isWorkDay":true,"workStart":"09:00","workEnd":"18:00"}
[2026-02-06 07:43:01] DEBUG: Both times present - calculated late/early | {"context":"ViolationCalculator","employeeId":48,"date":"2026-01-16","checkIn":"09:13","checkOut":"18:00","lateMinutes":8,"earlyMinutes":0}
[2026-02-06 07:43:01] DEBUG: Resolving schedule | {"context":"ScheduleResolver","employeeId":48,"date":"2026-01-17","dayOfWeek":6}
[2026-02-06 07:43:01] DEBUG: Employee schedule lookup | {"context":"ScheduleResolver","employeeId":48,"date":"2026-01-17","hasAnySchedule":false,"foundValidSchedule":false}
[2026-02-06 07:43:01] DEBUG: Department schedule lookup | {"context":"ScheduleResolver","employeeId":48,"departmentId":3,"date":"2026-01-17","hasAnySchedule":false,"foundValidSchedule":false}
[2026-02-06 07:43:01] DEBUG: Schedule for date | {"context":"ViolationCalculator","employeeId":48,"date":"2026-01-17","isWorkDay":false,"workStart":"09:00","workEnd":"18:00"}
[2026-02-06 07:43:01] DEBUG: Skipping non-work day | {"context":"ViolationCalculator","employeeId":48,"date":"2026-01-17"}
[2026-02-06 07:43:01] DEBUG: Resolving schedule | {"context":"ScheduleResolver","employeeId":48,"date":"2026-01-18","dayOfWeek":7}
[2026-02-06 07:43:01] DEBUG: Employee schedule lookup | {"context":"ScheduleResolver","employeeId":48,"date":"2026-01-18","hasAnySchedule":false,"foundValidSchedule":false}
[2026-02-06 07:43:01] DEBUG: Department schedule lookup | {"context":"ScheduleResolver","employeeId":48,"departmentId":3,"date":"2026-01-18","hasAnySchedule":false,"foundValidSchedule":false}
[2026-02-06 07:43:01] DEBUG: Schedule for date | {"context":"ViolationCalculator","employeeId":48,"date":"2026-01-18","isWorkDay":false,"workStart":"09:00","workEnd":"18:00"}
[2026-02-06 07:43:01] DEBUG: Skipping non-work day | {"context":"ViolationCalculator","employeeId":48,"date":"2026-01-18"}
[2026-02-06 07:43:01] DEBUG: Resolving schedule | {"context":"ScheduleResolver","employeeId":48,"date":"2026-01-19","dayOfWeek":1}
[2026-02-06 07:43:01] DEBUG: Employee schedule lookup | {"context":"ScheduleResolver","employeeId":48,"date":"2026-01-19","hasAnySchedule":false,"foundValidSchedule":false}
[2026-02-06 07:43:01] DEBUG: Department schedule lookup | {"context":"ScheduleResolver","employeeId":48,"departmentId":3,"date":"2026-01-19","hasAnySchedule":false,"foundValidSchedule":false}
[2026-02-06 07:43:01] DEBUG: Schedule for date | {"context":"ViolationCalculator","employeeId":48,"date":"2026-01-19","isWorkDay":true,"workStart":"09:00","workEnd":"18:00"}
[2026-02-06 07:43:01] DEBUG: Missing time(s) - counted as absent | {"context":"ViolationCalculator","employeeId":48,"date":"2026-01-19","checkIn":"09:48","checkOut":null,"absentMinutes":540}
[2026-02-06 07:43:01] DEBUG: Resolving schedule | {"context":"ScheduleResolver","employeeId":48,"date":"2026-01-20","dayOfWeek":2}
[2026-02-06 07:43:01] DEBUG: Employee schedule lookup | {"context":"ScheduleResolver","employeeId":48,"date":"2026-01-20","hasAnySchedule":false,"foundValidSchedule":false}
[2026-02-06 07:43:01] DEBUG: Department schedule lookup | {"context":"ScheduleResolver","employeeId":48,"departmentId":3,"date":"2026-01-20","hasAnySchedule":false,"foundValidSchedule":false}
[2026-02-06 07:43:01] DEBUG: Schedule for date | {"context":"ViolationCalculator","employeeId":48,"date":"2026-01-20","isWorkDay":true,"workStart":"09:00","workEnd":"18:00"}
[2026-02-06 07:43:01] DEBUG: Missing time(s) - counted as absent | {"context":"ViolationCalculator","employeeId":48,"date":"2026-01-20","checkIn":"09:12","checkOut":null,"absentMinutes":540}
[2026-02-06 07:43:01] DEBUG: Resolving schedule | {"context":"ScheduleResolver","employeeId":48,"date":"2026-01-21","dayOfWeek":3}
[2026-02-06 07:43:01] DEBUG: Employee schedule lookup | {"context":"ScheduleResolver","employeeId":48,"date":"2026-01-21","hasAnySchedule":false,"foundValidSchedule":false}
[2026-02-06 07:43:01] DEBUG: Department schedule lookup | {"context":"ScheduleResolver","employeeId":48,"departmentId":3,"date":"2026-01-21","hasAnySchedule":false,"foundValidSchedule":false}
[2026-02-06 07:43:01] DEBUG: Schedule for date | {"context":"ViolationCalculator","employeeId":48,"date":"2026-01-21","isWorkDay":true,"workStart":"09:00","workEnd":"18:00"}
[2026-02-06 07:43:01] DEBUG: Both times present - calculated late/early | {"context":"ViolationCalculator","employeeId":48,"date":"2026-01-21","checkIn":"09:06","checkOut":"18:00","lateMinutes":1,"earlyMinutes":0}
[2026-02-06 07:43:01] DEBUG: Resolving schedule | {"context":"ScheduleResolver","employeeId":48,"date":"2026-01-22","dayOfWeek":4}
[2026-02-06 07:43:01] DEBUG: Employee schedule lookup | {"context":"ScheduleResolver","employeeId":48,"date":"2026-01-22","hasAnySchedule":false,"foundValidSchedule":false}
[2026-02-06 07:43:01] DEBUG: Department schedule lookup | {"context":"ScheduleResolver","employeeId":48,"departmentId":3,"date":"2026-01-22","hasAnySchedule":false,"foundValidSchedule":false}
[2026-02-06 07:43:01] DEBUG: Schedule for date | {"context":"ViolationCalculator","employeeId":48,"date":"2026-01-22","isWorkDay":true,"workStart":"09:00","workEnd":"18:00"}
[2026-02-06 07:43:01] DEBUG: Missing time(s) - counted as absent | {"context":"ViolationCalculator","employeeId":48,"date":"2026-01-22","checkIn":"09:09","checkOut":null,"absentMinutes":540}
[2026-02-06 07:43:01] DEBUG: Resolving schedule | {"context":"ScheduleResolver","employeeId":48,"date":"2026-01-23","dayOfWeek":5}
[2026-02-06 07:43:01] DEBUG: Employee schedule lookup | {"context":"ScheduleResolver","employeeId":48,"date":"2026-01-23","hasAnySchedule":false,"foundValidSchedule":false}
[2026-02-06 07:43:01] DEBUG: Department schedule lookup | {"context":"ScheduleResolver","employeeId":48,"departmentId":3,"date":"2026-01-23","hasAnySchedule":false,"foundValidSchedule":false}
[2026-02-06 07:43:01] DEBUG: Schedule for date | {"context":"ViolationCalculator","employeeId":48,"date":"2026-01-23","isWorkDay":true,"workStart":"09:00","workEnd":"18:00"}
[2026-02-06 07:43:01] DEBUG: Missing time(s) - counted as absent | {"context":"ViolationCalculator","employeeId":48,"date":"2026-01-23","checkIn":"09:12","checkOut":null,"absentMinutes":540}
[2026-02-06 07:43:01] DEBUG: Resolving schedule | {"context":"ScheduleResolver","employeeId":48,"date":"2026-01-24","dayOfWeek":6}
[2026-02-06 07:43:01] DEBUG: Employee schedule lookup | {"context":"ScheduleResolver","employeeId":48,"date":"2026-01-24","hasAnySchedule":false,"foundValidSchedule":false}
[2026-02-06 07:43:01] DEBUG: Department schedule lookup | {"context":"ScheduleResolver","employeeId":48,"departmentId":3,"date":"2026-01-24","hasAnySchedule":false,"foundValidSchedule":false}
[2026-02-06 07:43:01] DEBUG: Schedule for date | {"context":"ViolationCalculator","employeeId":48,"date":"2026-01-24","isWorkDay":false,"workStart":"09:00","workEnd":"18:00"}
[2026-02-06 07:43:01] DEBUG: Skipping non-work day | {"context":"ViolationCalculator","employeeId":48,"date":"2026-01-24"}
[2026-02-06 07:43:01] DEBUG: Resolving schedule | {"context":"ScheduleResolver","employeeId":48,"date":"2026-01-25","dayOfWeek":7}
[2026-02-06 07:43:01] DEBUG: Employee schedule lookup | {"context":"ScheduleResolver","employeeId":48,"date":"2026-01-25","hasAnySchedule":false,"foundValidSchedule":false}
[2026-02-06 07:43:01] DEBUG: Department schedule lookup | {"context":"ScheduleResolver","employeeId":48,"departmentId":3,"date":"2026-01-25","hasAnySchedule":false,"foundValidSchedule":false}
[2026-02-06 07:43:01] DEBUG: Schedule for date | {"context":"ViolationCalculator","employeeId":48,"date":"2026-01-25","isWorkDay":false,"workStart":"09:00","workEnd":"18:00"}
[2026-02-06 07:43:01] DEBUG: Skipping non-work day | {"context":"ViolationCalculator","employeeId":48,"date":"2026-01-25"}
[2026-02-06 07:43:01] DEBUG: Resolving schedule | {"context":"ScheduleResolver","employeeId":48,"date":"2026-01-26","dayOfWeek":1}
[2026-02-06 07:43:01] DEBUG: Employee schedule lookup | {"context":"ScheduleResolver","employeeId":48,"date":"2026-01-26","hasAnySchedule":false,"foundValidSchedule":false}
[2026-02-06 07:43:01] DEBUG: Department schedule lookup | {"context":"ScheduleResolver","employeeId":48,"departmentId":3,"date":"2026-01-26","hasAnySchedule":false,"foundValidSchedule":false}
[2026-02-06 07:43:01] DEBUG: Schedule for date | {"context":"ViolationCalculator","employeeId":48,"date":"2026-01-26","isWorkDay":true,"workStart":"09:00","workEnd":"18:00"}
[2026-02-06 07:43:01] DEBUG: Both times present - calculated late/early | {"context":"ViolationCalculator","employeeId":48,"date":"2026-01-26","checkIn":"09:06","checkOut":"18:00","lateMinutes":1,"earlyMinutes":0}
[2026-02-06 07:43:01] DEBUG: Resolving schedule | {"context":"ScheduleResolver","employeeId":48,"date":"2026-01-27","dayOfWeek":2}
[2026-02-06 07:43:01] DEBUG: Employee schedule lookup | {"context":"ScheduleResolver","employeeId":48,"date":"2026-01-27","hasAnySchedule":false,"foundValidSchedule":false}
[2026-02-06 07:43:01] DEBUG: Department schedule lookup | {"context":"ScheduleResolver","employeeId":48,"departmentId":3,"date":"2026-01-27","hasAnySchedule":false,"foundValidSchedule":false}
[2026-02-06 07:43:01] DEBUG: Schedule for date | {"context":"ViolationCalculator","employeeId":48,"date":"2026-01-27","isWorkDay":true,"workStart":"09:00","workEnd":"18:00"}
[2026-02-06 07:43:01] DEBUG: Missing time(s) - counted as absent | {"context":"ViolationCalculator","employeeId":48,"date":"2026-01-27","checkIn":"09:24","checkOut":null,"absentMinutes":540}
[2026-02-06 07:43:01] DEBUG: Resolving schedule | {"context":"ScheduleResolver","employeeId":48,"date":"2026-01-28","dayOfWeek":3}
[2026-02-06 07:43:01] DEBUG: Employee schedule lookup | {"context":"ScheduleResolver","employeeId":48,"date":"2026-01-28","hasAnySchedule":false,"foundValidSchedule":false}
[2026-02-06 07:43:01] DEBUG: Department schedule lookup | {"context":"ScheduleResolver","employeeId":48,"departmentId":3,"date":"2026-01-28","hasAnySchedule":false,"foundValidSchedule":false}
[2026-02-06 07:43:01] DEBUG: Schedule for date | {"context":"ViolationCalculator","employeeId":48,"date":"2026-01-28","isWorkDay":true,"workStart":"09:00","workEnd":"18:00"}
[2026-02-06 07:43:01] DEBUG: Both times present - calculated late/early | {"context":"ViolationCalculator","employeeId":48,"date":"2026-01-28","checkIn":"09:23","checkOut":"16:57","lateMinutes":18,"earlyMinutes":63}
[2026-02-06 07:43:01] DEBUG: Resolving schedule | {"context":"ScheduleResolver","employeeId":48,"date":"2026-01-29","dayOfWeek":4}
[2026-02-06 07:43:01] DEBUG: Employee schedule lookup | {"context":"ScheduleResolver","employeeId":48,"date":"2026-01-29","hasAnySchedule":false,"foundValidSchedule":false}
[2026-02-06 07:43:01] DEBUG: Department schedule lookup | {"context":"ScheduleResolver","employeeId":48,"departmentId":3,"date":"2026-01-29","hasAnySchedule":false,"foundValidSchedule":false}
[2026-02-06 07:43:01] DEBUG: Schedule for date | {"context":"ViolationCalculator","employeeId":48,"date":"2026-01-29","isWorkDay":true,"workStart":"09:00","workEnd":"18:00"}
[2026-02-06 07:43:01] DEBUG: Both times present - calculated late/early | {"context":"ViolationCalculator","employeeId":48,"date":"2026-01-29","checkIn":"09:09","checkOut":"18:00","lateMinutes":4,"earlyMinutes":0}
[2026-02-06 07:43:01] DEBUG: Resolving schedule | {"context":"ScheduleResolver","employeeId":48,"date":"2026-01-30","dayOfWeek":5}
[2026-02-06 07:43:01] DEBUG: Employee schedule lookup | {"context":"ScheduleResolver","employeeId":48,"date":"2026-01-30","hasAnySchedule":false,"foundValidSchedule":false}
[2026-02-06 07:43:01] DEBUG: Department schedule lookup | {"context":"ScheduleResolver","employeeId":48,"departmentId":3,"date":"2026-01-30","hasAnySchedule":false,"foundValidSchedule":false}
[2026-02-06 07:43:01] DEBUG: Schedule for date | {"context":"ViolationCalculator","employeeId":48,"date":"2026-01-30","isWorkDay":true,"workStart":"09:00","workEnd":"18:00"}
[2026-02-06 07:43:01] DEBUG: Both times present - calculated late/early | {"context":"ViolationCalculator","employeeId":48,"date":"2026-01-30","checkIn":"09:04","checkOut":"18:00","lateMinutes":0,"earlyMinutes":0}
[2026-02-06 07:43:01] DEBUG: Resolving schedule | {"context":"ScheduleResolver","employeeId":48,"date":"2026-01-31","dayOfWeek":6}
[2026-02-06 07:43:01] DEBUG: Employee schedule lookup | {"context":"ScheduleResolver","employeeId":48,"date":"2026-01-31","hasAnySchedule":false,"foundValidSchedule":false}
[2026-02-06 07:43:01] DEBUG: Department schedule lookup | {"context":"ScheduleResolver","employeeId":48,"departmentId":3,"date":"2026-01-31","hasAnySchedule":false,"foundValidSchedule":false}
[2026-02-06 07:43:01] DEBUG: Schedule for date | {"context":"ViolationCalculator","employeeId":48,"date":"2026-01-31","isWorkDay":false,"workStart":"09:00","workEnd":"18:00"}
[2026-02-06 07:43:01] DEBUG: Skipping non-work day | {"context":"ViolationCalculator","employeeId":48,"date":"2026-01-31"}
[2026-02-06 07:43:01] DEBUG: Resolving schedule | {"context":"ScheduleResolver","employeeId":49,"date":"2026-01-10","dayOfWeek":6}
[2026-02-06 07:43:01] DEBUG: Employee schedule lookup | {"context":"ScheduleResolver","employeeId":49,"date":"2026-01-10","hasAnySchedule":false,"foundValidSchedule":false}
[2026-02-06 07:43:01] DEBUG: Department schedule lookup | {"context":"ScheduleResolver","employeeId":49,"departmentId":5,"date":"2026-01-10","hasAnySchedule":false,"foundValidSchedule":false}
[2026-02-06 07:43:01] DEBUG: Schedule for date | {"context":"ViolationCalculator","employeeId":49,"date":"2026-01-10","isWorkDay":false,"workStart":"09:00","workEnd":"18:00"}
[2026-02-06 07:43:01] DEBUG: Skipping non-work day | {"context":"ViolationCalculator","employeeId":49,"date":"2026-01-10"}
[2026-02-06 07:43:01] DEBUG: Resolving schedule | {"context":"ScheduleResolver","employeeId":49,"date":"2026-01-11","dayOfWeek":7}
[2026-02-06 07:43:01] DEBUG: Employee schedule lookup | {"context":"ScheduleResolver","employeeId":49,"date":"2026-01-11","hasAnySchedule":false,"foundValidSchedule":false}
[2026-02-06 07:43:01] DEBUG: Department schedule lookup | {"context":"ScheduleResolver","employeeId":49,"departmentId":5,"date":"2026-01-11","hasAnySchedule":false,"foundValidSchedule":false}
[2026-02-06 07:43:01] DEBUG: Schedule for date | {"context":"ViolationCalculator","employeeId":49,"date":"2026-01-11","isWorkDay":false,"workStart":"09:00","workEnd":"18:00"}
[2026-02-06 07:43:01] DEBUG: Skipping non-work day | {"context":"ViolationCalculator","employeeId":49,"date":"2026-01-11"}
[2026-02-06 07:43:01] DEBUG: Resolving schedule | {"context":"ScheduleResolver","employeeId":49,"date":"2026-01-12","dayOfWeek":1}
[2026-02-06 07:43:01] DEBUG: Employee schedule lookup | {"context":"ScheduleResolver","employeeId":49,"date":"2026-01-12","hasAnySchedule":false,"foundValidSchedule":false}
[2026-02-06 07:43:01] DEBUG: Department schedule lookup | {"context":"ScheduleResolver","employeeId":49,"departmentId":5,"date":"2026-01-12","hasAnySchedule":false,"foundValidSchedule":false}
[2026-02-06 07:43:01] DEBUG: Schedule for date | {"context":"ViolationCalculator","employeeId":49,"date":"2026-01-12","isWorkDay":true,"workStart":"09:00","workEnd":"18:00"}
[2026-02-06 07:43:01] DEBUG: Both times present - calculated late/early | {"context":"ViolationCalculator","employeeId":49,"date":"2026-01-12","checkIn":"09:00","checkOut":"18:00","lateMinutes":0,"earlyMinutes":0}
[2026-02-06 07:43:01] DEBUG: Resolving schedule | {"context":"ScheduleResolver","employeeId":49,"date":"2026-01-13","dayOfWeek":2}
[2026-02-06 07:43:01] DEBUG: Employee schedule lookup | {"context":"ScheduleResolver","employeeId":49,"date":"2026-01-13","hasAnySchedule":false,"foundValidSchedule":false}
[2026-02-06 07:43:01] DEBUG: Department schedule lookup | {"context":"ScheduleResolver","employeeId":49,"departmentId":5,"date":"2026-01-13","hasAnySchedule":false,"foundValidSchedule":false}
[2026-02-06 07:43:01] DEBUG: Schedule for date | {"context":"ViolationCalculator","employeeId":49,"date":"2026-01-13","isWorkDay":true,"workStart":"09:00","workEnd":"18:00"}
[2026-02-06 07:43:01] DEBUG: Both times present - calculated late/early | {"context":"ViolationCalculator","employeeId":49,"date":"2026-01-13","checkIn":"09:00","checkOut":"18:00","lateMinutes":0,"earlyMinutes":0}
[2026-02-06 07:43:01] DEBUG: Resolving schedule | {"context":"ScheduleResolver","employeeId":49,"date":"2026-01-14","dayOfWeek":3}
[2026-02-06 07:43:01] DEBUG: Employee schedule lookup | {"context":"ScheduleResolver","employeeId":49,"date":"2026-01-14","hasAnySchedule":false,"foundValidSchedule":false}
[2026-02-06 07:43:01] DEBUG: Department schedule lookup | {"context":"ScheduleResolver","employeeId":49,"departmentId":5,"date":"2026-01-14","hasAnySchedule":false,"foundValidSchedule":false}
[2026-02-06 07:43:01] DEBUG: Schedule for date | {"context":"ViolationCalculator","employeeId":49,"date":"2026-01-14","isWorkDay":true,"workStart":"09:00","workEnd":"18:00"}
[2026-02-06 07:43:01] DEBUG: Both times present - calculated late/early | {"context":"ViolationCalculator","employeeId":49,"date":"2026-01-14","checkIn":"09:00","checkOut":"18:00","lateMinutes":0,"earlyMinutes":0}
[2026-02-06 07:43:01] DEBUG: Resolving schedule | {"context":"ScheduleResolver","employeeId":49,"date":"2026-01-15","dayOfWeek":4}
[2026-02-06 07:43:01] DEBUG: Employee schedule lookup | {"context":"ScheduleResolver","employeeId":49,"date":"2026-01-15","hasAnySchedule":false,"foundValidSchedule":false}
[2026-02-06 07:43:01] DEBUG: Department schedule lookup | {"context":"ScheduleResolver","employeeId":49,"departmentId":5,"date":"2026-01-15","hasAnySchedule":false,"foundValidSchedule":false}
[2026-02-06 07:43:01] DEBUG: Schedule for date | {"context":"ViolationCalculator","employeeId":49,"date":"2026-01-15","isWorkDay":true,"workStart":"09:00","workEnd":"18:00"}
[2026-02-06 07:43:01] DEBUG: Both times present - calculated late/early | {"context":"ViolationCalculator","employeeId":49,"date":"2026-01-15","checkIn":"09:00","checkOut":"18:00","lateMinutes":0,"earlyMinutes":0}
[2026-02-06 07:43:01] DEBUG: Resolving schedule | {"context":"ScheduleResolver","employeeId":49,"date":"2026-01-16","dayOfWeek":5}
[2026-02-06 07:43:01] DEBUG: Employee schedule lookup | {"context":"ScheduleResolver","employeeId":49,"date":"2026-01-16","hasAnySchedule":false,"foundValidSchedule":false}
[2026-02-06 07:43:01] DEBUG: Department schedule lookup | {"context":"ScheduleResolver","employeeId":49,"departmentId":5,"date":"2026-01-16","hasAnySchedule":false,"foundValidSchedule":false}
[2026-02-06 07:43:01] DEBUG: Schedule for date | {"context":"ViolationCalculator","employeeId":49,"date":"2026-01-16","isWorkDay":true,"workStart":"09:00","workEnd":"18:00"}
[2026-02-06 07:43:01] DEBUG: Both times present - calculated late/early | {"context":"ViolationCalculator","employeeId":49,"date":"2026-01-16","checkIn":"09:00","checkOut":"18:00","lateMinutes":0,"earlyMinutes":0}
[2026-02-06 07:43:01] DEBUG: Resolving schedule | {"context":"ScheduleResolver","employeeId":49,"date":"2026-01-17","dayOfWeek":6}
[2026-02-06 07:43:01] DEBUG: Employee schedule lookup | {"context":"ScheduleResolver","employeeId":49,"date":"2026-01-17","hasAnySchedule":false,"foundValidSchedule":false}
[2026-02-06 07:43:01] DEBUG: Department schedule lookup | {"context":"ScheduleResolver","employeeId":49,"departmentId":5,"date":"2026-01-17","hasAnySchedule":false,"foundValidSchedule":false}
[2026-02-06 07:43:01] DEBUG: Schedule for date | {"context":"ViolationCalculator","employeeId":49,"date":"2026-01-17","isWorkDay":false,"workStart":"09:00","workEnd":"18:00"}
[2026-02-06 07:43:01] DEBUG: Skipping non-work day | {"context":"ViolationCalculator","employeeId":49,"date":"2026-01-17"}
[2026-02-06 07:43:01] DEBUG: Resolving schedule | {"context":"ScheduleResolver","employeeId":49,"date":"2026-01-18","dayOfWeek":7}
[2026-02-06 07:43:01] DEBUG: Employee schedule lookup | {"context":"ScheduleResolver","employeeId":49,"date":"2026-01-18","hasAnySchedule":false,"foundValidSchedule":false}
[2026-02-06 07:43:01] DEBUG: Department schedule lookup | {"context":"ScheduleResolver","employeeId":49,"departmentId":5,"date":"2026-01-18","hasAnySchedule":false,"foundValidSchedule":false}
[2026-02-06 07:43:01] DEBUG: Schedule for date | {"context":"ViolationCalculator","employeeId":49,"date":"2026-01-18","isWorkDay":false,"workStart":"09:00","workEnd":"18:00"}
[2026-02-06 07:43:01] DEBUG: Skipping non-work day | {"context":"ViolationCalculator","employeeId":49,"date":"2026-01-18"}
[2026-02-06 07:43:01] DEBUG: Resolving schedule | {"context":"ScheduleResolver","employeeId":49,"date":"2026-01-19","dayOfWeek":1}
[2026-02-06 07:43:01] DEBUG: Employee schedule lookup | {"context":"ScheduleResolver","employeeId":49,"date":"2026-01-19","hasAnySchedule":false,"foundValidSchedule":false}
[2026-02-06 07:43:01] DEBUG: Department schedule lookup | {"context":"ScheduleResolver","employeeId":49,"departmentId":5,"date":"2026-01-19","hasAnySchedule":false,"foundValidSchedule":false}
[2026-02-06 07:43:01] DEBUG: Schedule for date | {"context":"ViolationCalculator","employeeId":49,"date":"2026-01-19","isWorkDay":true,"workStart":"09:00","workEnd":"18:00"}
[2026-02-06 07:43:01] DEBUG: Both times present - calculated late/early | {"context":"ViolationCalculator","employeeId":49,"date":"2026-01-19","checkIn":"09:00","checkOut":"18:00","lateMinutes":0,"earlyMinutes":0}
[2026-02-06 07:43:01] DEBUG: Resolving schedule | {"context":"ScheduleResolver","employeeId":49,"date":"2026-01-20","dayOfWeek":2}
[2026-02-06 07:43:01] DEBUG: Employee schedule lookup | {"context":"ScheduleResolver","employeeId":49,"date":"2026-01-20","hasAnySchedule":false,"foundValidSchedule":false}
[2026-02-06 07:43:01] DEBUG: Department schedule lookup | {"context":"ScheduleResolver","employeeId":49,"departmentId":5,"date":"2026-01-20","hasAnySchedule":false,"foundValidSchedule":false}
[2026-02-06 07:43:01] DEBUG: Schedule for date | {"context":"ViolationCalculator","employeeId":49,"date":"2026-01-20","isWorkDay":true,"workStart":"09:00","workEnd":"18:00"}
[2026-02-06 07:43:01] DEBUG: Both times present - calculated late/early | {"context":"ViolationCalculator","employeeId":49,"date":"2026-01-20","checkIn":"09:00","checkOut":"18:00","lateMinutes":0,"earlyMinutes":0}
[2026-02-06 07:43:01] DEBUG: Resolving schedule | {"context":"ScheduleResolver","employeeId":49,"date":"2026-01-21","dayOfWeek":3}
[2026-02-06 07:43:01] DEBUG: Employee schedule lookup | {"context":"ScheduleResolver","employeeId":49,"date":"2026-01-21","hasAnySchedule":false,"foundValidSchedule":false}
[2026-02-06 07:43:01] DEBUG: Department schedule lookup | {"context":"ScheduleResolver","employeeId":49,"departmentId":5,"date":"2026-01-21","hasAnySchedule":false,"foundValidSchedule":false}
[2026-02-06 07:43:01] DEBUG: Schedule for date | {"context":"ViolationCalculator","employeeId":49,"date":"2026-01-21","isWorkDay":true,"workStart":"09:00","workEnd":"18:00"}
[2026-02-06 07:43:01] DEBUG: Both times present - calculated late/early | {"context":"ViolationCalculator","employeeId":49,"date":"2026-01-21","checkIn":"09:00","checkOut":"18:00","lateMinutes":0,"earlyMinutes":0}
[2026-02-06 07:43:01] DEBUG: Resolving schedule | {"context":"ScheduleResolver","employeeId":49,"date":"2026-01-22","dayOfWeek":4}
[2026-02-06 07:43:01] DEBUG: Employee schedule lookup | {"context":"ScheduleResolver","employeeId":49,"date":"2026-01-22","hasAnySchedule":false,"foundValidSchedule":false}
[2026-02-06 07:43:01] DEBUG: Department schedule lookup | {"context":"ScheduleResolver","employeeId":49,"departmentId":5,"date":"2026-01-22","hasAnySchedule":false,"foundValidSchedule":false}
[2026-02-06 07:43:01] DEBUG: Schedule for date | {"context":"ViolationCalculator","employeeId":49,"date":"2026-01-22","isWorkDay":true,"workStart":"09:00","workEnd":"18:00"}
[2026-02-06 07:43:01] DEBUG: Both times present - calculated late/early | {"context":"ViolationCalculator","employeeId":49,"date":"2026-01-22","checkIn":"08:28","checkOut":"17:08","lateMinutes":0,"earlyMinutes":52}
[2026-02-06 07:43:01] DEBUG: Resolving schedule | {"context":"ScheduleResolver","employeeId":49,"date":"2026-01-23","dayOfWeek":5}
[2026-02-06 07:43:01] DEBUG: Employee schedule lookup | {"context":"ScheduleResolver","employeeId":49,"date":"2026-01-23","hasAnySchedule":false,"foundValidSchedule":false}
[2026-02-06 07:43:01] DEBUG: Department schedule lookup | {"context":"ScheduleResolver","employeeId":49,"departmentId":5,"date":"2026-01-23","hasAnySchedule":false,"foundValidSchedule":false}
[2026-02-06 07:43:01] DEBUG: Schedule for date | {"context":"ViolationCalculator","employeeId":49,"date":"2026-01-23","isWorkDay":true,"workStart":"09:00","workEnd":"18:00"}
[2026-02-06 07:43:01] DEBUG: Both times present - calculated late/early | {"context":"ViolationCalculator","employeeId":49,"date":"2026-01-23","checkIn":"09:00","checkOut":"18:00","lateMinutes":0,"earlyMinutes":0}
[2026-02-06 07:43:01] DEBUG: Resolving schedule | {"context":"ScheduleResolver","employeeId":49,"date":"2026-01-24","dayOfWeek":6}
[2026-02-06 07:43:01] DEBUG: Employee schedule lookup | {"context":"ScheduleResolver","employeeId":49,"date":"2026-01-24","hasAnySchedule":false,"foundValidSchedule":false}
[2026-02-06 07:43:01] DEBUG: Department schedule lookup | {"context":"ScheduleResolver","employeeId":49,"departmentId":5,"date":"2026-01-24","hasAnySchedule":false,"foundValidSchedule":false}
[2026-02-06 07:43:01] DEBUG: Schedule for date | {"context":"ViolationCalculator","employeeId":49,"date":"2026-01-24","isWorkDay":false,"workStart":"09:00","workEnd":"18:00"}
[2026-02-06 07:43:01] DEBUG: Skipping non-work day | {"context":"ViolationCalculator","employeeId":49,"date":"2026-01-24"}
[2026-02-06 07:43:01] DEBUG: Resolving schedule | {"context":"ScheduleResolver","employeeId":49,"date":"2026-01-25","dayOfWeek":7}
[2026-02-06 07:43:01] DEBUG: Employee schedule lookup | {"context":"ScheduleResolver","employeeId":49,"date":"2026-01-25","hasAnySchedule":false,"foundValidSchedule":false}
[2026-02-06 07:43:01] DEBUG: Department schedule lookup | {"context":"ScheduleResolver","employeeId":49,"departmentId":5,"date":"2026-01-25","hasAnySchedule":false,"foundValidSchedule":false}
[2026-02-06 07:43:01] DEBUG: Schedule for date | {"context":"ViolationCalculator","employeeId":49,"date":"2026-01-25","isWorkDay":false,"workStart":"09:00","workEnd":"18:00"}
[2026-02-06 07:43:01] DEBUG: Skipping non-work day | {"context":"ViolationCalculator","employeeId":49,"date":"2026-01-25"}
[2026-02-06 07:43:01] DEBUG: Resolving schedule | {"context":"ScheduleResolver","employeeId":49,"date":"2026-01-26","dayOfWeek":1}
[2026-02-06 07:43:01] DEBUG: Employee schedule lookup | {"context":"ScheduleResolver","employeeId":49,"date":"2026-01-26","hasAnySchedule":false,"foundValidSchedule":false}
[2026-02-06 07:43:01] DEBUG: Department schedule lookup | {"context":"ScheduleResolver","employeeId":49,"departmentId":5,"date":"2026-01-26","hasAnySchedule":false,"foundValidSchedule":false}
[2026-02-06 07:43:01] DEBUG: Schedule for date | {"context":"ViolationCalculator","employeeId":49,"date":"2026-01-26","isWorkDay":true,"workStart":"09:00","workEnd":"18:00"}
[2026-02-06 07:43:01] DEBUG: Both times present - calculated late/early | {"context":"ViolationCalculator","employeeId":49,"date":"2026-01-26","checkIn":"09:00","checkOut":"18:00","lateMinutes":0,"earlyMinutes":0}
[2026-02-06 07:43:01] DEBUG: Resolving schedule | {"context":"ScheduleResolver","employeeId":49,"date":"2026-01-27","dayOfWeek":2}
[2026-02-06 07:43:01] DEBUG: Employee schedule lookup | {"context":"ScheduleResolver","employeeId":49,"date":"2026-01-27","hasAnySchedule":false,"foundValidSchedule":false}
[2026-02-06 07:43:01] DEBUG: Department schedule lookup | {"context":"ScheduleResolver","employeeId":49,"departmentId":5,"date":"2026-01-27","hasAnySchedule":false,"foundValidSchedule":false}
[2026-02-06 07:43:01] DEBUG: Schedule for date | {"context":"ViolationCalculator","employeeId":49,"date":"2026-01-27","isWorkDay":true,"workStart":"09:00","workEnd":"18:00"}
[2026-02-06 07:43:01] DEBUG: Both times present - calculated late/early | {"context":"ViolationCalculator","employeeId":49,"date":"2026-01-27","checkIn":"09:00","checkOut":"18:00","lateMinutes":0,"earlyMinutes":0}
[2026-02-06 07:43:01] DEBUG: Resolving schedule | {"context":"ScheduleResolver","employeeId":49,"date":"2026-01-28","dayOfWeek":3}
[2026-02-06 07:43:01] DEBUG: Employee schedule lookup | {"context":"ScheduleResolver","employeeId":49,"date":"2026-01-28","hasAnySchedule":false,"foundValidSchedule":false}
[2026-02-06 07:43:01] DEBUG: Department schedule lookup | {"context":"ScheduleResolver","employeeId":49,"departmentId":5,"date":"2026-01-28","hasAnySchedule":false,"foundValidSchedule":false}
[2026-02-06 07:43:01] DEBUG: Schedule for date | {"context":"ViolationCalculator","employeeId":49,"date":"2026-01-28","isWorkDay":true,"workStart":"09:00","workEnd":"18:00"}
[2026-02-06 07:43:01] DEBUG: Missing time(s) - counted as absent | {"context":"ViolationCalculator","employeeId":49,"date":"2026-01-28","checkIn":"08:24","checkOut":null,"absentMinutes":540}
[2026-02-06 07:43:01] DEBUG: Resolving schedule | {"context":"ScheduleResolver","employeeId":49,"date":"2026-01-29","dayOfWeek":4}
[2026-02-06 07:43:01] DEBUG: Employee schedule lookup | {"context":"ScheduleResolver","employeeId":49,"date":"2026-01-29","hasAnySchedule":false,"foundValidSchedule":false}
[2026-02-06 07:43:01] DEBUG: Department schedule lookup | {"context":"ScheduleResolver","employeeId":49,"departmentId":5,"date":"2026-01-29","hasAnySchedule":false,"foundValidSchedule":false}
[2026-02-06 07:43:01] DEBUG: Schedule for date | {"context":"ViolationCalculator","employeeId":49,"date":"2026-01-29","isWorkDay":true,"workStart":"09:00","workEnd":"18:00"}
[2026-02-06 07:43:01] DEBUG: Both times present - calculated late/early | {"context":"ViolationCalculator","employeeId":49,"date":"2026-01-29","checkIn":"09:00","checkOut":"18:00","lateMinutes":0,"earlyMinutes":0}
[2026-02-06 07:43:01] DEBUG: Resolving schedule | {"context":"ScheduleResolver","employeeId":49,"date":"2026-01-30","dayOfWeek":5}
[2026-02-06 07:43:01] DEBUG: Employee schedule lookup | {"context":"ScheduleResolver","employeeId":49,"date":"2026-01-30","hasAnySchedule":false,"foundValidSchedule":false}
[2026-02-06 07:43:01] DEBUG: Department schedule lookup | {"context":"ScheduleResolver","employeeId":49,"departmentId":5,"date":"2026-01-30","hasAnySchedule":false,"foundValidSchedule":false}
[2026-02-06 07:43:01] DEBUG: Schedule for date | {"context":"ViolationCalculator","employeeId":49,"date":"2026-01-30","isWorkDay":true,"workStart":"09:00","workEnd":"18:00"}
[2026-02-06 07:43:01] DEBUG: Both times present - calculated late/early | {"context":"ViolationCalculator","employeeId":49,"date":"2026-01-30","checkIn":"09:00","checkOut":"18:00","lateMinutes":0,"earlyMinutes":0}
[2026-02-06 07:43:01] DEBUG: Resolving schedule | {"context":"ScheduleResolver","employeeId":49,"date":"2026-01-31","dayOfWeek":6}
[2026-02-06 07:43:01] DEBUG: Employee schedule lookup | {"context":"ScheduleResolver","employeeId":49,"date":"2026-01-31","hasAnySchedule":false,"foundValidSchedule":false}
[2026-02-06 07:43:01] DEBUG: Department schedule lookup | {"context":"ScheduleResolver","employeeId":49,"departmentId":5,"date":"2026-01-31","hasAnySchedule":false,"foundValidSchedule":false}
[2026-02-06 07:43:01] DEBUG: Schedule for date | {"context":"ViolationCalculator","employeeId":49,"date":"2026-01-31","isWorkDay":false,"workStart":"09:00","workEnd":"18:00"}
[2026-02-06 07:43:01] DEBUG: Skipping non-work day | {"context":"ViolationCalculator","employeeId":49,"date":"2026-01-31"}
[2026-02-06 07:43:01] DEBUG: Resolving schedule | {"context":"ScheduleResolver","employeeId":50,"date":"2026-01-10","dayOfWeek":6}
[2026-02-06 07:43:01] DEBUG: Employee schedule lookup | {"context":"ScheduleResolver","employeeId":50,"date":"2026-01-10","hasAnySchedule":false,"foundValidSchedule":false}
[2026-02-06 07:43:01] DEBUG: Department schedule lookup | {"context":"ScheduleResolver","employeeId":50,"departmentId":9,"date":"2026-01-10","hasAnySchedule":false,"foundValidSchedule":false}
[2026-02-06 07:43:01] DEBUG: Schedule for date | {"context":"ViolationCalculator","employeeId":50,"date":"2026-01-10","isWorkDay":false,"workStart":"09:00","workEnd":"18:00"}
[2026-02-06 07:43:01] DEBUG: Skipping non-work day | {"context":"ViolationCalculator","employeeId":50,"date":"2026-01-10"}
[2026-02-06 07:43:01] DEBUG: Resolving schedule | {"context":"ScheduleResolver","employeeId":50,"date":"2026-01-11","dayOfWeek":7}
[2026-02-06 07:43:01] DEBUG: Employee schedule lookup | {"context":"ScheduleResolver","employeeId":50,"date":"2026-01-11","hasAnySchedule":false,"foundValidSchedule":false}
[2026-02-06 07:43:01] DEBUG: Department schedule lookup | {"context":"ScheduleResolver","employeeId":50,"departmentId":9,"date":"2026-01-11","hasAnySchedule":false,"foundValidSchedule":false}
[2026-02-06 07:43:01] DEBUG: Schedule for date | {"context":"ViolationCalculator","employeeId":50,"date":"2026-01-11","isWorkDay":false,"workStart":"09:00","workEnd":"18:00"}
[2026-02-06 07:43:01] DEBUG: Skipping non-work day | {"context":"ViolationCalculator","employeeId":50,"date":"2026-01-11"}
[2026-02-06 07:43:01] DEBUG: Resolving schedule | {"context":"ScheduleResolver","employeeId":50,"date":"2026-01-12","dayOfWeek":1}
[2026-02-06 07:43:01] DEBUG: Employee schedule lookup | {"context":"ScheduleResolver","employeeId":50,"date":"2026-01-12","hasAnySchedule":false,"foundValidSchedule":false}
[2026-02-06 07:43:01] DEBUG: Department schedule lookup | {"context":"ScheduleResolver","employeeId":50,"departmentId":9,"date":"2026-01-12","hasAnySchedule":false,"foundValidSchedule":false}
[2026-02-06 07:43:01] DEBUG: Schedule for date | {"context":"ViolationCalculator","employeeId":50,"date":"2026-01-12","isWorkDay":true,"workStart":"09:00","workEnd":"18:00"}
[2026-02-06 07:43:01] DEBUG: Both times present - calculated late/early | {"context":"ViolationCalculator","employeeId":50,"date":"2026-01-12","checkIn":"09:03","checkOut":"18:00","lateMinutes":0,"earlyMinutes":0}
[2026-02-06 07:43:01] DEBUG: Resolving schedule | {"context":"ScheduleResolver","employeeId":50,"date":"2026-01-13","dayOfWeek":2}
[2026-02-06 07:43:01] DEBUG: Employee schedule lookup | {"context":"ScheduleResolver","employeeId":50,"date":"2026-01-13","hasAnySchedule":false,"foundValidSchedule":false}
[2026-02-06 07:43:01] DEBUG: Department schedule lookup | {"context":"ScheduleResolver","employeeId":50,"departmentId":9,"date":"2026-01-13","hasAnySchedule":false,"foundValidSchedule":false}
[2026-02-06 07:43:01] DEBUG: Schedule for date | {"context":"ViolationCalculator","employeeId":50,"date":"2026-01-13","isWorkDay":true,"workStart":"09:00","workEnd":"18:00"}
[2026-02-06 07:43:01] DEBUG: Both times present - calculated late/early | {"context":"ViolationCalculator","employeeId":50,"date":"2026-01-13","checkIn":"09:18","checkOut":"18:00","lateMinutes":13,"earlyMinutes":0}
[2026-02-06 07:43:01] DEBUG: Resolving schedule | {"context":"ScheduleResolver","employeeId":50,"date":"2026-01-14","dayOfWeek":3}
[2026-02-06 07:43:01] DEBUG: Employee schedule lookup | {"context":"ScheduleResolver","employeeId":50,"date":"2026-01-14","hasAnySchedule":false,"foundValidSchedule":false}
[2026-02-06 07:43:01] DEBUG: Department schedule lookup | {"context":"ScheduleResolver","employeeId":50,"departmentId":9,"date":"2026-01-14","hasAnySchedule":false,"foundValidSchedule":false}
[2026-02-06 07:43:01] DEBUG: Schedule for date | {"context":"ViolationCalculator","employeeId":50,"date":"2026-01-14","isWorkDay":true,"workStart":"09:00","workEnd":"18:00"}
[2026-02-06 07:43:01] DEBUG: Both times present - calculated late/early | {"context":"ViolationCalculator","employeeId":50,"date":"2026-01-14","checkIn":"09:10","checkOut":"18:00","lateMinutes":5,"earlyMinutes":0}
[2026-02-06 07:43:01] DEBUG: Resolving schedule | {"context":"ScheduleResolver","employeeId":50,"date":"2026-01-15","dayOfWeek":4}
[2026-02-06 07:43:01] DEBUG: Employee schedule lookup | {"context":"ScheduleResolver","employeeId":50,"date":"2026-01-15","hasAnySchedule":false,"foundValidSchedule":false}
[2026-02-06 07:43:01] DEBUG: Department schedule lookup | {"context":"ScheduleResolver","employeeId":50,"departmentId":9,"date":"2026-01-15","hasAnySchedule":false,"foundValidSchedule":false}
[2026-02-06 07:43:01] DEBUG: Schedule for date | {"context":"ViolationCalculator","employeeId":50,"date":"2026-01-15","isWorkDay":true,"workStart":"09:00","workEnd":"18:00"}
[2026-02-06 07:43:01] DEBUG: Both times present - calculated late/early | {"context":"ViolationCalculator","employeeId":50,"date":"2026-01-15","checkIn":"09:04","checkOut":"18:00","lateMinutes":0,"earlyMinutes":0}
[2026-02-06 07:43:01] DEBUG: Resolving schedule | {"context":"ScheduleResolver","employeeId":50,"date":"2026-01-16","dayOfWeek":5}
[2026-02-06 07:43:01] DEBUG: Employee schedule lookup | {"context":"ScheduleResolver","employeeId":50,"date":"2026-01-16","hasAnySchedule":false,"foundValidSchedule":false}
[2026-02-06 07:43:01] DEBUG: Department schedule lookup | {"context":"ScheduleResolver","employeeId":50,"departmentId":9,"date":"2026-01-16","hasAnySchedule":false,"foundValidSchedule":false}
[2026-02-06 07:43:01] DEBUG: Schedule for date | {"context":"ViolationCalculator","employeeId":50,"date":"2026-01-16","isWorkDay":true,"workStart":"09:00","workEnd":"18:00"}
[2026-02-06 07:43:01] DEBUG: Both times present - calculated late/early | {"context":"ViolationCalculator","employeeId":50,"date":"2026-01-16","checkIn":"09:16","checkOut":"18:00","lateMinutes":11,"earlyMinutes":0}
[2026-02-06 07:43:01] DEBUG: Resolving schedule | {"context":"ScheduleResolver","employeeId":50,"date":"2026-01-17","dayOfWeek":6}
[2026-02-06 07:43:01] DEBUG: Employee schedule lookup | {"context":"ScheduleResolver","employeeId":50,"date":"2026-01-17","hasAnySchedule":false,"foundValidSchedule":false}
[2026-02-06 07:43:01] DEBUG: Department schedule lookup | {"context":"ScheduleResolver","employeeId":50,"departmentId":9,"date":"2026-01-17","hasAnySchedule":false,"foundValidSchedule":false}
[2026-02-06 07:43:01] DEBUG: Schedule for date | {"context":"ViolationCalculator","employeeId":50,"date":"2026-01-17","isWorkDay":false,"workStart":"09:00","workEnd":"18:00"}
[2026-02-06 07:43:01] DEBUG: Skipping non-work day | {"context":"ViolationCalculator","employeeId":50,"date":"2026-01-17"}
[2026-02-06 07:43:01] DEBUG: Resolving schedule | {"context":"ScheduleResolver","employeeId":50,"date":"2026-01-18","dayOfWeek":7}
[2026-02-06 07:43:01] DEBUG: Employee schedule lookup | {"context":"ScheduleResolver","employeeId":50,"date":"2026-01-18","hasAnySchedule":false,"foundValidSchedule":false}
[2026-02-06 07:43:01] DEBUG: Department schedule lookup | {"context":"ScheduleResolver","employeeId":50,"departmentId":9,"date":"2026-01-18","hasAnySchedule":false,"foundValidSchedule":false}
[2026-02-06 07:43:01] DEBUG: Schedule for date | {"context":"ViolationCalculator","employeeId":50,"date":"2026-01-18","isWorkDay":false,"workStart":"09:00","workEnd":"18:00"}
[2026-02-06 07:43:01] DEBUG: Skipping non-work day | {"context":"ViolationCalculator","employeeId":50,"date":"2026-01-18"}
[2026-02-06 07:43:01] DEBUG: Resolving schedule | {"context":"ScheduleResolver","employeeId":50,"date":"2026-01-19","dayOfWeek":1}
[2026-02-06 07:43:01] DEBUG: Employee schedule lookup | {"context":"ScheduleResolver","employeeId":50,"date":"2026-01-19","hasAnySchedule":false,"foundValidSchedule":false}
[2026-02-06 07:43:01] DEBUG: Department schedule lookup | {"context":"ScheduleResolver","employeeId":50,"departmentId":9,"date":"2026-01-19","hasAnySchedule":false,"foundValidSchedule":false}
[2026-02-06 07:43:01] DEBUG: Schedule for date | {"context":"ViolationCalculator","employeeId":50,"date":"2026-01-19","isWorkDay":true,"workStart":"09:00","workEnd":"18:00"}
[2026-02-06 07:43:01] DEBUG: Both times present - calculated late/early | {"context":"ViolationCalculator","employeeId":50,"date":"2026-01-19","checkIn":"09:00","checkOut":"18:00","lateMinutes":0,"earlyMinutes":0}
[2026-02-06 07:43:01] DEBUG: Resolving schedule | {"context":"ScheduleResolver","employeeId":50,"date":"2026-01-20","dayOfWeek":2}
[2026-02-06 07:43:01] DEBUG: Employee schedule lookup | {"context":"ScheduleResolver","employeeId":50,"date":"2026-01-20","hasAnySchedule":false,"foundValidSchedule":false}
[2026-02-06 07:43:01] DEBUG: Department schedule lookup | {"context":"ScheduleResolver","employeeId":50,"departmentId":9,"date":"2026-01-20","hasAnySchedule":false,"foundValidSchedule":false}
[2026-02-06 07:43:01] DEBUG: Schedule for date | {"context":"ViolationCalculator","employeeId":50,"date":"2026-01-20","isWorkDay":true,"workStart":"09:00","workEnd":"18:00"}
[2026-02-06 07:43:01] DEBUG: Both times present - calculated late/early | {"context":"ViolationCalculator","employeeId":50,"date":"2026-01-20","checkIn":"09:03","checkOut":"18:00","lateMinutes":0,"earlyMinutes":0}
[2026-02-06 07:43:01] DEBUG: Resolving schedule | {"context":"ScheduleResolver","employeeId":50,"date":"2026-01-21","dayOfWeek":3}
[2026-02-06 07:43:01] DEBUG: Employee schedule lookup | {"context":"ScheduleResolver","employeeId":50,"date":"2026-01-21","hasAnySchedule":false,"foundValidSchedule":false}
[2026-02-06 07:43:01] DEBUG: Department schedule lookup | {"context":"ScheduleResolver","employeeId":50,"departmentId":9,"date":"2026-01-21","hasAnySchedule":false,"foundValidSchedule":false}
[2026-02-06 07:43:01] DEBUG: Schedule for date | {"context":"ViolationCalculator","employeeId":50,"date":"2026-01-21","isWorkDay":true,"workStart":"09:00","workEnd":"18:00"}
[2026-02-06 07:43:01] DEBUG: Both times present - calculated late/early | {"context":"ViolationCalculator","employeeId":50,"date":"2026-01-21","checkIn":"09:01","checkOut":"18:00","lateMinutes":0,"earlyMinutes":0}
[2026-02-06 07:43:01] DEBUG: Resolving schedule | {"context":"ScheduleResolver","employeeId":50,"date":"2026-01-22","dayOfWeek":4}
[2026-02-06 07:43:01] DEBUG: Employee schedule lookup | {"context":"ScheduleResolver","employeeId":50,"date":"2026-01-22","hasAnySchedule":false,"foundValidSchedule":false}
[2026-02-06 07:43:01] DEBUG: Department schedule lookup | {"context":"ScheduleResolver","employeeId":50,"departmentId":9,"date":"2026-01-22","hasAnySchedule":false,"foundValidSchedule":false}
[2026-02-06 07:43:01] DEBUG: Schedule for date | {"context":"ViolationCalculator","employeeId":50,"date":"2026-01-22","isWorkDay":true,"workStart":"09:00","workEnd":"18:00"}
[2026-02-06 07:43:01] DEBUG: Both times present - calculated late/early | {"context":"ViolationCalculator","employeeId":50,"date":"2026-01-22","checkIn":"09:07","checkOut":"17:37","lateMinutes":2,"earlyMinutes":23}
[2026-02-06 07:43:01] DEBUG: Resolving schedule | {"context":"ScheduleResolver","employeeId":50,"date":"2026-01-23","dayOfWeek":5}
[2026-02-06 07:43:01] DEBUG: Employee schedule lookup | {"context":"ScheduleResolver","employeeId":50,"date":"2026-01-23","hasAnySchedule":false,"foundValidSchedule":false}
[2026-02-06 07:43:01] DEBUG: Department schedule lookup | {"context":"ScheduleResolver","employeeId":50,"departmentId":9,"date":"2026-01-23","hasAnySchedule":false,"foundValidSchedule":false}
[2026-02-06 07:43:01] DEBUG: Schedule for date | {"context":"ViolationCalculator","employeeId":50,"date":"2026-01-23","isWorkDay":true,"workStart":"09:00","workEnd":"18:00"}
[2026-02-06 07:43:01] DEBUG: Both times present - calculated late/early | {"context":"ViolationCalculator","employeeId":50,"date":"2026-01-23","checkIn":"09:13","checkOut":"18:00","lateMinutes":8,"earlyMinutes":0}
[2026-02-06 07:43:01] DEBUG: Resolving schedule | {"context":"ScheduleResolver","employeeId":50,"date":"2026-01-24","dayOfWeek":6}
[2026-02-06 07:43:01] DEBUG: Employee schedule lookup | {"context":"ScheduleResolver","employeeId":50,"date":"2026-01-24","hasAnySchedule":false,"foundValidSchedule":false}
[2026-02-06 07:43:01] DEBUG: Department schedule lookup | {"context":"ScheduleResolver","employeeId":50,"departmentId":9,"date":"2026-01-24","hasAnySchedule":false,"foundValidSchedule":false}
[2026-02-06 07:43:01] DEBUG: Schedule for date | {"context":"ViolationCalculator","employeeId":50,"date":"2026-01-24","isWorkDay":false,"workStart":"09:00","workEnd":"18:00"}
[2026-02-06 07:43:01] DEBUG: Skipping non-work day | {"context":"ViolationCalculator","employeeId":50,"date":"2026-01-24"}
[2026-02-06 07:43:01] DEBUG: Resolving schedule | {"context":"ScheduleResolver","employeeId":50,"date":"2026-01-25","dayOfWeek":7}
[2026-02-06 07:43:01] DEBUG: Employee schedule lookup | {"context":"ScheduleResolver","employeeId":50,"date":"2026-01-25","hasAnySchedule":false,"foundValidSchedule":false}
[2026-02-06 07:43:01] DEBUG: Department schedule lookup | {"context":"ScheduleResolver","employeeId":50,"departmentId":9,"date":"2026-01-25","hasAnySchedule":false,"foundValidSchedule":false}
[2026-02-06 07:43:01] DEBUG: Schedule for date | {"context":"ViolationCalculator","employeeId":50,"date":"2026-01-25","isWorkDay":false,"workStart":"09:00","workEnd":"18:00"}
[2026-02-06 07:43:01] DEBUG: Skipping non-work day | {"context":"ViolationCalculator","employeeId":50,"date":"2026-01-25"}
[2026-02-06 07:43:01] DEBUG: Resolving schedule | {"context":"ScheduleResolver","employeeId":50,"date":"2026-01-26","dayOfWeek":1}
[2026-02-06 07:43:01] DEBUG: Employee schedule lookup | {"context":"ScheduleResolver","employeeId":50,"date":"2026-01-26","hasAnySchedule":false,"foundValidSchedule":false}
[2026-02-06 07:43:01] DEBUG: Department schedule lookup | {"context":"ScheduleResolver","employeeId":50,"departmentId":9,"date":"2026-01-26","hasAnySchedule":false,"foundValidSchedule":false}
[2026-02-06 07:43:01] DEBUG: Schedule for date | {"context":"ViolationCalculator","employeeId":50,"date":"2026-01-26","isWorkDay":true,"workStart":"09:00","workEnd":"18:00"}
[2026-02-06 07:43:01] DEBUG: Both times present - calculated late/early | {"context":"ViolationCalculator","employeeId":50,"date":"2026-01-26","checkIn":"09:00","checkOut":"18:00","lateMinutes":0,"earlyMinutes":0}
[2026-02-06 07:43:01] DEBUG: Resolving schedule | {"context":"ScheduleResolver","employeeId":50,"date":"2026-01-27","dayOfWeek":2}
[2026-02-06 07:43:01] DEBUG: Employee schedule lookup | {"context":"ScheduleResolver","employeeId":50,"date":"2026-01-27","hasAnySchedule":false,"foundValidSchedule":false}
[2026-02-06 07:43:01] DEBUG: Department schedule lookup | {"context":"ScheduleResolver","employeeId":50,"departmentId":9,"date":"2026-01-27","hasAnySchedule":false,"foundValidSchedule":false}
[2026-02-06 07:43:01] DEBUG: Schedule for date | {"context":"ViolationCalculator","employeeId":50,"date":"2026-01-27","isWorkDay":true,"workStart":"09:00","workEnd":"18:00"}
[2026-02-06 07:43:01] DEBUG: Both times present - calculated late/early | {"context":"ViolationCalculator","employeeId":50,"date":"2026-01-27","checkIn":"09:02","checkOut":"18:00","lateMinutes":0,"earlyMinutes":0}
[2026-02-06 07:43:01] DEBUG: Resolving schedule | {"context":"ScheduleResolver","employeeId":50,"date":"2026-01-28","dayOfWeek":3}
[2026-02-06 07:43:01] DEBUG: Employee schedule lookup | {"context":"ScheduleResolver","employeeId":50,"date":"2026-01-28","hasAnySchedule":false,"foundValidSchedule":false}
[2026-02-06 07:43:01] DEBUG: Department schedule lookup | {"context":"ScheduleResolver","employeeId":50,"departmentId":9,"date":"2026-01-28","hasAnySchedule":false,"foundValidSchedule":false}
[2026-02-06 07:43:01] DEBUG: Schedule for date | {"context":"ViolationCalculator","employeeId":50,"date":"2026-01-28","isWorkDay":true,"workStart":"09:00","workEnd":"18:00"}
[2026-02-06 07:43:01] DEBUG: Both times present - calculated late/early | {"context":"ViolationCalculator","employeeId":50,"date":"2026-01-28","checkIn":"08:52","checkOut":"17:18","lateMinutes":0,"earlyMinutes":42}
[2026-02-06 07:43:01] DEBUG: Resolving schedule | {"context":"ScheduleResolver","employeeId":50,"date":"2026-01-29","dayOfWeek":4}
[2026-02-06 07:43:01] DEBUG: Employee schedule lookup | {"context":"ScheduleResolver","employeeId":50,"date":"2026-01-29","hasAnySchedule":false,"foundValidSchedule":false}
[2026-02-06 07:43:01] DEBUG: Department schedule lookup | {"context":"ScheduleResolver","employeeId":50,"departmentId":9,"date":"2026-01-29","hasAnySchedule":false,"foundValidSchedule":false}
[2026-02-06 07:43:01] DEBUG: Schedule for date | {"context":"ViolationCalculator","employeeId":50,"date":"2026-01-29","isWorkDay":true,"workStart":"09:00","workEnd":"18:00"}
[2026-02-06 07:43:01] DEBUG: Both times present - calculated late/early | {"context":"ViolationCalculator","employeeId":50,"date":"2026-01-29","checkIn":"09:00","checkOut":"18:00","lateMinutes":0,"earlyMinutes":0}
[2026-02-06 07:43:01] DEBUG: Resolving schedule | {"context":"ScheduleResolver","employeeId":50,"date":"2026-01-30","dayOfWeek":5}
[2026-02-06 07:43:01] DEBUG: Employee schedule lookup | {"context":"ScheduleResolver","employeeId":50,"date":"2026-01-30","hasAnySchedule":false,"foundValidSchedule":false}
[2026-02-06 07:43:02] DEBUG: Department schedule lookup | {"context":"ScheduleResolver","employeeId":50,"departmentId":9,"date":"2026-01-30","hasAnySchedule":false,"foundValidSchedule":false}
[2026-02-06 07:43:02] DEBUG: Schedule for date | {"context":"ViolationCalculator","employeeId":50,"date":"2026-01-30","isWorkDay":true,"workStart":"09:00","workEnd":"18:00"}
[2026-02-06 07:43:02] DEBUG: Both times present - calculated late/early | {"context":"ViolationCalculator","employeeId":50,"date":"2026-01-30","checkIn":"09:08","checkOut":"18:00","lateMinutes":3,"earlyMinutes":0}
[2026-02-06 07:43:02] DEBUG: Resolving schedule | {"context":"ScheduleResolver","employeeId":50,"date":"2026-01-31","dayOfWeek":6}
[2026-02-06 07:43:02] DEBUG: Employee schedule lookup | {"context":"ScheduleResolver","employeeId":50,"date":"2026-01-31","hasAnySchedule":false,"foundValidSchedule":false}
[2026-02-06 07:43:02] DEBUG: Department schedule lookup | {"context":"ScheduleResolver","employeeId":50,"departmentId":9,"date":"2026-01-31","hasAnySchedule":false,"foundValidSchedule":false}
[2026-02-06 07:43:02] DEBUG: Schedule for date | {"context":"ViolationCalculator","employeeId":50,"date":"2026-01-31","isWorkDay":false,"workStart":"09:00","workEnd":"18:00"}
[2026-02-06 07:43:02] DEBUG: Skipping non-work day | {"context":"ViolationCalculator","employeeId":50,"date":"2026-01-31"}
[2026-02-06 07:43:02] DEBUG: Resolving schedule | {"context":"ScheduleResolver","employeeId":51,"date":"2026-01-10","dayOfWeek":6}
[2026-02-06 07:43:02] DEBUG: Employee schedule lookup | {"context":"ScheduleResolver","employeeId":51,"date":"2026-01-10","hasAnySchedule":false,"foundValidSchedule":false}
[2026-02-06 07:43:02] DEBUG: Department schedule lookup | {"context":"ScheduleResolver","employeeId":51,"departmentId":11,"date":"2026-01-10","hasAnySchedule":false,"foundValidSchedule":false}
[2026-02-06 07:43:02] DEBUG: Schedule for date | {"context":"ViolationCalculator","employeeId":51,"date":"2026-01-10","isWorkDay":false,"workStart":"09:00","workEnd":"18:00"}
[2026-02-06 07:43:02] DEBUG: Skipping non-work day | {"context":"ViolationCalculator","employeeId":51,"date":"2026-01-10"}
[2026-02-06 07:43:02] DEBUG: Resolving schedule | {"context":"ScheduleResolver","employeeId":51,"date":"2026-01-11","dayOfWeek":7}
[2026-02-06 07:43:02] DEBUG: Employee schedule lookup | {"context":"ScheduleResolver","employeeId":51,"date":"2026-01-11","hasAnySchedule":false,"foundValidSchedule":false}
[2026-02-06 07:43:02] DEBUG: Department schedule lookup | {"context":"ScheduleResolver","employeeId":51,"departmentId":11,"date":"2026-01-11","hasAnySchedule":false,"foundValidSchedule":false}
[2026-02-06 07:43:02] DEBUG: Schedule for date | {"context":"ViolationCalculator","employeeId":51,"date":"2026-01-11","isWorkDay":false,"workStart":"09:00","workEnd":"18:00"}
[2026-02-06 07:43:02] DEBUG: Skipping non-work day | {"context":"ViolationCalculator","employeeId":51,"date":"2026-01-11"}
[2026-02-06 07:43:02] DEBUG: Resolving schedule | {"context":"ScheduleResolver","employeeId":51,"date":"2026-01-12","dayOfWeek":1}
[2026-02-06 07:43:02] DEBUG: Employee schedule lookup | {"context":"ScheduleResolver","employeeId":51,"date":"2026-01-12","hasAnySchedule":false,"foundValidSchedule":false}
[2026-02-06 07:43:02] DEBUG: Department schedule lookup | {"context":"ScheduleResolver","employeeId":51,"departmentId":11,"date":"2026-01-12","hasAnySchedule":false,"foundValidSchedule":false}
[2026-02-06 07:43:02] DEBUG: Schedule for date | {"context":"ViolationCalculator","employeeId":51,"date":"2026-01-12","isWorkDay":true,"workStart":"09:00","workEnd":"18:00"}
[2026-02-06 07:43:02] DEBUG: Both times present - calculated late/early | {"context":"ViolationCalculator","employeeId":51,"date":"2026-01-12","checkIn":"09:00","checkOut":"18:00","lateMinutes":0,"earlyMinutes":0}
[2026-02-06 07:43:02] DEBUG: Resolving schedule | {"context":"ScheduleResolver","employeeId":51,"date":"2026-01-13","dayOfWeek":2}
[2026-02-06 07:43:02] DEBUG: Employee schedule lookup | {"context":"ScheduleResolver","employeeId":51,"date":"2026-01-13","hasAnySchedule":false,"foundValidSchedule":false}
[2026-02-06 07:43:02] DEBUG: Department schedule lookup | {"context":"ScheduleResolver","employeeId":51,"departmentId":11,"date":"2026-01-13","hasAnySchedule":false,"foundValidSchedule":false}
[2026-02-06 07:43:02] DEBUG: Schedule for date | {"context":"ViolationCalculator","employeeId":51,"date":"2026-01-13","isWorkDay":true,"workStart":"09:00","workEnd":"18:00"}
[2026-02-06 07:43:02] DEBUG: Both times present - calculated late/early | {"context":"ViolationCalculator","employeeId":51,"date":"2026-01-13","checkIn":"09:00","checkOut":"18:00","lateMinutes":0,"earlyMinutes":0}
[2026-02-06 07:43:02] DEBUG: Resolving schedule | {"context":"ScheduleResolver","employeeId":51,"date":"2026-01-14","dayOfWeek":3}
[2026-02-06 07:43:02] DEBUG: Employee schedule lookup | {"context":"ScheduleResolver","employeeId":51,"date":"2026-01-14","hasAnySchedule":false,"foundValidSchedule":false}
[2026-02-06 07:43:02] DEBUG: Department schedule lookup | {"context":"ScheduleResolver","employeeId":51,"departmentId":11,"date":"2026-01-14","hasAnySchedule":false,"foundValidSchedule":false}
[2026-02-06 07:43:02] DEBUG: Schedule for date | {"context":"ViolationCalculator","employeeId":51,"date":"2026-01-14","isWorkDay":true,"workStart":"09:00","workEnd":"18:00"}
[2026-02-06 07:43:02] DEBUG: Both times present - calculated late/early | {"context":"ViolationCalculator","employeeId":51,"date":"2026-01-14","checkIn":"09:00","checkOut":"18:00","lateMinutes":0,"earlyMinutes":0}
[2026-02-06 07:43:02] DEBUG: Resolving schedule | {"context":"ScheduleResolver","employeeId":51,"date":"2026-01-15","dayOfWeek":4}
[2026-02-06 07:43:02] DEBUG: Employee schedule lookup | {"context":"ScheduleResolver","employeeId":51,"date":"2026-01-15","hasAnySchedule":false,"foundValidSchedule":false}
[2026-02-06 07:43:02] DEBUG: Department schedule lookup | {"context":"ScheduleResolver","employeeId":51,"departmentId":11,"date":"2026-01-15","hasAnySchedule":false,"foundValidSchedule":false}
[2026-02-06 07:43:02] DEBUG: Schedule for date | {"context":"ViolationCalculator","employeeId":51,"date":"2026-01-15","isWorkDay":true,"workStart":"09:00","workEnd":"18:00"}
[2026-02-06 07:43:02] DEBUG: Both times present - calculated late/early | {"context":"ViolationCalculator","employeeId":51,"date":"2026-01-15","checkIn":"09:00","checkOut":"18:00","lateMinutes":0,"earlyMinutes":0}
[2026-02-06 07:43:02] DEBUG: Resolving schedule | {"context":"ScheduleResolver","employeeId":51,"date":"2026-01-16","dayOfWeek":5}
[2026-02-06 07:43:02] DEBUG: Employee schedule lookup | {"context":"ScheduleResolver","employeeId":51,"date":"2026-01-16","hasAnySchedule":false,"foundValidSchedule":false}
[2026-02-06 07:43:02] DEBUG: Department schedule lookup | {"context":"ScheduleResolver","employeeId":51,"departmentId":11,"date":"2026-01-16","hasAnySchedule":false,"foundValidSchedule":false}
[2026-02-06 07:43:02] DEBUG: Schedule for date | {"context":"ViolationCalculator","employeeId":51,"date":"2026-01-16","isWorkDay":true,"workStart":"09:00","workEnd":"18:00"}
[2026-02-06 07:43:02] DEBUG: Both times present - calculated late/early | {"context":"ViolationCalculator","employeeId":51,"date":"2026-01-16","checkIn":"09:00","checkOut":"18:00","lateMinutes":0,"earlyMinutes":0}
[2026-02-06 07:43:02] DEBUG: Resolving schedule | {"context":"ScheduleResolver","employeeId":51,"date":"2026-01-17","dayOfWeek":6}
[2026-02-06 07:43:02] DEBUG: Employee schedule lookup | {"context":"ScheduleResolver","employeeId":51,"date":"2026-01-17","hasAnySchedule":false,"foundValidSchedule":false}
[2026-02-06 07:43:02] DEBUG: Department schedule lookup | {"context":"ScheduleResolver","employeeId":51,"departmentId":11,"date":"2026-01-17","hasAnySchedule":false,"foundValidSchedule":false}
[2026-02-06 07:43:02] DEBUG: Schedule for date | {"context":"ViolationCalculator","employeeId":51,"date":"2026-01-17","isWorkDay":false,"workStart":"09:00","workEnd":"18:00"}
[2026-02-06 07:43:02] DEBUG: Skipping non-work day | {"context":"ViolationCalculator","employeeId":51,"date":"2026-01-17"}
[2026-02-06 07:43:02] DEBUG: Resolving schedule | {"context":"ScheduleResolver","employeeId":51,"date":"2026-01-18","dayOfWeek":7}
[2026-02-06 07:43:02] DEBUG: Employee schedule lookup | {"context":"ScheduleResolver","employeeId":51,"date":"2026-01-18","hasAnySchedule":false,"foundValidSchedule":false}
[2026-02-06 07:43:02] DEBUG: Department schedule lookup | {"context":"ScheduleResolver","employeeId":51,"departmentId":11,"date":"2026-01-18","hasAnySchedule":false,"foundValidSchedule":false}
[2026-02-06 07:43:02] DEBUG: Schedule for date | {"context":"ViolationCalculator","employeeId":51,"date":"2026-01-18","isWorkDay":false,"workStart":"09:00","workEnd":"18:00"}
[2026-02-06 07:43:02] DEBUG: Skipping non-work day | {"context":"ViolationCalculator","employeeId":51,"date":"2026-01-18"}
[2026-02-06 07:43:02] DEBUG: Resolving schedule | {"context":"ScheduleResolver","employeeId":51,"date":"2026-01-19","dayOfWeek":1}
[2026-02-06 07:43:02] DEBUG: Employee schedule lookup | {"context":"ScheduleResolver","employeeId":51,"date":"2026-01-19","hasAnySchedule":false,"foundValidSchedule":false}
[2026-02-06 07:43:02] DEBUG: Department schedule lookup | {"context":"ScheduleResolver","employeeId":51,"departmentId":11,"date":"2026-01-19","hasAnySchedule":false,"foundValidSchedule":false}
[2026-02-06 07:43:02] DEBUG: Schedule for date | {"context":"ViolationCalculator","employeeId":51,"date":"2026-01-19","isWorkDay":true,"workStart":"09:00","workEnd":"18:00"}
[2026-02-06 07:43:02] DEBUG: Both times present - calculated late/early | {"context":"ViolationCalculator","employeeId":51,"date":"2026-01-19","checkIn":"09:00","checkOut":"18:00","lateMinutes":0,"earlyMinutes":0}
[2026-02-06 07:43:02] DEBUG: Resolving schedule | {"context":"ScheduleResolver","employeeId":51,"date":"2026-01-20","dayOfWeek":2}
[2026-02-06 07:43:02] DEBUG: Employee schedule lookup | {"context":"ScheduleResolver","employeeId":51,"date":"2026-01-20","hasAnySchedule":false,"foundValidSchedule":false}
[2026-02-06 07:43:02] DEBUG: Department schedule lookup | {"context":"ScheduleResolver","employeeId":51,"departmentId":11,"date":"2026-01-20","hasAnySchedule":false,"foundValidSchedule":false}
[2026-02-06 07:43:02] DEBUG: Schedule for date | {"context":"ViolationCalculator","employeeId":51,"date":"2026-01-20","isWorkDay":true,"workStart":"09:00","workEnd":"18:00"}
[2026-02-06 07:43:02] DEBUG: Missing time(s) - counted as absent | {"context":"ViolationCalculator","employeeId":51,"date":"2026-01-20","checkIn":null,"checkOut":null,"absentMinutes":540}
[2026-02-06 07:43:02] DEBUG: Resolving schedule | {"context":"ScheduleResolver","employeeId":51,"date":"2026-01-21","dayOfWeek":3}
[2026-02-06 07:43:02] DEBUG: Employee schedule lookup | {"context":"ScheduleResolver","employeeId":51,"date":"2026-01-21","hasAnySchedule":false,"foundValidSchedule":false}
[2026-02-06 07:43:02] DEBUG: Department schedule lookup | {"context":"ScheduleResolver","employeeId":51,"departmentId":11,"date":"2026-01-21","hasAnySchedule":false,"foundValidSchedule":false}
[2026-02-06 07:43:02] DEBUG: Schedule for date | {"context":"ViolationCalculator","employeeId":51,"date":"2026-01-21","isWorkDay":true,"workStart":"09:00","workEnd":"18:00"}
[2026-02-06 07:43:02] DEBUG: Both times present - calculated late/early | {"context":"ViolationCalculator","employeeId":51,"date":"2026-01-21","checkIn":"09:00","checkOut":"18:00","lateMinutes":0,"earlyMinutes":0}
[2026-02-06 07:43:02] DEBUG: Resolving schedule | {"context":"ScheduleResolver","employeeId":51,"date":"2026-01-22","dayOfWeek":4}
[2026-02-06 07:43:02] DEBUG: Employee schedule lookup | {"context":"ScheduleResolver","employeeId":51,"date":"2026-01-22","hasAnySchedule":false,"foundValidSchedule":false}
[2026-02-06 07:43:02] DEBUG: Department schedule lookup | {"context":"ScheduleResolver","employeeId":51,"departmentId":11,"date":"2026-01-22","hasAnySchedule":false,"foundValidSchedule":false}
[2026-02-06 07:43:02] DEBUG: Schedule for date | {"context":"ViolationCalculator","employeeId":51,"date":"2026-01-22","isWorkDay":true,"workStart":"09:00","workEnd":"18:00"}
[2026-02-06 07:43:02] DEBUG: Missing time(s) - counted as absent | {"context":"ViolationCalculator","employeeId":51,"date":"2026-01-22","checkIn":"09:01","checkOut":null,"absentMinutes":540}
[2026-02-06 07:43:02] DEBUG: Resolving schedule | {"context":"ScheduleResolver","employeeId":51,"date":"2026-01-23","dayOfWeek":5}
[2026-02-06 07:43:02] DEBUG: Employee schedule lookup | {"context":"ScheduleResolver","employeeId":51,"date":"2026-01-23","hasAnySchedule":false,"foundValidSchedule":false}
[2026-02-06 07:43:02] DEBUG: Department schedule lookup | {"context":"ScheduleResolver","employeeId":51,"departmentId":11,"date":"2026-01-23","hasAnySchedule":false,"foundValidSchedule":false}
[2026-02-06 07:43:02] DEBUG: Schedule for date | {"context":"ViolationCalculator","employeeId":51,"date":"2026-01-23","isWorkDay":true,"workStart":"09:00","workEnd":"18:00"}
[2026-02-06 07:43:02] DEBUG: Both times present - calculated late/early | {"context":"ViolationCalculator","employeeId":51,"date":"2026-01-23","checkIn":"09:31","checkOut":"18:00","lateMinutes":26,"earlyMinutes":0}
[2026-02-06 07:43:02] DEBUG: Resolving schedule | {"context":"ScheduleResolver","employeeId":51,"date":"2026-01-24","dayOfWeek":6}
[2026-02-06 07:43:02] DEBUG: Employee schedule lookup | {"context":"ScheduleResolver","employeeId":51,"date":"2026-01-24","hasAnySchedule":false,"foundValidSchedule":false}
[2026-02-06 07:43:02] DEBUG: Department schedule lookup | {"context":"ScheduleResolver","employeeId":51,"departmentId":11,"date":"2026-01-24","hasAnySchedule":false,"foundValidSchedule":false}
[2026-02-06 07:43:02] DEBUG: Schedule for date | {"context":"ViolationCalculator","employeeId":51,"date":"2026-01-24","isWorkDay":false,"workStart":"09:00","workEnd":"18:00"}
[2026-02-06 07:43:02] DEBUG: Skipping non-work day | {"context":"ViolationCalculator","employeeId":51,"date":"2026-01-24"}
[2026-02-06 07:43:02] DEBUG: Resolving schedule | {"context":"ScheduleResolver","employeeId":51,"date":"2026-01-25","dayOfWeek":7}
[2026-02-06 07:43:02] DEBUG: Employee schedule lookup | {"context":"ScheduleResolver","employeeId":51,"date":"2026-01-25","hasAnySchedule":false,"foundValidSchedule":false}
[2026-02-06 07:43:02] DEBUG: Department schedule lookup | {"context":"ScheduleResolver","employeeId":51,"departmentId":11,"date":"2026-01-25","hasAnySchedule":false,"foundValidSchedule":false}
[2026-02-06 07:43:02] DEBUG: Schedule for date | {"context":"ViolationCalculator","employeeId":51,"date":"2026-01-25","isWorkDay":false,"workStart":"09:00","workEnd":"18:00"}
[2026-02-06 07:43:02] DEBUG: Skipping non-work day | {"context":"ViolationCalculator","employeeId":51,"date":"2026-01-25"}
[2026-02-06 07:43:02] DEBUG: Resolving schedule | {"context":"ScheduleResolver","employeeId":51,"date":"2026-01-26","dayOfWeek":1}
[2026-02-06 07:43:02] DEBUG: Employee schedule lookup | {"context":"ScheduleResolver","employeeId":51,"date":"2026-01-26","hasAnySchedule":false,"foundValidSchedule":false}
[2026-02-06 07:43:02] DEBUG: Department schedule lookup | {"context":"ScheduleResolver","employeeId":51,"departmentId":11,"date":"2026-01-26","hasAnySchedule":false,"foundValidSchedule":false}
[2026-02-06 07:43:02] DEBUG: Schedule for date | {"context":"ViolationCalculator","employeeId":51,"date":"2026-01-26","isWorkDay":true,"workStart":"09:00","workEnd":"18:00"}
[2026-02-06 07:43:02] DEBUG: Both times present - calculated late/early | {"context":"ViolationCalculator","employeeId":51,"date":"2026-01-26","checkIn":"09:00","checkOut":"18:00","lateMinutes":0,"earlyMinutes":0}
[2026-02-06 07:43:02] DEBUG: Resolving schedule | {"context":"ScheduleResolver","employeeId":51,"date":"2026-01-27","dayOfWeek":2}
[2026-02-06 07:43:02] DEBUG: Employee schedule lookup | {"context":"ScheduleResolver","employeeId":51,"date":"2026-01-27","hasAnySchedule":false,"foundValidSchedule":false}
[2026-02-06 07:43:02] DEBUG: Department schedule lookup | {"context":"ScheduleResolver","employeeId":51,"departmentId":11,"date":"2026-01-27","hasAnySchedule":false,"foundValidSchedule":false}
[2026-02-06 07:43:02] DEBUG: Schedule for date | {"context":"ViolationCalculator","employeeId":51,"date":"2026-01-27","isWorkDay":true,"workStart":"09:00","workEnd":"18:00"}
[2026-02-06 07:43:02] DEBUG: Both times present - calculated late/early | {"context":"ViolationCalculator","employeeId":51,"date":"2026-01-27","checkIn":"09:00","checkOut":"18:00","lateMinutes":0,"earlyMinutes":0}
[2026-02-06 07:43:02] DEBUG: Resolving schedule | {"context":"ScheduleResolver","employeeId":51,"date":"2026-01-28","dayOfWeek":3}
[2026-02-06 07:43:02] DEBUG: Employee schedule lookup | {"context":"ScheduleResolver","employeeId":51,"date":"2026-01-28","hasAnySchedule":false,"foundValidSchedule":false}
[2026-02-06 07:43:02] DEBUG: Department schedule lookup | {"context":"ScheduleResolver","employeeId":51,"departmentId":11,"date":"2026-01-28","hasAnySchedule":false,"foundValidSchedule":false}
[2026-02-06 07:43:02] DEBUG: Schedule for date | {"context":"ViolationCalculator","employeeId":51,"date":"2026-01-28","isWorkDay":true,"workStart":"09:00","workEnd":"18:00"}
[2026-02-06 07:43:02] DEBUG: Both times present - calculated late/early | {"context":"ViolationCalculator","employeeId":51,"date":"2026-01-28","checkIn":"08:44","checkOut":"17:06","lateMinutes":0,"earlyMinutes":54}
[2026-02-06 07:43:02] DEBUG: Resolving schedule | {"context":"ScheduleResolver","employeeId":51,"date":"2026-01-29","dayOfWeek":4}
[2026-02-06 07:43:02] DEBUG: Employee schedule lookup | {"context":"ScheduleResolver","employeeId":51,"date":"2026-01-29","hasAnySchedule":false,"foundValidSchedule":false}
[2026-02-06 07:43:02] DEBUG: Department schedule lookup | {"context":"ScheduleResolver","employeeId":51,"departmentId":11,"date":"2026-01-29","hasAnySchedule":false,"foundValidSchedule":false}
[2026-02-06 07:43:02] DEBUG: Schedule for date | {"context":"ViolationCalculator","employeeId":51,"date":"2026-01-29","isWorkDay":true,"workStart":"09:00","workEnd":"18:00"}
[2026-02-06 07:43:02] DEBUG: Both times present - calculated late/early | {"context":"ViolationCalculator","employeeId":51,"date":"2026-01-29","checkIn":"09:00","checkOut":"18:00","lateMinutes":0,"earlyMinutes":0}
[2026-02-06 07:43:02] DEBUG: Resolving schedule | {"context":"ScheduleResolver","employeeId":51,"date":"2026-01-30","dayOfWeek":5}
[2026-02-06 07:43:02] DEBUG: Employee schedule lookup | {"context":"ScheduleResolver","employeeId":51,"date":"2026-01-30","hasAnySchedule":false,"foundValidSchedule":false}
[2026-02-06 07:43:02] DEBUG: Department schedule lookup | {"context":"ScheduleResolver","employeeId":51,"departmentId":11,"date":"2026-01-30","hasAnySchedule":false,"foundValidSchedule":false}
[2026-02-06 07:43:02] DEBUG: Schedule for date | {"context":"ViolationCalculator","employeeId":51,"date":"2026-01-30","isWorkDay":true,"workStart":"09:00","workEnd":"18:00"}
[2026-02-06 07:43:02] DEBUG: Both times present - calculated late/early | {"context":"ViolationCalculator","employeeId":51,"date":"2026-01-30","checkIn":"09:00","checkOut":"18:00","lateMinutes":0,"earlyMinutes":0}
[2026-02-06 07:43:02] DEBUG: Resolving schedule | {"context":"ScheduleResolver","employeeId":51,"date":"2026-01-31","dayOfWeek":6}
[2026-02-06 07:43:02] DEBUG: Employee schedule lookup | {"context":"ScheduleResolver","employeeId":51,"date":"2026-01-31","hasAnySchedule":false,"foundValidSchedule":false}
[2026-02-06 07:43:02] DEBUG: Department schedule lookup | {"context":"ScheduleResolver","employeeId":51,"departmentId":11,"date":"2026-01-31","hasAnySchedule":false,"foundValidSchedule":false}
[2026-02-06 07:43:02] DEBUG: Schedule for date | {"context":"ViolationCalculator","employeeId":51,"date":"2026-01-31","isWorkDay":false,"workStart":"09:00","workEnd":"18:00"}
[2026-02-06 07:43:02] DEBUG: Skipping non-work day | {"context":"ViolationCalculator","employeeId":51,"date":"2026-01-31"}
[2026-02-06 07:43:02] DEBUG: Resolving schedule | {"context":"ScheduleResolver","employeeId":52,"date":"2026-01-10","dayOfWeek":6}
[2026-02-06 07:43:02] DEBUG: Employee schedule lookup | {"context":"ScheduleResolver","employeeId":52,"date":"2026-01-10","hasAnySchedule":false,"foundValidSchedule":false}
[2026-02-06 07:43:02] DEBUG: Department schedule lookup | {"context":"ScheduleResolver","employeeId":52,"departmentId":11,"date":"2026-01-10","hasAnySchedule":false,"foundValidSchedule":false}
[2026-02-06 07:43:02] DEBUG: Schedule for date | {"context":"ViolationCalculator","employeeId":52,"date":"2026-01-10","isWorkDay":false,"workStart":"09:00","workEnd":"18:00"}
[2026-02-06 07:43:02] DEBUG: Skipping non-work day | {"context":"ViolationCalculator","employeeId":52,"date":"2026-01-10"}
[2026-02-06 07:43:02] DEBUG: Resolving schedule | {"context":"ScheduleResolver","employeeId":52,"date":"2026-01-11","dayOfWeek":7}
[2026-02-06 07:43:02] DEBUG: Employee schedule lookup | {"context":"ScheduleResolver","employeeId":52,"date":"2026-01-11","hasAnySchedule":false,"foundValidSchedule":false}
[2026-02-06 07:43:02] DEBUG: Department schedule lookup | {"context":"ScheduleResolver","employeeId":52,"departmentId":11,"date":"2026-01-11","hasAnySchedule":false,"foundValidSchedule":false}
[2026-02-06 07:43:02] DEBUG: Schedule for date | {"context":"ViolationCalculator","employeeId":52,"date":"2026-01-11","isWorkDay":false,"workStart":"09:00","workEnd":"18:00"}
[2026-02-06 07:43:02] DEBUG: Skipping non-work day | {"context":"ViolationCalculator","employeeId":52,"date":"2026-01-11"}
[2026-02-06 07:43:02] DEBUG: Resolving schedule | {"context":"ScheduleResolver","employeeId":52,"date":"2026-01-12","dayOfWeek":1}
[2026-02-06 07:43:02] DEBUG: Employee schedule lookup | {"context":"ScheduleResolver","employeeId":52,"date":"2026-01-12","hasAnySchedule":false,"foundValidSchedule":false}
[2026-02-06 07:43:02] DEBUG: Department schedule lookup | {"context":"ScheduleResolver","employeeId":52,"departmentId":11,"date":"2026-01-12","hasAnySchedule":false,"foundValidSchedule":false}
[2026-02-06 07:43:02] DEBUG: Schedule for date | {"context":"ViolationCalculator","employeeId":52,"date":"2026-01-12","isWorkDay":true,"workStart":"09:00","workEnd":"18:00"}
[2026-02-06 07:43:02] DEBUG: Both times present - calculated late/early | {"context":"ViolationCalculator","employeeId":52,"date":"2026-01-12","checkIn":"09:00","checkOut":"18:00","lateMinutes":0,"earlyMinutes":0}
[2026-02-06 07:43:02] DEBUG: Resolving schedule | {"context":"ScheduleResolver","employeeId":52,"date":"2026-01-13","dayOfWeek":2}
[2026-02-06 07:43:02] DEBUG: Employee schedule lookup | {"context":"ScheduleResolver","employeeId":52,"date":"2026-01-13","hasAnySchedule":false,"foundValidSchedule":false}
[2026-02-06 07:43:02] DEBUG: Department schedule lookup | {"context":"ScheduleResolver","employeeId":52,"departmentId":11,"date":"2026-01-13","hasAnySchedule":false,"foundValidSchedule":false}
[2026-02-06 07:43:02] DEBUG: Schedule for date | {"context":"ViolationCalculator","employeeId":52,"date":"2026-01-13","isWorkDay":true,"workStart":"09:00","workEnd":"18:00"}
[2026-02-06 07:43:02] DEBUG: Both times present - calculated late/early | {"context":"ViolationCalculator","employeeId":52,"date":"2026-01-13","checkIn":"09:00","checkOut":"18:00","lateMinutes":0,"earlyMinutes":0}
[2026-02-06 07:43:02] DEBUG: Resolving schedule | {"context":"ScheduleResolver","employeeId":52,"date":"2026-01-14","dayOfWeek":3}
[2026-02-06 07:43:02] DEBUG: Employee schedule lookup | {"context":"ScheduleResolver","employeeId":52,"date":"2026-01-14","hasAnySchedule":false,"foundValidSchedule":false}
[2026-02-06 07:43:02] DEBUG: Department schedule lookup | {"context":"ScheduleResolver","employeeId":52,"departmentId":11,"date":"2026-01-14","hasAnySchedule":false,"foundValidSchedule":false}
[2026-02-06 07:43:02] DEBUG: Schedule for date | {"context":"ViolationCalculator","employeeId":52,"date":"2026-01-14","isWorkDay":true,"workStart":"09:00","workEnd":"18:00"}
[2026-02-06 07:43:02] DEBUG: Both times present - calculated late/early | {"context":"ViolationCalculator","employeeId":52,"date":"2026-01-14","checkIn":"09:00","checkOut":"18:00","lateMinutes":0,"earlyMinutes":0}
[2026-02-06 07:43:02] DEBUG: Resolving schedule | {"context":"ScheduleResolver","employeeId":52,"date":"2026-01-15","dayOfWeek":4}
[2026-02-06 07:43:02] DEBUG: Employee schedule lookup | {"context":"ScheduleResolver","employeeId":52,"date":"2026-01-15","hasAnySchedule":false,"foundValidSchedule":false}
[2026-02-06 07:43:02] DEBUG: Department schedule lookup | {"context":"ScheduleResolver","employeeId":52,"departmentId":11,"date":"2026-01-15","hasAnySchedule":false,"foundValidSchedule":false}
[2026-02-06 07:43:02] DEBUG: Schedule for date | {"context":"ViolationCalculator","employeeId":52,"date":"2026-01-15","isWorkDay":true,"workStart":"09:00","workEnd":"18:00"}
[2026-02-06 07:43:02] DEBUG: Both times present - calculated late/early | {"context":"ViolationCalculator","employeeId":52,"date":"2026-01-15","checkIn":"09:00","checkOut":"18:00","lateMinutes":0,"earlyMinutes":0}
[2026-02-06 07:43:02] DEBUG: Resolving schedule | {"context":"ScheduleResolver","employeeId":52,"date":"2026-01-16","dayOfWeek":5}
[2026-02-06 07:43:02] DEBUG: Employee schedule lookup | {"context":"ScheduleResolver","employeeId":52,"date":"2026-01-16","hasAnySchedule":false,"foundValidSchedule":false}
[2026-02-06 07:43:02] DEBUG: Department schedule lookup | {"context":"ScheduleResolver","employeeId":52,"departmentId":11,"date":"2026-01-16","hasAnySchedule":false,"foundValidSchedule":false}
[2026-02-06 07:43:02] DEBUG: Schedule for date | {"context":"ViolationCalculator","employeeId":52,"date":"2026-01-16","isWorkDay":true,"workStart":"09:00","workEnd":"18:00"}
[2026-02-06 07:43:02] DEBUG: Both times present - calculated late/early | {"context":"ViolationCalculator","employeeId":52,"date":"2026-01-16","checkIn":"09:00","checkOut":"18:00","lateMinutes":0,"earlyMinutes":0}
[2026-02-06 07:43:02] DEBUG: Resolving schedule | {"context":"ScheduleResolver","employeeId":52,"date":"2026-01-17","dayOfWeek":6}
[2026-02-06 07:43:02] DEBUG: Employee schedule lookup | {"context":"ScheduleResolver","employeeId":52,"date":"2026-01-17","hasAnySchedule":false,"foundValidSchedule":false}
[2026-02-06 07:43:02] DEBUG: Department schedule lookup | {"context":"ScheduleResolver","employeeId":52,"departmentId":11,"date":"2026-01-17","hasAnySchedule":false,"foundValidSchedule":false}
[2026-02-06 07:43:02] DEBUG: Schedule for date | {"context":"ViolationCalculator","employeeId":52,"date":"2026-01-17","isWorkDay":false,"workStart":"09:00","workEnd":"18:00"}
[2026-02-06 07:43:02] DEBUG: Skipping non-work day | {"context":"ViolationCalculator","employeeId":52,"date":"2026-01-17"}
[2026-02-06 07:43:02] DEBUG: Resolving schedule | {"context":"ScheduleResolver","employeeId":52,"date":"2026-01-18","dayOfWeek":7}
[2026-02-06 07:43:02] DEBUG: Employee schedule lookup | {"context":"ScheduleResolver","employeeId":52,"date":"2026-01-18","hasAnySchedule":false,"foundValidSchedule":false}
[2026-02-06 07:43:02] DEBUG: Department schedule lookup | {"context":"ScheduleResolver","employeeId":52,"departmentId":11,"date":"2026-01-18","hasAnySchedule":false,"foundValidSchedule":false}
[2026-02-06 07:43:02] DEBUG: Schedule for date | {"context":"ViolationCalculator","employeeId":52,"date":"2026-01-18","isWorkDay":false,"workStart":"09:00","workEnd":"18:00"}
[2026-02-06 07:43:02] DEBUG: Skipping non-work day | {"context":"ViolationCalculator","employeeId":52,"date":"2026-01-18"}
[2026-02-06 07:43:02] DEBUG: Resolving schedule | {"context":"ScheduleResolver","employeeId":52,"date":"2026-01-19","dayOfWeek":1}
[2026-02-06 07:43:02] DEBUG: Employee schedule lookup | {"context":"ScheduleResolver","employeeId":52,"date":"2026-01-19","hasAnySchedule":false,"foundValidSchedule":false}
[2026-02-06 07:43:02] DEBUG: Department schedule lookup | {"context":"ScheduleResolver","employeeId":52,"departmentId":11,"date":"2026-01-19","hasAnySchedule":false,"foundValidSchedule":false}
[2026-02-06 07:43:02] DEBUG: Schedule for date | {"context":"ViolationCalculator","employeeId":52,"date":"2026-01-19","isWorkDay":true,"workStart":"09:00","workEnd":"18:00"}
[2026-02-06 07:43:02] DEBUG: Both times present - calculated late/early | {"context":"ViolationCalculator","employeeId":52,"date":"2026-01-19","checkIn":"09:00","checkOut":"18:00","lateMinutes":0,"earlyMinutes":0}
[2026-02-06 07:43:02] DEBUG: Resolving schedule | {"context":"ScheduleResolver","employeeId":52,"date":"2026-01-20","dayOfWeek":2}
[2026-02-06 07:43:02] DEBUG: Employee schedule lookup | {"context":"ScheduleResolver","employeeId":52,"date":"2026-01-20","hasAnySchedule":false,"foundValidSchedule":false}
[2026-02-06 07:43:02] DEBUG: Department schedule lookup | {"context":"ScheduleResolver","employeeId":52,"departmentId":11,"date":"2026-01-20","hasAnySchedule":false,"foundValidSchedule":false}
[2026-02-06 07:43:02] DEBUG: Schedule for date | {"context":"ViolationCalculator","employeeId":52,"date":"2026-01-20","isWorkDay":true,"workStart":"09:00","workEnd":"18:00"}
[2026-02-06 07:43:02] DEBUG: Both times present - calculated late/early | {"context":"ViolationCalculator","employeeId":52,"date":"2026-01-20","checkIn":"09:00","checkOut":"18:00","lateMinutes":0,"earlyMinutes":0}
[2026-02-06 07:43:02] DEBUG: Resolving schedule | {"context":"ScheduleResolver","employeeId":52,"date":"2026-01-21","dayOfWeek":3}
[2026-02-06 07:43:02] DEBUG: Employee schedule lookup | {"context":"ScheduleResolver","employeeId":52,"date":"2026-01-21","hasAnySchedule":false,"foundValidSchedule":false}
[2026-02-06 07:43:02] DEBUG: Department schedule lookup | {"context":"ScheduleResolver","employeeId":52,"departmentId":11,"date":"2026-01-21","hasAnySchedule":false,"foundValidSchedule":false}
[2026-02-06 07:43:02] DEBUG: Schedule for date | {"context":"ViolationCalculator","employeeId":52,"date":"2026-01-21","isWorkDay":true,"workStart":"09:00","workEnd":"18:00"}
[2026-02-06 07:43:02] DEBUG: Missing time(s) - counted as absent | {"context":"ViolationCalculator","employeeId":52,"date":"2026-01-21","checkIn":null,"checkOut":null,"absentMinutes":540}
[2026-02-06 07:43:02] DEBUG: Resolving schedule | {"context":"ScheduleResolver","employeeId":52,"date":"2026-01-22","dayOfWeek":4}
[2026-02-06 07:43:02] DEBUG: Employee schedule lookup | {"context":"ScheduleResolver","employeeId":52,"date":"2026-01-22","hasAnySchedule":false,"foundValidSchedule":false}
[2026-02-06 07:43:02] DEBUG: Department schedule lookup | {"context":"ScheduleResolver","employeeId":52,"departmentId":11,"date":"2026-01-22","hasAnySchedule":false,"foundValidSchedule":false}
[2026-02-06 07:43:02] DEBUG: Schedule for date | {"context":"ViolationCalculator","employeeId":52,"date":"2026-01-22","isWorkDay":true,"workStart":"09:00","workEnd":"18:00"}
[2026-02-06 07:43:02] DEBUG: Missing time(s) - counted as absent | {"context":"ViolationCalculator","employeeId":52,"date":"2026-01-22","checkIn":null,"checkOut":null,"absentMinutes":540}
[2026-02-06 07:43:02] DEBUG: Resolving schedule | {"context":"ScheduleResolver","employeeId":52,"date":"2026-01-23","dayOfWeek":5}
[2026-02-06 07:43:02] DEBUG: Employee schedule lookup | {"context":"ScheduleResolver","employeeId":52,"date":"2026-01-23","hasAnySchedule":false,"foundValidSchedule":false}
[2026-02-06 07:43:02] DEBUG: Department schedule lookup | {"context":"ScheduleResolver","employeeId":52,"departmentId":11,"date":"2026-01-23","hasAnySchedule":false,"foundValidSchedule":false}
[2026-02-06 07:43:02] DEBUG: Schedule for date | {"context":"ViolationCalculator","employeeId":52,"date":"2026-01-23","isWorkDay":true,"workStart":"09:00","workEnd":"18:00"}
[2026-02-06 07:43:02] DEBUG: Both times present - calculated late/early | {"context":"ViolationCalculator","employeeId":52,"date":"2026-01-23","checkIn":"09:13","checkOut":"18:00","lateMinutes":8,"earlyMinutes":0}
[2026-02-06 07:43:02] DEBUG: Resolving schedule | {"context":"ScheduleResolver","employeeId":52,"date":"2026-01-24","dayOfWeek":6}
[2026-02-06 07:43:02] DEBUG: Employee schedule lookup | {"context":"ScheduleResolver","employeeId":52,"date":"2026-01-24","hasAnySchedule":false,"foundValidSchedule":false}
[2026-02-06 07:43:02] DEBUG: Department schedule lookup | {"context":"ScheduleResolver","employeeId":52,"departmentId":11,"date":"2026-01-24","hasAnySchedule":false,"foundValidSchedule":false}
[2026-02-06 07:43:02] DEBUG: Schedule for date | {"context":"ViolationCalculator","employeeId":52,"date":"2026-01-24","isWorkDay":false,"workStart":"09:00","workEnd":"18:00"}
[2026-02-06 07:43:02] DEBUG: Skipping non-work day | {"context":"ViolationCalculator","employeeId":52,"date":"2026-01-24"}
[2026-02-06 07:43:02] DEBUG: Resolving schedule | {"context":"ScheduleResolver","employeeId":52,"date":"2026-01-25","dayOfWeek":7}
[2026-02-06 07:43:02] DEBUG: Employee schedule lookup | {"context":"ScheduleResolver","employeeId":52,"date":"2026-01-25","hasAnySchedule":false,"foundValidSchedule":false}
[2026-02-06 07:43:02] DEBUG: Department schedule lookup | {"context":"ScheduleResolver","employeeId":52,"departmentId":11,"date":"2026-01-25","hasAnySchedule":false,"foundValidSchedule":false}
[2026-02-06 07:43:02] DEBUG: Schedule for date | {"context":"ViolationCalculator","employeeId":52,"date":"2026-01-25","isWorkDay":false,"workStart":"09:00","workEnd":"18:00"}
[2026-02-06 07:43:02] DEBUG: Skipping non-work day | {"context":"ViolationCalculator","employeeId":52,"date":"2026-01-25"}
[2026-02-06 07:43:02] DEBUG: Resolving schedule | {"context":"ScheduleResolver","employeeId":52,"date":"2026-01-26","dayOfWeek":1}
[2026-02-06 07:43:02] DEBUG: Employee schedule lookup | {"context":"ScheduleResolver","employeeId":52,"date":"2026-01-26","hasAnySchedule":false,"foundValidSchedule":false}
[2026-02-06 07:43:02] DEBUG: Department schedule lookup | {"context":"ScheduleResolver","employeeId":52,"departmentId":11,"date":"2026-01-26","hasAnySchedule":false,"foundValidSchedule":false}
[2026-02-06 07:43:02] DEBUG: Schedule for date | {"context":"ViolationCalculator","employeeId":52,"date":"2026-01-26","isWorkDay":true,"workStart":"09:00","workEnd":"18:00"}
[2026-02-06 07:43:02] DEBUG: Both times present - calculated late/early | {"context":"ViolationCalculator","employeeId":52,"date":"2026-01-26","checkIn":"09:00","checkOut":"18:00","lateMinutes":0,"earlyMinutes":0}
[2026-02-06 07:43:02] DEBUG: Resolving schedule | {"context":"ScheduleResolver","employeeId":52,"date":"2026-01-27","dayOfWeek":2}
[2026-02-06 07:43:02] DEBUG: Employee schedule lookup | {"context":"ScheduleResolver","employeeId":52,"date":"2026-01-27","hasAnySchedule":false,"foundValidSchedule":false}
[2026-02-06 07:43:02] DEBUG: Department schedule lookup | {"context":"ScheduleResolver","employeeId":52,"departmentId":11,"date":"2026-01-27","hasAnySchedule":false,"foundValidSchedule":false}
[2026-02-06 07:43:02] DEBUG: Schedule for date | {"context":"ViolationCalculator","employeeId":52,"date":"2026-01-27","isWorkDay":true,"workStart":"09:00","workEnd":"18:00"}
[2026-02-06 07:43:02] DEBUG: Missing time(s) - counted as absent | {"context":"ViolationCalculator","employeeId":52,"date":"2026-01-27","checkIn":null,"checkOut":"18:00","absentMinutes":540}
[2026-02-06 07:43:02] DEBUG: Resolving schedule | {"context":"ScheduleResolver","employeeId":52,"date":"2026-01-28","dayOfWeek":3}
[2026-02-06 07:43:02] DEBUG: Employee schedule lookup | {"context":"ScheduleResolver","employeeId":52,"date":"2026-01-28","hasAnySchedule":false,"foundValidSchedule":false}
[2026-02-06 07:43:02] DEBUG: Department schedule lookup | {"context":"ScheduleResolver","employeeId":52,"departmentId":11,"date":"2026-01-28","hasAnySchedule":false,"foundValidSchedule":false}
[2026-02-06 07:43:02] DEBUG: Schedule for date | {"context":"ViolationCalculator","employeeId":52,"date":"2026-01-28","isWorkDay":true,"workStart":"09:00","workEnd":"18:00"}
[2026-02-06 07:43:02] DEBUG: Both times present - calculated late/early | {"context":"ViolationCalculator","employeeId":52,"date":"2026-01-28","checkIn":"09:02","checkOut":"18:17","lateMinutes":0,"earlyMinutes":0}
[2026-02-06 07:43:02] DEBUG: Resolving schedule | {"context":"ScheduleResolver","employeeId":52,"date":"2026-01-29","dayOfWeek":4}
[2026-02-06 07:43:02] DEBUG: Employee schedule lookup | {"context":"ScheduleResolver","employeeId":52,"date":"2026-01-29","hasAnySchedule":false,"foundValidSchedule":false}
[2026-02-06 07:43:02] DEBUG: Department schedule lookup | {"context":"ScheduleResolver","employeeId":52,"departmentId":11,"date":"2026-01-29","hasAnySchedule":false,"foundValidSchedule":false}
[2026-02-06 07:43:02] DEBUG: Schedule for date | {"context":"ViolationCalculator","employeeId":52,"date":"2026-01-29","isWorkDay":true,"workStart":"09:00","workEnd":"18:00"}
[2026-02-06 07:43:02] DEBUG: Both times present - calculated late/early | {"context":"ViolationCalculator","employeeId":52,"date":"2026-01-29","checkIn":"09:05","checkOut":"18:00","lateMinutes":0,"earlyMinutes":0}
[2026-02-06 07:43:02] DEBUG: Resolving schedule | {"context":"ScheduleResolver","employeeId":52,"date":"2026-01-30","dayOfWeek":5}
[2026-02-06 07:43:02] DEBUG: Employee schedule lookup | {"context":"ScheduleResolver","employeeId":52,"date":"2026-01-30","hasAnySchedule":false,"foundValidSchedule":false}
[2026-02-06 07:43:02] DEBUG: Department schedule lookup | {"context":"ScheduleResolver","employeeId":52,"departmentId":11,"date":"2026-01-30","hasAnySchedule":false,"foundValidSchedule":false}
[2026-02-06 07:43:02] DEBUG: Schedule for date | {"context":"ViolationCalculator","employeeId":52,"date":"2026-01-30","isWorkDay":true,"workStart":"09:00","workEnd":"18:00"}
[2026-02-06 07:43:02] DEBUG: Both times present - calculated late/early | {"context":"ViolationCalculator","employeeId":52,"date":"2026-01-30","checkIn":"09:12","checkOut":"16:17","lateMinutes":7,"earlyMinutes":103}
[2026-02-06 07:43:02] DEBUG: Resolving schedule | {"context":"ScheduleResolver","employeeId":52,"date":"2026-01-31","dayOfWeek":6}
[2026-02-06 07:43:02] DEBUG: Employee schedule lookup | {"context":"ScheduleResolver","employeeId":52,"date":"2026-01-31","hasAnySchedule":false,"foundValidSchedule":false}
[2026-02-06 07:43:02] DEBUG: Department schedule lookup | {"context":"ScheduleResolver","employeeId":52,"departmentId":11,"date":"2026-01-31","hasAnySchedule":false,"foundValidSchedule":false}
[2026-02-06 07:43:02] DEBUG: Schedule for date | {"context":"ViolationCalculator","employeeId":52,"date":"2026-01-31","isWorkDay":false,"workStart":"09:00","workEnd":"18:00"}
[2026-02-06 07:43:02] DEBUG: Skipping non-work day | {"context":"ViolationCalculator","employeeId":52,"date":"2026-01-31"}
[2026-02-06 07:43:02] DEBUG: Resolving schedule | {"context":"ScheduleResolver","employeeId":53,"date":"2026-01-10","dayOfWeek":6}
[2026-02-06 07:43:02] DEBUG: Employee schedule lookup | {"context":"ScheduleResolver","employeeId":53,"date":"2026-01-10","hasAnySchedule":false,"foundValidSchedule":false}
[2026-02-06 07:43:02] DEBUG: Department schedule lookup | {"context":"ScheduleResolver","employeeId":53,"departmentId":11,"date":"2026-01-10","hasAnySchedule":false,"foundValidSchedule":false}
[2026-02-06 07:43:02] DEBUG: Schedule for date | {"context":"ViolationCalculator","employeeId":53,"date":"2026-01-10","isWorkDay":false,"workStart":"09:00","workEnd":"18:00"}
[2026-02-06 07:43:02] DEBUG: Skipping non-work day | {"context":"ViolationCalculator","employeeId":53,"date":"2026-01-10"}
[2026-02-06 07:43:02] DEBUG: Resolving schedule | {"context":"ScheduleResolver","employeeId":53,"date":"2026-01-11","dayOfWeek":7}
[2026-02-06 07:43:02] DEBUG: Employee schedule lookup | {"context":"ScheduleResolver","employeeId":53,"date":"2026-01-11","hasAnySchedule":false,"foundValidSchedule":false}
[2026-02-06 07:43:02] DEBUG: Department schedule lookup | {"context":"ScheduleResolver","employeeId":53,"departmentId":11,"date":"2026-01-11","hasAnySchedule":false,"foundValidSchedule":false}
[2026-02-06 07:43:02] DEBUG: Schedule for date | {"context":"ViolationCalculator","employeeId":53,"date":"2026-01-11","isWorkDay":false,"workStart":"09:00","workEnd":"18:00"}
[2026-02-06 07:43:02] DEBUG: Skipping non-work day | {"context":"ViolationCalculator","employeeId":53,"date":"2026-01-11"}
[2026-02-06 07:43:02] DEBUG: Resolving schedule | {"context":"ScheduleResolver","employeeId":53,"date":"2026-01-12","dayOfWeek":1}
[2026-02-06 07:43:02] DEBUG: Employee schedule lookup | {"context":"ScheduleResolver","employeeId":53,"date":"2026-01-12","hasAnySchedule":false,"foundValidSchedule":false}
[2026-02-06 07:43:02] DEBUG: Department schedule lookup | {"context":"ScheduleResolver","employeeId":53,"departmentId":11,"date":"2026-01-12","hasAnySchedule":false,"foundValidSchedule":false}
[2026-02-06 07:43:02] DEBUG: Schedule for date | {"context":"ViolationCalculator","employeeId":53,"date":"2026-01-12","isWorkDay":true,"workStart":"09:00","workEnd":"18:00"}
[2026-02-06 07:43:02] DEBUG: Both times present - calculated late/early | {"context":"ViolationCalculator","employeeId":53,"date":"2026-01-12","checkIn":"09:00","checkOut":"17:51","lateMinutes":0,"earlyMinutes":9}
[2026-02-06 07:43:02] DEBUG: Resolving schedule | {"context":"ScheduleResolver","employeeId":53,"date":"2026-01-13","dayOfWeek":2}
[2026-02-06 07:43:02] DEBUG: Employee schedule lookup | {"context":"ScheduleResolver","employeeId":53,"date":"2026-01-13","hasAnySchedule":false,"foundValidSchedule":false}
[2026-02-06 07:43:02] DEBUG: Department schedule lookup | {"context":"ScheduleResolver","employeeId":53,"departmentId":11,"date":"2026-01-13","hasAnySchedule":false,"foundValidSchedule":false}
[2026-02-06 07:43:02] DEBUG: Schedule for date | {"context":"ViolationCalculator","employeeId":53,"date":"2026-01-13","isWorkDay":true,"workStart":"09:00","workEnd":"18:00"}
[2026-02-06 07:43:02] DEBUG: Both times present - calculated late/early | {"context":"ViolationCalculator","employeeId":53,"date":"2026-01-13","checkIn":"09:00","checkOut":"17:58","lateMinutes":0,"earlyMinutes":2}
[2026-02-06 07:43:02] DEBUG: Resolving schedule | {"context":"ScheduleResolver","employeeId":53,"date":"2026-01-14","dayOfWeek":3}
[2026-02-06 07:43:02] DEBUG: Employee schedule lookup | {"context":"ScheduleResolver","employeeId":53,"date":"2026-01-14","hasAnySchedule":false,"foundValidSchedule":false}
[2026-02-06 07:43:02] DEBUG: Department schedule lookup | {"context":"ScheduleResolver","employeeId":53,"departmentId":11,"date":"2026-01-14","hasAnySchedule":false,"foundValidSchedule":false}
[2026-02-06 07:43:02] DEBUG: Schedule for date | {"context":"ViolationCalculator","employeeId":53,"date":"2026-01-14","isWorkDay":true,"workStart":"09:00","workEnd":"18:00"}
[2026-02-06 07:43:02] DEBUG: Both times present - calculated late/early | {"context":"ViolationCalculator","employeeId":53,"date":"2026-01-14","checkIn":"09:00","checkOut":"17:47","lateMinutes":0,"earlyMinutes":13}
[2026-02-06 07:43:02] DEBUG: Resolving schedule | {"context":"ScheduleResolver","employeeId":53,"date":"2026-01-15","dayOfWeek":4}
[2026-02-06 07:43:02] DEBUG: Employee schedule lookup | {"context":"ScheduleResolver","employeeId":53,"date":"2026-01-15","hasAnySchedule":false,"foundValidSchedule":false}
[2026-02-06 07:43:02] DEBUG: Department schedule lookup | {"context":"ScheduleResolver","employeeId":53,"departmentId":11,"date":"2026-01-15","hasAnySchedule":false,"foundValidSchedule":false}
[2026-02-06 07:43:02] DEBUG: Schedule for date | {"context":"ViolationCalculator","employeeId":53,"date":"2026-01-15","isWorkDay":true,"workStart":"09:00","workEnd":"18:00"}
[2026-02-06 07:43:02] DEBUG: Both times present - calculated late/early | {"context":"ViolationCalculator","employeeId":53,"date":"2026-01-15","checkIn":"09:07","checkOut":"18:00","lateMinutes":2,"earlyMinutes":0}
[2026-02-06 07:43:02] DEBUG: Resolving schedule | {"context":"ScheduleResolver","employeeId":53,"date":"2026-01-16","dayOfWeek":5}
[2026-02-06 07:43:02] DEBUG: Employee schedule lookup | {"context":"ScheduleResolver","employeeId":53,"date":"2026-01-16","hasAnySchedule":false,"foundValidSchedule":false}
[2026-02-06 07:43:02] DEBUG: Department schedule lookup | {"context":"ScheduleResolver","employeeId":53,"departmentId":11,"date":"2026-01-16","hasAnySchedule":false,"foundValidSchedule":false}
[2026-02-06 07:43:02] DEBUG: Schedule for date | {"context":"ViolationCalculator","employeeId":53,"date":"2026-01-16","isWorkDay":true,"workStart":"09:00","workEnd":"18:00"}
[2026-02-06 07:43:02] DEBUG: Both times present - calculated late/early | {"context":"ViolationCalculator","employeeId":53,"date":"2026-01-16","checkIn":"09:00","checkOut":"17:47","lateMinutes":0,"earlyMinutes":13}
[2026-02-06 07:43:02] DEBUG: Resolving schedule | {"context":"ScheduleResolver","employeeId":53,"date":"2026-01-17","dayOfWeek":6}
[2026-02-06 07:43:02] DEBUG: Employee schedule lookup | {"context":"ScheduleResolver","employeeId":53,"date":"2026-01-17","hasAnySchedule":false,"foundValidSchedule":false}
[2026-02-06 07:43:02] DEBUG: Department schedule lookup | {"context":"ScheduleResolver","employeeId":53,"departmentId":11,"date":"2026-01-17","hasAnySchedule":false,"foundValidSchedule":false}
[2026-02-06 07:43:02] DEBUG: Schedule for date | {"context":"ViolationCalculator","employeeId":53,"date":"2026-01-17","isWorkDay":false,"workStart":"09:00","workEnd":"18:00"}
[2026-02-06 07:43:02] DEBUG: Skipping non-work day | {"context":"ViolationCalculator","employeeId":53,"date":"2026-01-17"}
[2026-02-06 07:43:02] DEBUG: Resolving schedule | {"context":"ScheduleResolver","employeeId":53,"date":"2026-01-18","dayOfWeek":7}
[2026-02-06 07:43:02] DEBUG: Employee schedule lookup | {"context":"ScheduleResolver","employeeId":53,"date":"2026-01-18","hasAnySchedule":false,"foundValidSchedule":false}
[2026-02-06 07:43:02] DEBUG: Department schedule lookup | {"context":"ScheduleResolver","employeeId":53,"departmentId":11,"date":"2026-01-18","hasAnySchedule":false,"foundValidSchedule":false}
[2026-02-06 07:43:02] DEBUG: Schedule for date | {"context":"ViolationCalculator","employeeId":53,"date":"2026-01-18","isWorkDay":false,"workStart":"09:00","workEnd":"18:00"}
[2026-02-06 07:43:02] DEBUG: Skipping non-work day | {"context":"ViolationCalculator","employeeId":53,"date":"2026-01-18"}
[2026-02-06 07:43:02] DEBUG: Resolving schedule | {"context":"ScheduleResolver","employeeId":53,"date":"2026-01-19","dayOfWeek":1}
[2026-02-06 07:43:02] DEBUG: Employee schedule lookup | {"context":"ScheduleResolver","employeeId":53,"date":"2026-01-19","hasAnySchedule":false,"foundValidSchedule":false}
[2026-02-06 07:43:02] DEBUG: Department schedule lookup | {"context":"ScheduleResolver","employeeId":53,"departmentId":11,"date":"2026-01-19","hasAnySchedule":false,"foundValidSchedule":false}
[2026-02-06 07:43:02] DEBUG: Schedule for date | {"context":"ViolationCalculator","employeeId":53,"date":"2026-01-19","isWorkDay":true,"workStart":"09:00","workEnd":"18:00"}
[2026-02-06 07:43:02] DEBUG: Both times present - calculated late/early | {"context":"ViolationCalculator","employeeId":53,"date":"2026-01-19","checkIn":"09:00","checkOut":"17:44","lateMinutes":0,"earlyMinutes":16}
[2026-02-06 07:43:02] DEBUG: Resolving schedule | {"context":"ScheduleResolver","employeeId":53,"date":"2026-01-20","dayOfWeek":2}
[2026-02-06 07:43:02] DEBUG: Employee schedule lookup | {"context":"ScheduleResolver","employeeId":53,"date":"2026-01-20","hasAnySchedule":false,"foundValidSchedule":false}
[2026-02-06 07:43:02] DEBUG: Department schedule lookup | {"context":"ScheduleResolver","employeeId":53,"departmentId":11,"date":"2026-01-20","hasAnySchedule":false,"foundValidSchedule":false}
[2026-02-06 07:43:02] DEBUG: Schedule for date | {"context":"ViolationCalculator","employeeId":53,"date":"2026-01-20","isWorkDay":true,"workStart":"09:00","workEnd":"18:00"}
[2026-02-06 07:43:02] DEBUG: Both times present - calculated late/early | {"context":"ViolationCalculator","employeeId":53,"date":"2026-01-20","checkIn":"09:00","checkOut":"17:57","lateMinutes":0,"earlyMinutes":3}
[2026-02-06 07:43:02] DEBUG: Resolving schedule | {"context":"ScheduleResolver","employeeId":53,"date":"2026-01-21","dayOfWeek":3}
[2026-02-06 07:43:02] DEBUG: Employee schedule lookup | {"context":"ScheduleResolver","employeeId":53,"date":"2026-01-21","hasAnySchedule":false,"foundValidSchedule":false}
[2026-02-06 07:43:02] DEBUG: Department schedule lookup | {"context":"ScheduleResolver","employeeId":53,"departmentId":11,"date":"2026-01-21","hasAnySchedule":false,"foundValidSchedule":false}
[2026-02-06 07:43:02] DEBUG: Schedule for date | {"context":"ViolationCalculator","employeeId":53,"date":"2026-01-21","isWorkDay":true,"workStart":"09:00","workEnd":"18:00"}
[2026-02-06 07:43:02] DEBUG: Both times present - calculated late/early | {"context":"ViolationCalculator","employeeId":53,"date":"2026-01-21","checkIn":"12:31","checkOut":"17:43","lateMinutes":206,"earlyMinutes":17}
[2026-02-06 07:43:02] DEBUG: Resolving schedule | {"context":"ScheduleResolver","employeeId":53,"date":"2026-01-22","dayOfWeek":4}
[2026-02-06 07:43:02] DEBUG: Employee schedule lookup | {"context":"ScheduleResolver","employeeId":53,"date":"2026-01-22","hasAnySchedule":false,"foundValidSchedule":false}
[2026-02-06 07:43:02] DEBUG: Department schedule lookup | {"context":"ScheduleResolver","employeeId":53,"departmentId":11,"date":"2026-01-22","hasAnySchedule":false,"foundValidSchedule":false}
[2026-02-06 07:43:02] DEBUG: Schedule for date | {"context":"ViolationCalculator","employeeId":53,"date":"2026-01-22","isWorkDay":true,"workStart":"09:00","workEnd":"18:00"}
[2026-02-06 07:43:02] DEBUG: Both times present - calculated late/early | {"context":"ViolationCalculator","employeeId":53,"date":"2026-01-22","checkIn":"08:39","checkOut":"16:48","lateMinutes":0,"earlyMinutes":72}
[2026-02-06 07:43:02] DEBUG: Resolving schedule | {"context":"ScheduleResolver","employeeId":53,"date":"2026-01-23","dayOfWeek":5}
[2026-02-06 07:43:02] DEBUG: Employee schedule lookup | {"context":"ScheduleResolver","employeeId":53,"date":"2026-01-23","hasAnySchedule":false,"foundValidSchedule":false}
[2026-02-06 07:43:02] DEBUG: Department schedule lookup | {"context":"ScheduleResolver","employeeId":53,"departmentId":11,"date":"2026-01-23","hasAnySchedule":false,"foundValidSchedule":false}
[2026-02-06 07:43:02] DEBUG: Schedule for date | {"context":"ViolationCalculator","employeeId":53,"date":"2026-01-23","isWorkDay":true,"workStart":"09:00","workEnd":"18:00"}
[2026-02-06 07:43:02] DEBUG: Both times present - calculated late/early | {"context":"ViolationCalculator","employeeId":53,"date":"2026-01-23","checkIn":"09:00","checkOut":"17:46","lateMinutes":0,"earlyMinutes":14}
[2026-02-06 07:43:02] DEBUG: Resolving schedule | {"context":"ScheduleResolver","employeeId":53,"date":"2026-01-24","dayOfWeek":6}
[2026-02-06 07:43:02] DEBUG: Employee schedule lookup | {"context":"ScheduleResolver","employeeId":53,"date":"2026-01-24","hasAnySchedule":false,"foundValidSchedule":false}
[2026-02-06 07:43:02] DEBUG: Department schedule lookup | {"context":"ScheduleResolver","employeeId":53,"departmentId":11,"date":"2026-01-24","hasAnySchedule":false,"foundValidSchedule":false}
[2026-02-06 07:43:02] DEBUG: Schedule for date | {"context":"ViolationCalculator","employeeId":53,"date":"2026-01-24","isWorkDay":false,"workStart":"09:00","workEnd":"18:00"}
[2026-02-06 07:43:02] DEBUG: Skipping non-work day | {"context":"ViolationCalculator","employeeId":53,"date":"2026-01-24"}
[2026-02-06 07:43:02] DEBUG: Resolving schedule | {"context":"ScheduleResolver","employeeId":53,"date":"2026-01-25","dayOfWeek":7}
[2026-02-06 07:43:02] DEBUG: Employee schedule lookup | {"context":"ScheduleResolver","employeeId":53,"date":"2026-01-25","hasAnySchedule":false,"foundValidSchedule":false}
[2026-02-06 07:43:02] DEBUG: Department schedule lookup | {"context":"ScheduleResolver","employeeId":53,"departmentId":11,"date":"2026-01-25","hasAnySchedule":false,"foundValidSchedule":false}
[2026-02-06 07:43:02] DEBUG: Schedule for date | {"context":"ViolationCalculator","employeeId":53,"date":"2026-01-25","isWorkDay":false,"workStart":"09:00","workEnd":"18:00"}
[2026-02-06 07:43:02] DEBUG: Skipping non-work day | {"context":"ViolationCalculator","employeeId":53,"date":"2026-01-25"}
[2026-02-06 07:43:02] DEBUG: Resolving schedule | {"context":"ScheduleResolver","employeeId":53,"date":"2026-01-26","dayOfWeek":1}
[2026-02-06 07:43:02] DEBUG: Employee schedule lookup | {"context":"ScheduleResolver","employeeId":53,"date":"2026-01-26","hasAnySchedule":false,"foundValidSchedule":false}
[2026-02-06 07:43:02] DEBUG: Department schedule lookup | {"context":"ScheduleResolver","employeeId":53,"departmentId":11,"date":"2026-01-26","hasAnySchedule":false,"foundValidSchedule":false}
[2026-02-06 07:43:02] DEBUG: Schedule for date | {"context":"ViolationCalculator","employeeId":53,"date":"2026-01-26","isWorkDay":true,"workStart":"09:00","workEnd":"18:00"}
[2026-02-06 07:43:02] DEBUG: Both times present - calculated late/early | {"context":"ViolationCalculator","employeeId":53,"date":"2026-01-26","checkIn":"09:00","checkOut":"17:46","lateMinutes":0,"earlyMinutes":14}
[2026-02-06 07:43:02] DEBUG: Resolving schedule | {"context":"ScheduleResolver","employeeId":53,"date":"2026-01-27","dayOfWeek":2}
[2026-02-06 07:43:02] DEBUG: Employee schedule lookup | {"context":"ScheduleResolver","employeeId":53,"date":"2026-01-27","hasAnySchedule":false,"foundValidSchedule":false}
[2026-02-06 07:43:02] DEBUG: Department schedule lookup | {"context":"ScheduleResolver","employeeId":53,"departmentId":11,"date":"2026-01-27","hasAnySchedule":false,"foundValidSchedule":false}
[2026-02-06 07:43:02] DEBUG: Schedule for date | {"context":"ViolationCalculator","employeeId":53,"date":"2026-01-27","isWorkDay":true,"workStart":"09:00","workEnd":"18:00"}
[2026-02-06 07:43:02] DEBUG: Both times present - calculated late/early | {"context":"ViolationCalculator","employeeId":53,"date":"2026-01-27","checkIn":"09:00","checkOut":"17:58","lateMinutes":0,"earlyMinutes":2}
[2026-02-06 07:43:02] DEBUG: Resolving schedule | {"context":"ScheduleResolver","employeeId":53,"date":"2026-01-28","dayOfWeek":3}
[2026-02-06 07:43:02] DEBUG: Employee schedule lookup | {"context":"ScheduleResolver","employeeId":53,"date":"2026-01-28","hasAnySchedule":false,"foundValidSchedule":false}
[2026-02-06 07:43:02] DEBUG: Department schedule lookup | {"context":"ScheduleResolver","employeeId":53,"departmentId":11,"date":"2026-01-28","hasAnySchedule":false,"foundValidSchedule":false}
[2026-02-06 07:43:02] DEBUG: Schedule for date | {"context":"ViolationCalculator","employeeId":53,"date":"2026-01-28","isWorkDay":true,"workStart":"09:00","workEnd":"18:00"}
[2026-02-06 07:43:02] DEBUG: Missing time(s) - counted as absent | {"context":"ViolationCalculator","employeeId":53,"date":"2026-01-28","checkIn":"08:37","checkOut":null,"absentMinutes":540}
[2026-02-06 07:43:02] DEBUG: Resolving schedule | {"context":"ScheduleResolver","employeeId":53,"date":"2026-01-29","dayOfWeek":4}
[2026-02-06 07:43:02] DEBUG: Employee schedule lookup | {"context":"ScheduleResolver","employeeId":53,"date":"2026-01-29","hasAnySchedule":false,"foundValidSchedule":false}
[2026-02-06 07:43:02] DEBUG: Department schedule lookup | {"context":"ScheduleResolver","employeeId":53,"departmentId":11,"date":"2026-01-29","hasAnySchedule":false,"foundValidSchedule":false}
[2026-02-06 07:43:02] DEBUG: Schedule for date | {"context":"ViolationCalculator","employeeId":53,"date":"2026-01-29","isWorkDay":true,"workStart":"09:00","workEnd":"18:00"}
[2026-02-06 07:43:02] DEBUG: Both times present - calculated late/early | {"context":"ViolationCalculator","employeeId":53,"date":"2026-01-29","checkIn":"09:00","checkOut":"17:58","lateMinutes":0,"earlyMinutes":2}
[2026-02-06 07:43:02] DEBUG: Resolving schedule | {"context":"ScheduleResolver","employeeId":53,"date":"2026-01-30","dayOfWeek":5}
[2026-02-06 07:43:02] DEBUG: Employee schedule lookup | {"context":"ScheduleResolver","employeeId":53,"date":"2026-01-30","hasAnySchedule":false,"foundValidSchedule":false}
[2026-02-06 07:43:02] DEBUG: Department schedule lookup | {"context":"ScheduleResolver","employeeId":53,"departmentId":11,"date":"2026-01-30","hasAnySchedule":false,"foundValidSchedule":false}
[2026-02-06 07:43:02] DEBUG: Schedule for date | {"context":"ViolationCalculator","employeeId":53,"date":"2026-01-30","isWorkDay":true,"workStart":"09:00","workEnd":"18:00"}
[2026-02-06 07:43:02] DEBUG: Both times present - calculated late/early | {"context":"ViolationCalculator","employeeId":53,"date":"2026-01-30","checkIn":"09:00","checkOut":"17:46","lateMinutes":0,"earlyMinutes":14}
[2026-02-06 07:43:02] DEBUG: Resolving schedule | {"context":"ScheduleResolver","employeeId":53,"date":"2026-01-31","dayOfWeek":6}
[2026-02-06 07:43:02] DEBUG: Employee schedule lookup | {"context":"ScheduleResolver","employeeId":53,"date":"2026-01-31","hasAnySchedule":false,"foundValidSchedule":false}
[2026-02-06 07:43:02] DEBUG: Department schedule lookup | {"context":"ScheduleResolver","employeeId":53,"departmentId":11,"date":"2026-01-31","hasAnySchedule":false,"foundValidSchedule":false}
[2026-02-06 07:43:02] DEBUG: Schedule for date | {"context":"ViolationCalculator","employeeId":53,"date":"2026-01-31","isWorkDay":false,"workStart":"09:00","workEnd":"18:00"}
[2026-02-06 07:43:02] DEBUG: Skipping non-work day | {"context":"ViolationCalculator","employeeId":53,"date":"2026-01-31"}
[2026-02-06 07:43:02] DEBUG: Resolving schedule | {"context":"ScheduleResolver","employeeId":54,"date":"2026-01-10","dayOfWeek":6}
[2026-02-06 07:43:02] DEBUG: Employee schedule lookup | {"context":"ScheduleResolver","employeeId":54,"date":"2026-01-10","hasAnySchedule":false,"foundValidSchedule":false}
[2026-02-06 07:43:02] DEBUG: Department schedule lookup | {"context":"ScheduleResolver","employeeId":54,"departmentId":5,"date":"2026-01-10","hasAnySchedule":false,"foundValidSchedule":false}
[2026-02-06 07:43:02] DEBUG: Schedule for date | {"context":"ViolationCalculator","employeeId":54,"date":"2026-01-10","isWorkDay":false,"workStart":"09:00","workEnd":"18:00"}
[2026-02-06 07:43:02] DEBUG: Skipping non-work day | {"context":"ViolationCalculator","employeeId":54,"date":"2026-01-10"}
[2026-02-06 07:43:02] DEBUG: Resolving schedule | {"context":"ScheduleResolver","employeeId":54,"date":"2026-01-11","dayOfWeek":7}
[2026-02-06 07:43:02] DEBUG: Employee schedule lookup | {"context":"ScheduleResolver","employeeId":54,"date":"2026-01-11","hasAnySchedule":false,"foundValidSchedule":false}
[2026-02-06 07:43:02] DEBUG: Department schedule lookup | {"context":"ScheduleResolver","employeeId":54,"departmentId":5,"date":"2026-01-11","hasAnySchedule":false,"foundValidSchedule":false}
[2026-02-06 07:43:02] DEBUG: Schedule for date | {"context":"ViolationCalculator","employeeId":54,"date":"2026-01-11","isWorkDay":false,"workStart":"09:00","workEnd":"18:00"}
[2026-02-06 07:43:02] DEBUG: Skipping non-work day | {"context":"ViolationCalculator","employeeId":54,"date":"2026-01-11"}
[2026-02-06 07:43:02] DEBUG: Resolving schedule | {"context":"ScheduleResolver","employeeId":54,"date":"2026-01-12","dayOfWeek":1}
[2026-02-06 07:43:02] DEBUG: Employee schedule lookup | {"context":"ScheduleResolver","employeeId":54,"date":"2026-01-12","hasAnySchedule":false,"foundValidSchedule":false}
[2026-02-06 07:43:02] DEBUG: Department schedule lookup | {"context":"ScheduleResolver","employeeId":54,"departmentId":5,"date":"2026-01-12","hasAnySchedule":false,"foundValidSchedule":false}
[2026-02-06 07:43:02] DEBUG: Schedule for date | {"context":"ViolationCalculator","employeeId":54,"date":"2026-01-12","isWorkDay":true,"workStart":"09:00","workEnd":"18:00"}
[2026-02-06 07:43:02] DEBUG: Both times present - calculated late/early | {"context":"ViolationCalculator","employeeId":54,"date":"2026-01-12","checkIn":"09:02","checkOut":"18:00","lateMinutes":0,"earlyMinutes":0}
[2026-02-06 07:43:02] DEBUG: Resolving schedule | {"context":"ScheduleResolver","employeeId":54,"date":"2026-01-13","dayOfWeek":2}
[2026-02-06 07:43:02] DEBUG: Employee schedule lookup | {"context":"ScheduleResolver","employeeId":54,"date":"2026-01-13","hasAnySchedule":false,"foundValidSchedule":false}
[2026-02-06 07:43:02] DEBUG: Department schedule lookup | {"context":"ScheduleResolver","employeeId":54,"departmentId":5,"date":"2026-01-13","hasAnySchedule":false,"foundValidSchedule":false}
[2026-02-06 07:43:02] DEBUG: Schedule for date | {"context":"ViolationCalculator","employeeId":54,"date":"2026-01-13","isWorkDay":true,"workStart":"09:00","workEnd":"18:00"}
[2026-02-06 07:43:02] DEBUG: Both times present - calculated late/early | {"context":"ViolationCalculator","employeeId":54,"date":"2026-01-13","checkIn":"09:00","checkOut":"18:00","lateMinutes":0,"earlyMinutes":0}
[2026-02-06 07:43:02] DEBUG: Resolving schedule | {"context":"ScheduleResolver","employeeId":54,"date":"2026-01-14","dayOfWeek":3}
[2026-02-06 07:43:02] DEBUG: Employee schedule lookup | {"context":"ScheduleResolver","employeeId":54,"date":"2026-01-14","hasAnySchedule":false,"foundValidSchedule":false}
[2026-02-06 07:43:02] DEBUG: Department schedule lookup | {"context":"ScheduleResolver","employeeId":54,"departmentId":5,"date":"2026-01-14","hasAnySchedule":false,"foundValidSchedule":false}
[2026-02-06 07:43:02] DEBUG: Schedule for date | {"context":"ViolationCalculator","employeeId":54,"date":"2026-01-14","isWorkDay":true,"workStart":"09:00","workEnd":"18:00"}
[2026-02-06 07:43:02] DEBUG: Both times present - calculated late/early | {"context":"ViolationCalculator","employeeId":54,"date":"2026-01-14","checkIn":"09:00","checkOut":"18:00","lateMinutes":0,"earlyMinutes":0}
[2026-02-06 07:43:02] DEBUG: Resolving schedule | {"context":"ScheduleResolver","employeeId":54,"date":"2026-01-15","dayOfWeek":4}
[2026-02-06 07:43:02] DEBUG: Employee schedule lookup | {"context":"ScheduleResolver","employeeId":54,"date":"2026-01-15","hasAnySchedule":false,"foundValidSchedule":false}
[2026-02-06 07:43:02] DEBUG: Department schedule lookup | {"context":"ScheduleResolver","employeeId":54,"departmentId":5,"date":"2026-01-15","hasAnySchedule":false,"foundValidSchedule":false}
[2026-02-06 07:43:02] DEBUG: Schedule for date | {"context":"ViolationCalculator","employeeId":54,"date":"2026-01-15","isWorkDay":true,"workStart":"09:00","workEnd":"18:00"}
[2026-02-06 07:43:02] DEBUG: Both times present - calculated late/early | {"context":"ViolationCalculator","employeeId":54,"date":"2026-01-15","checkIn":"09:00","checkOut":"18:00","lateMinutes":0,"earlyMinutes":0}
[2026-02-06 07:43:02] DEBUG: Resolving schedule | {"context":"ScheduleResolver","employeeId":54,"date":"2026-01-16","dayOfWeek":5}
[2026-02-06 07:43:02] DEBUG: Employee schedule lookup | {"context":"ScheduleResolver","employeeId":54,"date":"2026-01-16","hasAnySchedule":false,"foundValidSchedule":false}
[2026-02-06 07:43:02] DEBUG: Department schedule lookup | {"context":"ScheduleResolver","employeeId":54,"departmentId":5,"date":"2026-01-16","hasAnySchedule":false,"foundValidSchedule":false}
[2026-02-06 07:43:02] DEBUG: Schedule for date | {"context":"ViolationCalculator","employeeId":54,"date":"2026-01-16","isWorkDay":true,"workStart":"09:00","workEnd":"18:00"}
[2026-02-06 07:43:02] DEBUG: Both times present - calculated late/early | {"context":"ViolationCalculator","employeeId":54,"date":"2026-01-16","checkIn":"09:00","checkOut":"18:00","lateMinutes":0,"earlyMinutes":0}
[2026-02-06 07:43:02] DEBUG: Resolving schedule | {"context":"ScheduleResolver","employeeId":54,"date":"2026-01-17","dayOfWeek":6}
[2026-02-06 07:43:02] DEBUG: Employee schedule lookup | {"context":"ScheduleResolver","employeeId":54,"date":"2026-01-17","hasAnySchedule":false,"foundValidSchedule":false}
[2026-02-06 07:43:02] DEBUG: Department schedule lookup | {"context":"ScheduleResolver","employeeId":54,"departmentId":5,"date":"2026-01-17","hasAnySchedule":false,"foundValidSchedule":false}
[2026-02-06 07:43:02] DEBUG: Schedule for date | {"context":"ViolationCalculator","employeeId":54,"date":"2026-01-17","isWorkDay":false,"workStart":"09:00","workEnd":"18:00"}
[2026-02-06 07:43:02] DEBUG: Skipping non-work day | {"context":"ViolationCalculator","employeeId":54,"date":"2026-01-17"}
[2026-02-06 07:43:02] DEBUG: Resolving schedule | {"context":"ScheduleResolver","employeeId":54,"date":"2026-01-18","dayOfWeek":7}
[2026-02-06 07:43:02] DEBUG: Employee schedule lookup | {"context":"ScheduleResolver","employeeId":54,"date":"2026-01-18","hasAnySchedule":false,"foundValidSchedule":false}
[2026-02-06 07:43:02] DEBUG: Department schedule lookup | {"context":"ScheduleResolver","employeeId":54,"departmentId":5,"date":"2026-01-18","hasAnySchedule":false,"foundValidSchedule":false}
[2026-02-06 07:43:02] DEBUG: Schedule for date | {"context":"ViolationCalculator","employeeId":54,"date":"2026-01-18","isWorkDay":false,"workStart":"09:00","workEnd":"18:00"}
[2026-02-06 07:43:02] DEBUG: Skipping non-work day | {"context":"ViolationCalculator","employeeId":54,"date":"2026-01-18"}
[2026-02-06 07:43:02] DEBUG: Resolving schedule | {"context":"ScheduleResolver","employeeId":54,"date":"2026-01-19","dayOfWeek":1}
[2026-02-06 07:43:02] DEBUG: Employee schedule lookup | {"context":"ScheduleResolver","employeeId":54,"date":"2026-01-19","hasAnySchedule":false,"foundValidSchedule":false}
[2026-02-06 07:43:02] DEBUG: Department schedule lookup | {"context":"ScheduleResolver","employeeId":54,"departmentId":5,"date":"2026-01-19","hasAnySchedule":false,"foundValidSchedule":false}
[2026-02-06 07:43:02] DEBUG: Schedule for date | {"context":"ViolationCalculator","employeeId":54,"date":"2026-01-19","isWorkDay":true,"workStart":"09:00","workEnd":"18:00"}
[2026-02-06 07:43:02] DEBUG: Both times present - calculated late/early | {"context":"ViolationCalculator","employeeId":54,"date":"2026-01-19","checkIn":"09:00","checkOut":"18:00","lateMinutes":0,"earlyMinutes":0}
[2026-02-06 07:43:02] DEBUG: Resolving schedule | {"context":"ScheduleResolver","employeeId":54,"date":"2026-01-20","dayOfWeek":2}
[2026-02-06 07:43:02] DEBUG: Employee schedule lookup | {"context":"ScheduleResolver","employeeId":54,"date":"2026-01-20","hasAnySchedule":false,"foundValidSchedule":false}
[2026-02-06 07:43:02] DEBUG: Department schedule lookup | {"context":"ScheduleResolver","employeeId":54,"departmentId":5,"date":"2026-01-20","hasAnySchedule":false,"foundValidSchedule":false}
[2026-02-06 07:43:02] DEBUG: Schedule for date | {"context":"ViolationCalculator","employeeId":54,"date":"2026-01-20","isWorkDay":true,"workStart":"09:00","workEnd":"18:00"}
[2026-02-06 07:43:02] DEBUG: Both times present - calculated late/early | {"context":"ViolationCalculator","employeeId":54,"date":"2026-01-20","checkIn":"09:00","checkOut":"18:00","lateMinutes":0,"earlyMinutes":0}
[2026-02-06 07:43:02] DEBUG: Resolving schedule | {"context":"ScheduleResolver","employeeId":54,"date":"2026-01-21","dayOfWeek":3}
[2026-02-06 07:43:02] DEBUG: Employee schedule lookup | {"context":"ScheduleResolver","employeeId":54,"date":"2026-01-21","hasAnySchedule":false,"foundValidSchedule":false}
[2026-02-06 07:43:02] DEBUG: Department schedule lookup | {"context":"ScheduleResolver","employeeId":54,"departmentId":5,"date":"2026-01-21","hasAnySchedule":false,"foundValidSchedule":false}
[2026-02-06 07:43:02] DEBUG: Schedule for date | {"context":"ViolationCalculator","employeeId":54,"date":"2026-01-21","isWorkDay":true,"workStart":"09:00","workEnd":"18:00"}
[2026-02-06 07:43:02] DEBUG: Both times present - calculated late/early | {"context":"ViolationCalculator","employeeId":54,"date":"2026-01-21","checkIn":"09:00","checkOut":"18:00","lateMinutes":0,"earlyMinutes":0}
[2026-02-06 07:43:02] DEBUG: Resolving schedule | {"context":"ScheduleResolver","employeeId":54,"date":"2026-01-22","dayOfWeek":4}
[2026-02-06 07:43:02] DEBUG: Employee schedule lookup | {"context":"ScheduleResolver","employeeId":54,"date":"2026-01-22","hasAnySchedule":false,"foundValidSchedule":false}
[2026-02-06 07:43:02] DEBUG: Department schedule lookup | {"context":"ScheduleResolver","employeeId":54,"departmentId":5,"date":"2026-01-22","hasAnySchedule":false,"foundValidSchedule":false}
[2026-02-06 07:43:02] DEBUG: Schedule for date | {"context":"ViolationCalculator","employeeId":54,"date":"2026-01-22","isWorkDay":true,"workStart":"09:00","workEnd":"18:00"}
[2026-02-06 07:43:02] DEBUG: Both times present - calculated late/early | {"context":"ViolationCalculator","employeeId":54,"date":"2026-01-22","checkIn":"08:45","checkOut":"17:14","lateMinutes":0,"earlyMinutes":46}
[2026-02-06 07:43:02] DEBUG: Resolving schedule | {"context":"ScheduleResolver","employeeId":54,"date":"2026-01-23","dayOfWeek":5}
[2026-02-06 07:43:02] DEBUG: Employee schedule lookup | {"context":"ScheduleResolver","employeeId":54,"date":"2026-01-23","hasAnySchedule":false,"foundValidSchedule":false}
[2026-02-06 07:43:02] DEBUG: Department schedule lookup | {"context":"ScheduleResolver","employeeId":54,"departmentId":5,"date":"2026-01-23","hasAnySchedule":false,"foundValidSchedule":false}
[2026-02-06 07:43:02] DEBUG: Schedule for date | {"context":"ViolationCalculator","employeeId":54,"date":"2026-01-23","isWorkDay":true,"workStart":"09:00","workEnd":"18:00"}
[2026-02-06 07:43:02] DEBUG: Both times present - calculated late/early | {"context":"ViolationCalculator","employeeId":54,"date":"2026-01-23","checkIn":"09:00","checkOut":"18:00","lateMinutes":0,"earlyMinutes":0}
[2026-02-06 07:43:02] DEBUG: Resolving schedule | {"context":"ScheduleResolver","employeeId":54,"date":"2026-01-24","dayOfWeek":6}
[2026-02-06 07:43:02] DEBUG: Employee schedule lookup | {"context":"ScheduleResolver","employeeId":54,"date":"2026-01-24","hasAnySchedule":false,"foundValidSchedule":false}
[2026-02-06 07:43:02] DEBUG: Department schedule lookup | {"context":"ScheduleResolver","employeeId":54,"departmentId":5,"date":"2026-01-24","hasAnySchedule":false,"foundValidSchedule":false}
[2026-02-06 07:43:02] DEBUG: Schedule for date | {"context":"ViolationCalculator","employeeId":54,"date":"2026-01-24","isWorkDay":false,"workStart":"09:00","workEnd":"18:00"}
[2026-02-06 07:43:02] DEBUG: Skipping non-work day | {"context":"ViolationCalculator","employeeId":54,"date":"2026-01-24"}
[2026-02-06 07:43:02] DEBUG: Resolving schedule | {"context":"ScheduleResolver","employeeId":54,"date":"2026-01-25","dayOfWeek":7}
[2026-02-06 07:43:02] DEBUG: Employee schedule lookup | {"context":"ScheduleResolver","employeeId":54,"date":"2026-01-25","hasAnySchedule":false,"foundValidSchedule":false}
[2026-02-06 07:43:02] DEBUG: Department schedule lookup | {"context":"ScheduleResolver","employeeId":54,"departmentId":5,"date":"2026-01-25","hasAnySchedule":false,"foundValidSchedule":false}
[2026-02-06 07:43:02] DEBUG: Schedule for date | {"context":"ViolationCalculator","employeeId":54,"date":"2026-01-25","isWorkDay":false,"workStart":"09:00","workEnd":"18:00"}
[2026-02-06 07:43:02] DEBUG: Skipping non-work day | {"context":"ViolationCalculator","employeeId":54,"date":"2026-01-25"}
[2026-02-06 07:43:02] DEBUG: Resolving schedule | {"context":"ScheduleResolver","employeeId":54,"date":"2026-01-26","dayOfWeek":1}
[2026-02-06 07:43:02] DEBUG: Employee schedule lookup | {"context":"ScheduleResolver","employeeId":54,"date":"2026-01-26","hasAnySchedule":false,"foundValidSchedule":false}
[2026-02-06 07:43:02] DEBUG: Department schedule lookup | {"context":"ScheduleResolver","employeeId":54,"departmentId":5,"date":"2026-01-26","hasAnySchedule":false,"foundValidSchedule":false}
[2026-02-06 07:43:02] DEBUG: Schedule for date | {"context":"ViolationCalculator","employeeId":54,"date":"2026-01-26","isWorkDay":true,"workStart":"09:00","workEnd":"18:00"}
[2026-02-06 07:43:02] DEBUG: Both times present - calculated late/early | {"context":"ViolationCalculator","employeeId":54,"date":"2026-01-26","checkIn":"09:00","checkOut":"18:00","lateMinutes":0,"earlyMinutes":0}
[2026-02-06 07:43:02] DEBUG: Resolving schedule | {"context":"ScheduleResolver","employeeId":54,"date":"2026-01-27","dayOfWeek":2}
[2026-02-06 07:43:02] DEBUG: Employee schedule lookup | {"context":"ScheduleResolver","employeeId":54,"date":"2026-01-27","hasAnySchedule":false,"foundValidSchedule":false}
[2026-02-06 07:43:02] DEBUG: Department schedule lookup | {"context":"ScheduleResolver","employeeId":54,"departmentId":5,"date":"2026-01-27","hasAnySchedule":false,"foundValidSchedule":false}
[2026-02-06 07:43:02] DEBUG: Schedule for date | {"context":"ViolationCalculator","employeeId":54,"date":"2026-01-27","isWorkDay":true,"workStart":"09:00","workEnd":"18:00"}
[2026-02-06 07:43:02] DEBUG: Both times present - calculated late/early | {"context":"ViolationCalculator","employeeId":54,"date":"2026-01-27","checkIn":"09:00","checkOut":"18:00","lateMinutes":0,"earlyMinutes":0}
[2026-02-06 07:43:02] DEBUG: Resolving schedule | {"context":"ScheduleResolver","employeeId":54,"date":"2026-01-28","dayOfWeek":3}
[2026-02-06 07:43:02] DEBUG: Employee schedule lookup | {"context":"ScheduleResolver","employeeId":54,"date":"2026-01-28","hasAnySchedule":false,"foundValidSchedule":false}
[2026-02-06 07:43:02] DEBUG: Department schedule lookup | {"context":"ScheduleResolver","employeeId":54,"departmentId":5,"date":"2026-01-28","hasAnySchedule":false,"foundValidSchedule":false}
[2026-02-06 07:43:02] DEBUG: Schedule for date | {"context":"ViolationCalculator","employeeId":54,"date":"2026-01-28","isWorkDay":true,"workStart":"09:00","workEnd":"18:00"}
[2026-02-06 07:43:02] DEBUG: Both times present - calculated late/early | {"context":"ViolationCalculator","employeeId":54,"date":"2026-01-28","checkIn":"08:42","checkOut":"17:54","lateMinutes":0,"earlyMinutes":6}
[2026-02-06 07:43:02] DEBUG: Resolving schedule | {"context":"ScheduleResolver","employeeId":54,"date":"2026-01-29","dayOfWeek":4}
[2026-02-06 07:43:02] DEBUG: Employee schedule lookup | {"context":"ScheduleResolver","employeeId":54,"date":"2026-01-29","hasAnySchedule":false,"foundValidSchedule":false}
[2026-02-06 07:43:02] DEBUG: Department schedule lookup | {"context":"ScheduleResolver","employeeId":54,"departmentId":5,"date":"2026-01-29","hasAnySchedule":false,"foundValidSchedule":false}
[2026-02-06 07:43:02] DEBUG: Schedule for date | {"context":"ViolationCalculator","employeeId":54,"date":"2026-01-29","isWorkDay":true,"workStart":"09:00","workEnd":"18:00"}
[2026-02-06 07:43:02] DEBUG: Both times present - calculated late/early | {"context":"ViolationCalculator","employeeId":54,"date":"2026-01-29","checkIn":"09:00","checkOut":"18:00","lateMinutes":0,"earlyMinutes":0}
[2026-02-06 07:43:02] DEBUG: Resolving schedule | {"context":"ScheduleResolver","employeeId":54,"date":"2026-01-30","dayOfWeek":5}
[2026-02-06 07:43:02] DEBUG: Employee schedule lookup | {"context":"ScheduleResolver","employeeId":54,"date":"2026-01-30","hasAnySchedule":false,"foundValidSchedule":false}
[2026-02-06 07:43:02] DEBUG: Department schedule lookup | {"context":"ScheduleResolver","employeeId":54,"departmentId":5,"date":"2026-01-30","hasAnySchedule":false,"foundValidSchedule":false}
[2026-02-06 07:43:02] DEBUG: Schedule for date | {"context":"ViolationCalculator","employeeId":54,"date":"2026-01-30","isWorkDay":true,"workStart":"09:00","workEnd":"18:00"}
[2026-02-06 07:43:02] DEBUG: Both times present - calculated late/early | {"context":"ViolationCalculator","employeeId":54,"date":"2026-01-30","checkIn":"09:00","checkOut":"18:00","lateMinutes":0,"earlyMinutes":0}
[2026-02-06 07:43:02] DEBUG: Resolving schedule | {"context":"ScheduleResolver","employeeId":54,"date":"2026-01-31","dayOfWeek":6}
[2026-02-06 07:43:02] DEBUG: Employee schedule lookup | {"context":"ScheduleResolver","employeeId":54,"date":"2026-01-31","hasAnySchedule":false,"foundValidSchedule":false}
[2026-02-06 07:43:02] DEBUG: Department schedule lookup | {"context":"ScheduleResolver","employeeId":54,"departmentId":5,"date":"2026-01-31","hasAnySchedule":false,"foundValidSchedule":false}
[2026-02-06 07:43:02] DEBUG: Schedule for date | {"context":"ViolationCalculator","employeeId":54,"date":"2026-01-31","isWorkDay":false,"workStart":"09:00","workEnd":"18:00"}
[2026-02-06 07:43:02] DEBUG: Skipping non-work day | {"context":"ViolationCalculator","employeeId":54,"date":"2026-01-31"}
[2026-02-06 07:43:02] DEBUG: Resolving schedule | {"context":"ScheduleResolver","employeeId":55,"date":"2026-01-10","dayOfWeek":6}
[2026-02-06 07:43:02] DEBUG: Employee schedule lookup | {"context":"ScheduleResolver","employeeId":55,"date":"2026-01-10","hasAnySchedule":false,"foundValidSchedule":false}
[2026-02-06 07:43:02] DEBUG: Department schedule lookup | {"context":"ScheduleResolver","employeeId":55,"departmentId":9,"date":"2026-01-10","hasAnySchedule":false,"foundValidSchedule":false}
[2026-02-06 07:43:02] DEBUG: Schedule for date | {"context":"ViolationCalculator","employeeId":55,"date":"2026-01-10","isWorkDay":false,"workStart":"09:00","workEnd":"18:00"}
[2026-02-06 07:43:02] DEBUG: Skipping non-work day | {"context":"ViolationCalculator","employeeId":55,"date":"2026-01-10"}
[2026-02-06 07:43:02] DEBUG: Resolving schedule | {"context":"ScheduleResolver","employeeId":55,"date":"2026-01-11","dayOfWeek":7}
[2026-02-06 07:43:02] DEBUG: Employee schedule lookup | {"context":"ScheduleResolver","employeeId":55,"date":"2026-01-11","hasAnySchedule":false,"foundValidSchedule":false}
[2026-02-06 07:43:02] DEBUG: Department schedule lookup | {"context":"ScheduleResolver","employeeId":55,"departmentId":9,"date":"2026-01-11","hasAnySchedule":false,"foundValidSchedule":false}
[2026-02-06 07:43:02] DEBUG: Schedule for date | {"context":"ViolationCalculator","employeeId":55,"date":"2026-01-11","isWorkDay":false,"workStart":"09:00","workEnd":"18:00"}
[2026-02-06 07:43:02] DEBUG: Skipping non-work day | {"context":"ViolationCalculator","employeeId":55,"date":"2026-01-11"}
[2026-02-06 07:43:02] DEBUG: Resolving schedule | {"context":"ScheduleResolver","employeeId":55,"date":"2026-01-12","dayOfWeek":1}
[2026-02-06 07:43:02] DEBUG: Employee schedule lookup | {"context":"ScheduleResolver","employeeId":55,"date":"2026-01-12","hasAnySchedule":false,"foundValidSchedule":false}
[2026-02-06 07:43:02] DEBUG: Department schedule lookup | {"context":"ScheduleResolver","employeeId":55,"departmentId":9,"date":"2026-01-12","hasAnySchedule":false,"foundValidSchedule":false}
[2026-02-06 07:43:02] DEBUG: Schedule for date | {"context":"ViolationCalculator","employeeId":55,"date":"2026-01-12","isWorkDay":true,"workStart":"09:00","workEnd":"18:00"}
[2026-02-06 07:43:02] DEBUG: Both times present - calculated late/early | {"context":"ViolationCalculator","employeeId":55,"date":"2026-01-12","checkIn":"09:00","checkOut":"18:00","lateMinutes":0,"earlyMinutes":0}
[2026-02-06 07:43:02] DEBUG: Resolving schedule | {"context":"ScheduleResolver","employeeId":55,"date":"2026-01-13","dayOfWeek":2}
[2026-02-06 07:43:02] DEBUG: Employee schedule lookup | {"context":"ScheduleResolver","employeeId":55,"date":"2026-01-13","hasAnySchedule":false,"foundValidSchedule":false}
[2026-02-06 07:43:02] DEBUG: Department schedule lookup | {"context":"ScheduleResolver","employeeId":55,"departmentId":9,"date":"2026-01-13","hasAnySchedule":false,"foundValidSchedule":false}
[2026-02-06 07:43:02] DEBUG: Schedule for date | {"context":"ViolationCalculator","employeeId":55,"date":"2026-01-13","isWorkDay":true,"workStart":"09:00","workEnd":"18:00"}
[2026-02-06 07:43:02] DEBUG: Both times present - calculated late/early | {"context":"ViolationCalculator","employeeId":55,"date":"2026-01-13","checkIn":"09:00","checkOut":"18:00","lateMinutes":0,"earlyMinutes":0}
[2026-02-06 07:43:02] DEBUG: Resolving schedule | {"context":"ScheduleResolver","employeeId":55,"date":"2026-01-14","dayOfWeek":3}
[2026-02-06 07:43:02] DEBUG: Employee schedule lookup | {"context":"ScheduleResolver","employeeId":55,"date":"2026-01-14","hasAnySchedule":false,"foundValidSchedule":false}
[2026-02-06 07:43:02] DEBUG: Department schedule lookup | {"context":"ScheduleResolver","employeeId":55,"departmentId":9,"date":"2026-01-14","hasAnySchedule":false,"foundValidSchedule":false}
[2026-02-06 07:43:02] DEBUG: Schedule for date | {"context":"ViolationCalculator","employeeId":55,"date":"2026-01-14","isWorkDay":true,"workStart":"09:00","workEnd":"18:00"}
[2026-02-06 07:43:02] DEBUG: Both times present - calculated late/early | {"context":"ViolationCalculator","employeeId":55,"date":"2026-01-14","checkIn":"09:00","checkOut":"18:00","lateMinutes":0,"earlyMinutes":0}
[2026-02-06 07:43:02] DEBUG: Resolving schedule | {"context":"ScheduleResolver","employeeId":55,"date":"2026-01-15","dayOfWeek":4}
[2026-02-06 07:43:02] DEBUG: Employee schedule lookup | {"context":"ScheduleResolver","employeeId":55,"date":"2026-01-15","hasAnySchedule":false,"foundValidSchedule":false}
[2026-02-06 07:43:02] DEBUG: Department schedule lookup | {"context":"ScheduleResolver","employeeId":55,"departmentId":9,"date":"2026-01-15","hasAnySchedule":false,"foundValidSchedule":false}
[2026-02-06 07:43:02] DEBUG: Schedule for date | {"context":"ViolationCalculator","employeeId":55,"date":"2026-01-15","isWorkDay":true,"workStart":"09:00","workEnd":"18:00"}
[2026-02-06 07:43:02] DEBUG: Both times present - calculated late/early | {"context":"ViolationCalculator","employeeId":55,"date":"2026-01-15","checkIn":"09:00","checkOut":"18:00","lateMinutes":0,"earlyMinutes":0}
[2026-02-06 07:43:02] DEBUG: Resolving schedule | {"context":"ScheduleResolver","employeeId":55,"date":"2026-01-16","dayOfWeek":5}
[2026-02-06 07:43:02] DEBUG: Employee schedule lookup | {"context":"ScheduleResolver","employeeId":55,"date":"2026-01-16","hasAnySchedule":false,"foundValidSchedule":false}
[2026-02-06 07:43:02] DEBUG: Department schedule lookup | {"context":"ScheduleResolver","employeeId":55,"departmentId":9,"date":"2026-01-16","hasAnySchedule":false,"foundValidSchedule":false}
[2026-02-06 07:43:02] DEBUG: Schedule for date | {"context":"ViolationCalculator","employeeId":55,"date":"2026-01-16","isWorkDay":true,"workStart":"09:00","workEnd":"18:00"}
[2026-02-06 07:43:02] DEBUG: Both times present - calculated late/early | {"context":"ViolationCalculator","employeeId":55,"date":"2026-01-16","checkIn":"09:00","checkOut":"18:00","lateMinutes":0,"earlyMinutes":0}
[2026-02-06 07:43:02] DEBUG: Resolving schedule | {"context":"ScheduleResolver","employeeId":55,"date":"2026-01-17","dayOfWeek":6}
[2026-02-06 07:43:02] DEBUG: Employee schedule lookup | {"context":"ScheduleResolver","employeeId":55,"date":"2026-01-17","hasAnySchedule":false,"foundValidSchedule":false}
[2026-02-06 07:43:02] DEBUG: Department schedule lookup | {"context":"ScheduleResolver","employeeId":55,"departmentId":9,"date":"2026-01-17","hasAnySchedule":false,"foundValidSchedule":false}
[2026-02-06 07:43:02] DEBUG: Schedule for date | {"context":"ViolationCalculator","employeeId":55,"date":"2026-01-17","isWorkDay":false,"workStart":"09:00","workEnd":"18:00"}
[2026-02-06 07:43:02] DEBUG: Skipping non-work day | {"context":"ViolationCalculator","employeeId":55,"date":"2026-01-17"}
[2026-02-06 07:43:02] DEBUG: Resolving schedule | {"context":"ScheduleResolver","employeeId":55,"date":"2026-01-18","dayOfWeek":7}
[2026-02-06 07:43:02] DEBUG: Employee schedule lookup | {"context":"ScheduleResolver","employeeId":55,"date":"2026-01-18","hasAnySchedule":false,"foundValidSchedule":false}
[2026-02-06 07:43:02] DEBUG: Department schedule lookup | {"context":"ScheduleResolver","employeeId":55,"departmentId":9,"date":"2026-01-18","hasAnySchedule":false,"foundValidSchedule":false}
[2026-02-06 07:43:02] DEBUG: Schedule for date | {"context":"ViolationCalculator","employeeId":55,"date":"2026-01-18","isWorkDay":false,"workStart":"09:00","workEnd":"18:00"}
[2026-02-06 07:43:02] DEBUG: Skipping non-work day | {"context":"ViolationCalculator","employeeId":55,"date":"2026-01-18"}
[2026-02-06 07:43:02] DEBUG: Resolving schedule | {"context":"ScheduleResolver","employeeId":55,"date":"2026-01-19","dayOfWeek":1}
[2026-02-06 07:43:02] DEBUG: Employee schedule lookup | {"context":"ScheduleResolver","employeeId":55,"date":"2026-01-19","hasAnySchedule":false,"foundValidSchedule":false}
[2026-02-06 07:43:02] DEBUG: Department schedule lookup | {"context":"ScheduleResolver","employeeId":55,"departmentId":9,"date":"2026-01-19","hasAnySchedule":false,"foundValidSchedule":false}
[2026-02-06 07:43:02] DEBUG: Schedule for date | {"context":"ViolationCalculator","employeeId":55,"date":"2026-01-19","isWorkDay":true,"workStart":"09:00","workEnd":"18:00"}
[2026-02-06 07:43:02] DEBUG: Both times present - calculated late/early | {"context":"ViolationCalculator","employeeId":55,"date":"2026-01-19","checkIn":"09:00","checkOut":"18:00","lateMinutes":0,"earlyMinutes":0}
[2026-02-06 07:43:02] DEBUG: Resolving schedule | {"context":"ScheduleResolver","employeeId":55,"date":"2026-01-20","dayOfWeek":2}
[2026-02-06 07:43:02] DEBUG: Employee schedule lookup | {"context":"ScheduleResolver","employeeId":55,"date":"2026-01-20","hasAnySchedule":false,"foundValidSchedule":false}
[2026-02-06 07:43:02] DEBUG: Department schedule lookup | {"context":"ScheduleResolver","employeeId":55,"departmentId":9,"date":"2026-01-20","hasAnySchedule":false,"foundValidSchedule":false}
[2026-02-06 07:43:02] DEBUG: Schedule for date | {"context":"ViolationCalculator","employeeId":55,"date":"2026-01-20","isWorkDay":true,"workStart":"09:00","workEnd":"18:00"}
[2026-02-06 07:43:02] DEBUG: Both times present - calculated late/early | {"context":"ViolationCalculator","employeeId":55,"date":"2026-01-20","checkIn":"09:00","checkOut":"18:00","lateMinutes":0,"earlyMinutes":0}
[2026-02-06 07:43:02] DEBUG: Resolving schedule | {"context":"ScheduleResolver","employeeId":55,"date":"2026-01-21","dayOfWeek":3}
[2026-02-06 07:43:02] DEBUG: Employee schedule lookup | {"context":"ScheduleResolver","employeeId":55,"date":"2026-01-21","hasAnySchedule":false,"foundValidSchedule":false}
[2026-02-06 07:43:02] DEBUG: Department schedule lookup | {"context":"ScheduleResolver","employeeId":55,"departmentId":9,"date":"2026-01-21","hasAnySchedule":false,"foundValidSchedule":false}
[2026-02-06 07:43:02] DEBUG: Schedule for date | {"context":"ViolationCalculator","employeeId":55,"date":"2026-01-21","isWorkDay":true,"workStart":"09:00","workEnd":"18:00"}
[2026-02-06 07:43:02] DEBUG: Both times present - calculated late/early | {"context":"ViolationCalculator","employeeId":55,"date":"2026-01-21","checkIn":"09:00","checkOut":"18:00","lateMinutes":0,"earlyMinutes":0}
[2026-02-06 07:43:02] DEBUG: Resolving schedule | {"context":"ScheduleResolver","employeeId":55,"date":"2026-01-22","dayOfWeek":4}
[2026-02-06 07:43:02] DEBUG: Employee schedule lookup | {"context":"ScheduleResolver","employeeId":55,"date":"2026-01-22","hasAnySchedule":false,"foundValidSchedule":false}
[2026-02-06 07:43:02] DEBUG: Department schedule lookup | {"context":"ScheduleResolver","employeeId":55,"departmentId":9,"date":"2026-01-22","hasAnySchedule":false,"foundValidSchedule":false}
[2026-02-06 07:43:02] DEBUG: Schedule for date | {"context":"ViolationCalculator","employeeId":55,"date":"2026-01-22","isWorkDay":true,"workStart":"09:00","workEnd":"18:00"}
[2026-02-06 07:43:02] DEBUG: Both times present - calculated late/early | {"context":"ViolationCalculator","employeeId":55,"date":"2026-01-22","checkIn":"08:44","checkOut":"17:21","lateMinutes":0,"earlyMinutes":39}
[2026-02-06 07:43:02] DEBUG: Resolving schedule | {"context":"ScheduleResolver","employeeId":55,"date":"2026-01-23","dayOfWeek":5}
[2026-02-06 07:43:02] DEBUG: Employee schedule lookup | {"context":"ScheduleResolver","employeeId":55,"date":"2026-01-23","hasAnySchedule":false,"foundValidSchedule":false}
[2026-02-06 07:43:02] DEBUG: Department schedule lookup | {"context":"ScheduleResolver","employeeId":55,"departmentId":9,"date":"2026-01-23","hasAnySchedule":false,"foundValidSchedule":false}
[2026-02-06 07:43:02] DEBUG: Schedule for date | {"context":"ViolationCalculator","employeeId":55,"date":"2026-01-23","isWorkDay":true,"workStart":"09:00","workEnd":"18:00"}
[2026-02-06 07:43:02] DEBUG: Both times present - calculated late/early | {"context":"ViolationCalculator","employeeId":55,"date":"2026-01-23","checkIn":"09:00","checkOut":"18:00","lateMinutes":0,"earlyMinutes":0}
[2026-02-06 07:43:02] DEBUG: Resolving schedule | {"context":"ScheduleResolver","employeeId":55,"date":"2026-01-24","dayOfWeek":6}
[2026-02-06 07:43:02] DEBUG: Employee schedule lookup | {"context":"ScheduleResolver","employeeId":55,"date":"2026-01-24","hasAnySchedule":false,"foundValidSchedule":false}
[2026-02-06 07:43:02] DEBUG: Department schedule lookup | {"context":"ScheduleResolver","employeeId":55,"departmentId":9,"date":"2026-01-24","hasAnySchedule":false,"foundValidSchedule":false}
[2026-02-06 07:43:02] DEBUG: Schedule for date | {"context":"ViolationCalculator","employeeId":55,"date":"2026-01-24","isWorkDay":false,"workStart":"09:00","workEnd":"18:00"}
[2026-02-06 07:43:02] DEBUG: Skipping non-work day | {"context":"ViolationCalculator","employeeId":55,"date":"2026-01-24"}
[2026-02-06 07:43:02] DEBUG: Resolving schedule | {"context":"ScheduleResolver","employeeId":55,"date":"2026-01-25","dayOfWeek":7}
[2026-02-06 07:43:02] DEBUG: Employee schedule lookup | {"context":"ScheduleResolver","employeeId":55,"date":"2026-01-25","hasAnySchedule":false,"foundValidSchedule":false}
[2026-02-06 07:43:02] DEBUG: Department schedule lookup | {"context":"ScheduleResolver","employeeId":55,"departmentId":9,"date":"2026-01-25","hasAnySchedule":false,"foundValidSchedule":false}
[2026-02-06 07:43:02] DEBUG: Schedule for date | {"context":"ViolationCalculator","employeeId":55,"date":"2026-01-25","isWorkDay":false,"workStart":"09:00","workEnd":"18:00"}
[2026-02-06 07:43:02] DEBUG: Skipping non-work day | {"context":"ViolationCalculator","employeeId":55,"date":"2026-01-25"}
[2026-02-06 07:43:02] DEBUG: Resolving schedule | {"context":"ScheduleResolver","employeeId":55,"date":"2026-01-26","dayOfWeek":1}
[2026-02-06 07:43:02] DEBUG: Employee schedule lookup | {"context":"ScheduleResolver","employeeId":55,"date":"2026-01-26","hasAnySchedule":false,"foundValidSchedule":false}
[2026-02-06 07:43:02] DEBUG: Department schedule lookup | {"context":"ScheduleResolver","employeeId":55,"departmentId":9,"date":"2026-01-26","hasAnySchedule":false,"foundValidSchedule":false}
[2026-02-06 07:43:02] DEBUG: Schedule for date | {"context":"ViolationCalculator","employeeId":55,"date":"2026-01-26","isWorkDay":true,"workStart":"09:00","workEnd":"18:00"}
[2026-02-06 07:43:02] DEBUG: Both times present - calculated late/early | {"context":"ViolationCalculator","employeeId":55,"date":"2026-01-26","checkIn":"09:00","checkOut":"18:00","lateMinutes":0,"earlyMinutes":0}
[2026-02-06 07:43:02] DEBUG: Resolving schedule | {"context":"ScheduleResolver","employeeId":55,"date":"2026-01-27","dayOfWeek":2}
[2026-02-06 07:43:02] DEBUG: Employee schedule lookup | {"context":"ScheduleResolver","employeeId":55,"date":"2026-01-27","hasAnySchedule":false,"foundValidSchedule":false}
[2026-02-06 07:43:02] DEBUG: Department schedule lookup | {"context":"ScheduleResolver","employeeId":55,"departmentId":9,"date":"2026-01-27","hasAnySchedule":false,"foundValidSchedule":false}
[2026-02-06 07:43:02] DEBUG: Schedule for date | {"context":"ViolationCalculator","employeeId":55,"date":"2026-01-27","isWorkDay":true,"workStart":"09:00","workEnd":"18:00"}
[2026-02-06 07:43:02] DEBUG: Both times present - calculated late/early | {"context":"ViolationCalculator","employeeId":55,"date":"2026-01-27","checkIn":"09:00","checkOut":"18:00","lateMinutes":0,"earlyMinutes":0}
[2026-02-06 07:43:02] DEBUG: Resolving schedule | {"context":"ScheduleResolver","employeeId":55,"date":"2026-01-28","dayOfWeek":3}
[2026-02-06 07:43:02] DEBUG: Employee schedule lookup | {"context":"ScheduleResolver","employeeId":55,"date":"2026-01-28","hasAnySchedule":false,"foundValidSchedule":false}
[2026-02-06 07:43:02] DEBUG: Department schedule lookup | {"context":"ScheduleResolver","employeeId":55,"departmentId":9,"date":"2026-01-28","hasAnySchedule":false,"foundValidSchedule":false}
[2026-02-06 07:43:02] DEBUG: Schedule for date | {"context":"ViolationCalculator","employeeId":55,"date":"2026-01-28","isWorkDay":true,"workStart":"09:00","workEnd":"18:00"}
[2026-02-06 07:43:02] DEBUG: Both times present - calculated late/early | {"context":"ViolationCalculator","employeeId":55,"date":"2026-01-28","checkIn":"09:01","checkOut":"17:04","lateMinutes":0,"earlyMinutes":56}
[2026-02-06 07:43:02] DEBUG: Resolving schedule | {"context":"ScheduleResolver","employeeId":55,"date":"2026-01-29","dayOfWeek":4}
[2026-02-06 07:43:02] DEBUG: Employee schedule lookup | {"context":"ScheduleResolver","employeeId":55,"date":"2026-01-29","hasAnySchedule":false,"foundValidSchedule":false}
[2026-02-06 07:43:02] DEBUG: Department schedule lookup | {"context":"ScheduleResolver","employeeId":55,"departmentId":9,"date":"2026-01-29","hasAnySchedule":false,"foundValidSchedule":false}
[2026-02-06 07:43:02] DEBUG: Schedule for date | {"context":"ViolationCalculator","employeeId":55,"date":"2026-01-29","isWorkDay":true,"workStart":"09:00","workEnd":"18:00"}
[2026-02-06 07:43:02] DEBUG: Both times present - calculated late/early | {"context":"ViolationCalculator","employeeId":55,"date":"2026-01-29","checkIn":"09:00","checkOut":"18:00","lateMinutes":0,"earlyMinutes":0}
[2026-02-06 07:43:02] DEBUG: Resolving schedule | {"context":"ScheduleResolver","employeeId":55,"date":"2026-01-30","dayOfWeek":5}
[2026-02-06 07:43:02] DEBUG: Employee schedule lookup | {"context":"ScheduleResolver","employeeId":55,"date":"2026-01-30","hasAnySchedule":false,"foundValidSchedule":false}
[2026-02-06 07:43:02] DEBUG: Department schedule lookup | {"context":"ScheduleResolver","employeeId":55,"departmentId":9,"date":"2026-01-30","hasAnySchedule":false,"foundValidSchedule":false}
[2026-02-06 07:43:02] DEBUG: Schedule for date | {"context":"ViolationCalculator","employeeId":55,"date":"2026-01-30","isWorkDay":true,"workStart":"09:00","workEnd":"18:00"}
[2026-02-06 07:43:02] DEBUG: Both times present - calculated late/early | {"context":"ViolationCalculator","employeeId":55,"date":"2026-01-30","checkIn":"09:00","checkOut":"18:00","lateMinutes":0,"earlyMinutes":0}
[2026-02-06 07:43:02] DEBUG: Resolving schedule | {"context":"ScheduleResolver","employeeId":55,"date":"2026-01-31","dayOfWeek":6}
[2026-02-06 07:43:02] DEBUG: Employee schedule lookup | {"context":"ScheduleResolver","employeeId":55,"date":"2026-01-31","hasAnySchedule":false,"foundValidSchedule":false}
[2026-02-06 07:43:02] DEBUG: Department schedule lookup | {"context":"ScheduleResolver","employeeId":55,"departmentId":9,"date":"2026-01-31","hasAnySchedule":false,"foundValidSchedule":false}
[2026-02-06 07:43:02] DEBUG: Schedule for date | {"context":"ViolationCalculator","employeeId":55,"date":"2026-01-31","isWorkDay":false,"workStart":"09:00","workEnd":"18:00"}
[2026-02-06 07:43:02] DEBUG: Skipping non-work day | {"context":"ViolationCalculator","employeeId":55,"date":"2026-01-31"}
[2026-02-06 07:43:02] DEBUG: Resolving schedule | {"context":"ScheduleResolver","employeeId":56,"date":"2026-01-10","dayOfWeek":6}
[2026-02-06 07:43:02] DEBUG: Employee schedule lookup | {"context":"ScheduleResolver","employeeId":56,"date":"2026-01-10","hasAnySchedule":false,"foundValidSchedule":false}
[2026-02-06 07:43:02] DEBUG: Department schedule lookup | {"context":"ScheduleResolver","employeeId":56,"departmentId":9,"date":"2026-01-10","hasAnySchedule":false,"foundValidSchedule":false}
[2026-02-06 07:43:02] DEBUG: Schedule for date | {"context":"ViolationCalculator","employeeId":56,"date":"2026-01-10","isWorkDay":false,"workStart":"09:00","workEnd":"18:00"}
[2026-02-06 07:43:02] DEBUG: Skipping non-work day | {"context":"ViolationCalculator","employeeId":56,"date":"2026-01-10"}
[2026-02-06 07:43:02] DEBUG: Resolving schedule | {"context":"ScheduleResolver","employeeId":56,"date":"2026-01-11","dayOfWeek":7}
[2026-02-06 07:43:02] DEBUG: Employee schedule lookup | {"context":"ScheduleResolver","employeeId":56,"date":"2026-01-11","hasAnySchedule":false,"foundValidSchedule":false}
[2026-02-06 07:43:02] DEBUG: Department schedule lookup | {"context":"ScheduleResolver","employeeId":56,"departmentId":9,"date":"2026-01-11","hasAnySchedule":false,"foundValidSchedule":false}
[2026-02-06 07:43:02] DEBUG: Schedule for date | {"context":"ViolationCalculator","employeeId":56,"date":"2026-01-11","isWorkDay":false,"workStart":"09:00","workEnd":"18:00"}
[2026-02-06 07:43:02] DEBUG: Skipping non-work day | {"context":"ViolationCalculator","employeeId":56,"date":"2026-01-11"}
[2026-02-06 07:43:02] DEBUG: Resolving schedule | {"context":"ScheduleResolver","employeeId":56,"date":"2026-01-12","dayOfWeek":1}
[2026-02-06 07:43:02] DEBUG: Employee schedule lookup | {"context":"ScheduleResolver","employeeId":56,"date":"2026-01-12","hasAnySchedule":false,"foundValidSchedule":false}
[2026-02-06 07:43:02] DEBUG: Department schedule lookup | {"context":"ScheduleResolver","employeeId":56,"departmentId":9,"date":"2026-01-12","hasAnySchedule":false,"foundValidSchedule":false}
[2026-02-06 07:43:02] DEBUG: Schedule for date | {"context":"ViolationCalculator","employeeId":56,"date":"2026-01-12","isWorkDay":true,"workStart":"09:00","workEnd":"18:00"}
[2026-02-06 07:43:02] DEBUG: Both times present - calculated late/early | {"context":"ViolationCalculator","employeeId":56,"date":"2026-01-12","checkIn":"09:00","checkOut":"18:00","lateMinutes":0,"earlyMinutes":0}
[2026-02-06 07:43:02] DEBUG: Resolving schedule | {"context":"ScheduleResolver","employeeId":56,"date":"2026-01-13","dayOfWeek":2}
[2026-02-06 07:43:02] DEBUG: Employee schedule lookup | {"context":"ScheduleResolver","employeeId":56,"date":"2026-01-13","hasAnySchedule":false,"foundValidSchedule":false}
[2026-02-06 07:43:02] DEBUG: Department schedule lookup | {"context":"ScheduleResolver","employeeId":56,"departmentId":9,"date":"2026-01-13","hasAnySchedule":false,"foundValidSchedule":false}
[2026-02-06 07:43:02] DEBUG: Schedule for date | {"context":"ViolationCalculator","employeeId":56,"date":"2026-01-13","isWorkDay":true,"workStart":"09:00","workEnd":"18:00"}
[2026-02-06 07:43:02] DEBUG: Both times present - calculated late/early | {"context":"ViolationCalculator","employeeId":56,"date":"2026-01-13","checkIn":"09:00","checkOut":"18:00","lateMinutes":0,"earlyMinutes":0}
[2026-02-06 07:43:02] DEBUG: Resolving schedule | {"context":"ScheduleResolver","employeeId":56,"date":"2026-01-14","dayOfWeek":3}
[2026-02-06 07:43:02] DEBUG: Employee schedule lookup | {"context":"ScheduleResolver","employeeId":56,"date":"2026-01-14","hasAnySchedule":false,"foundValidSchedule":false}
[2026-02-06 07:43:02] DEBUG: Department schedule lookup | {"context":"ScheduleResolver","employeeId":56,"departmentId":9,"date":"2026-01-14","hasAnySchedule":false,"foundValidSchedule":false}
[2026-02-06 07:43:02] DEBUG: Schedule for date | {"context":"ViolationCalculator","employeeId":56,"date":"2026-01-14","isWorkDay":true,"workStart":"09:00","workEnd":"18:00"}
[2026-02-06 07:43:02] DEBUG: Both times present - calculated late/early | {"context":"ViolationCalculator","employeeId":56,"date":"2026-01-14","checkIn":"09:00","checkOut":"18:00","lateMinutes":0,"earlyMinutes":0}
[2026-02-06 07:43:02] DEBUG: Resolving schedule | {"context":"ScheduleResolver","employeeId":56,"date":"2026-01-15","dayOfWeek":4}
[2026-02-06 07:43:02] DEBUG: Employee schedule lookup | {"context":"ScheduleResolver","employeeId":56,"date":"2026-01-15","hasAnySchedule":false,"foundValidSchedule":false}
[2026-02-06 07:43:02] DEBUG: Department schedule lookup | {"context":"ScheduleResolver","employeeId":56,"departmentId":9,"date":"2026-01-15","hasAnySchedule":false,"foundValidSchedule":false}
[2026-02-06 07:43:02] DEBUG: Schedule for date | {"context":"ViolationCalculator","employeeId":56,"date":"2026-01-15","isWorkDay":true,"workStart":"09:00","workEnd":"18:00"}
[2026-02-06 07:43:02] DEBUG: Both times present - calculated late/early | {"context":"ViolationCalculator","employeeId":56,"date":"2026-01-15","checkIn":"09:00","checkOut":"18:00","lateMinutes":0,"earlyMinutes":0}
[2026-02-06 07:43:02] DEBUG: Resolving schedule | {"context":"ScheduleResolver","employeeId":56,"date":"2026-01-16","dayOfWeek":5}
[2026-02-06 07:43:02] DEBUG: Employee schedule lookup | {"context":"ScheduleResolver","employeeId":56,"date":"2026-01-16","hasAnySchedule":false,"foundValidSchedule":false}
[2026-02-06 07:43:02] DEBUG: Department schedule lookup | {"context":"ScheduleResolver","employeeId":56,"departmentId":9,"date":"2026-01-16","hasAnySchedule":false,"foundValidSchedule":false}
[2026-02-06 07:43:02] DEBUG: Schedule for date | {"context":"ViolationCalculator","employeeId":56,"date":"2026-01-16","isWorkDay":true,"workStart":"09:00","workEnd":"18:00"}
[2026-02-06 07:43:02] DEBUG: Both times present - calculated late/early | {"context":"ViolationCalculator","employeeId":56,"date":"2026-01-16","checkIn":"09:05","checkOut":"18:00","lateMinutes":0,"earlyMinutes":0}
[2026-02-06 07:43:02] DEBUG: Resolving schedule | {"context":"ScheduleResolver","employeeId":56,"date":"2026-01-17","dayOfWeek":6}
[2026-02-06 07:43:02] DEBUG: Employee schedule lookup | {"context":"ScheduleResolver","employeeId":56,"date":"2026-01-17","hasAnySchedule":false,"foundValidSchedule":false}
[2026-02-06 07:43:02] DEBUG: Department schedule lookup | {"context":"ScheduleResolver","employeeId":56,"departmentId":9,"date":"2026-01-17","hasAnySchedule":false,"foundValidSchedule":false}
[2026-02-06 07:43:02] DEBUG: Schedule for date | {"context":"ViolationCalculator","employeeId":56,"date":"2026-01-17","isWorkDay":false,"workStart":"09:00","workEnd":"18:00"}
[2026-02-06 07:43:02] DEBUG: Skipping non-work day | {"context":"ViolationCalculator","employeeId":56,"date":"2026-01-17"}
[2026-02-06 07:43:02] DEBUG: Resolving schedule | {"context":"ScheduleResolver","employeeId":56,"date":"2026-01-18","dayOfWeek":7}
[2026-02-06 07:43:02] DEBUG: Employee schedule lookup | {"context":"ScheduleResolver","employeeId":56,"date":"2026-01-18","hasAnySchedule":false,"foundValidSchedule":false}
[2026-02-06 07:43:02] DEBUG: Department schedule lookup | {"context":"ScheduleResolver","employeeId":56,"departmentId":9,"date":"2026-01-18","hasAnySchedule":false,"foundValidSchedule":false}
[2026-02-06 07:43:02] DEBUG: Schedule for date | {"context":"ViolationCalculator","employeeId":56,"date":"2026-01-18","isWorkDay":false,"workStart":"09:00","workEnd":"18:00"}
[2026-02-06 07:43:02] DEBUG: Skipping non-work day | {"context":"ViolationCalculator","employeeId":56,"date":"2026-01-18"}
[2026-02-06 07:43:02] DEBUG: Resolving schedule | {"context":"ScheduleResolver","employeeId":56,"date":"2026-01-19","dayOfWeek":1}
[2026-02-06 07:43:02] DEBUG: Employee schedule lookup | {"context":"ScheduleResolver","employeeId":56,"date":"2026-01-19","hasAnySchedule":false,"foundValidSchedule":false}
[2026-02-06 07:43:02] DEBUG: Department schedule lookup | {"context":"ScheduleResolver","employeeId":56,"departmentId":9,"date":"2026-01-19","hasAnySchedule":false,"foundValidSchedule":false}
[2026-02-06 07:43:02] DEBUG: Schedule for date | {"context":"ViolationCalculator","employeeId":56,"date":"2026-01-19","isWorkDay":true,"workStart":"09:00","workEnd":"18:00"}
[2026-02-06 07:43:02] DEBUG: Both times present - calculated late/early | {"context":"ViolationCalculator","employeeId":56,"date":"2026-01-19","checkIn":"09:00","checkOut":"18:00","lateMinutes":0,"earlyMinutes":0}
[2026-02-06 07:43:02] DEBUG: Resolving schedule | {"context":"ScheduleResolver","employeeId":56,"date":"2026-01-20","dayOfWeek":2}
[2026-02-06 07:43:02] DEBUG: Employee schedule lookup | {"context":"ScheduleResolver","employeeId":56,"date":"2026-01-20","hasAnySchedule":false,"foundValidSchedule":false}
[2026-02-06 07:43:02] DEBUG: Department schedule lookup | {"context":"ScheduleResolver","employeeId":56,"departmentId":9,"date":"2026-01-20","hasAnySchedule":false,"foundValidSchedule":false}
[2026-02-06 07:43:02] DEBUG: Schedule for date | {"context":"ViolationCalculator","employeeId":56,"date":"2026-01-20","isWorkDay":true,"workStart":"09:00","workEnd":"18:00"}
[2026-02-06 07:43:02] DEBUG: Both times present - calculated late/early | {"context":"ViolationCalculator","employeeId":56,"date":"2026-01-20","checkIn":"09:00","checkOut":"18:00","lateMinutes":0,"earlyMinutes":0}
[2026-02-06 07:43:02] DEBUG: Resolving schedule | {"context":"ScheduleResolver","employeeId":56,"date":"2026-01-21","dayOfWeek":3}
[2026-02-06 07:43:02] DEBUG: Employee schedule lookup | {"context":"ScheduleResolver","employeeId":56,"date":"2026-01-21","hasAnySchedule":false,"foundValidSchedule":false}
[2026-02-06 07:43:02] DEBUG: Department schedule lookup | {"context":"ScheduleResolver","employeeId":56,"departmentId":9,"date":"2026-01-21","hasAnySchedule":false,"foundValidSchedule":false}
[2026-02-06 07:43:02] DEBUG: Schedule for date | {"context":"ViolationCalculator","employeeId":56,"date":"2026-01-21","isWorkDay":true,"workStart":"09:00","workEnd":"18:00"}
[2026-02-06 07:43:02] DEBUG: Both times present - calculated late/early | {"context":"ViolationCalculator","employeeId":56,"date":"2026-01-21","checkIn":"09:00","checkOut":"18:00","lateMinutes":0,"earlyMinutes":0}
[2026-02-06 07:43:02] DEBUG: Resolving schedule | {"context":"ScheduleResolver","employeeId":56,"date":"2026-01-22","dayOfWeek":4}
[2026-02-06 07:43:02] DEBUG: Employee schedule lookup | {"context":"ScheduleResolver","employeeId":56,"date":"2026-01-22","hasAnySchedule":false,"foundValidSchedule":false}
[2026-02-06 07:43:02] DEBUG: Department schedule lookup | {"context":"ScheduleResolver","employeeId":56,"departmentId":9,"date":"2026-01-22","hasAnySchedule":false,"foundValidSchedule":false}
[2026-02-06 07:43:02] DEBUG: Schedule for date | {"context":"ViolationCalculator","employeeId":56,"date":"2026-01-22","isWorkDay":true,"workStart":"09:00","workEnd":"18:00"}
[2026-02-06 07:43:02] DEBUG: Both times present - calculated late/early | {"context":"ViolationCalculator","employeeId":56,"date":"2026-01-22","checkIn":"08:56","checkOut":"17:02","lateMinutes":0,"earlyMinutes":58}
[2026-02-06 07:43:02] DEBUG: Resolving schedule | {"context":"ScheduleResolver","employeeId":56,"date":"2026-01-23","dayOfWeek":5}
[2026-02-06 07:43:02] DEBUG: Employee schedule lookup | {"context":"ScheduleResolver","employeeId":56,"date":"2026-01-23","hasAnySchedule":false,"foundValidSchedule":false}
[2026-02-06 07:43:02] DEBUG: Department schedule lookup | {"context":"ScheduleResolver","employeeId":56,"departmentId":9,"date":"2026-01-23","hasAnySchedule":false,"foundValidSchedule":false}
[2026-02-06 07:43:02] DEBUG: Schedule for date | {"context":"ViolationCalculator","employeeId":56,"date":"2026-01-23","isWorkDay":true,"workStart":"09:00","workEnd":"18:00"}
[2026-02-06 07:43:02] DEBUG: Both times present - calculated late/early | {"context":"ViolationCalculator","employeeId":56,"date":"2026-01-23","checkIn":"09:00","checkOut":"18:00","lateMinutes":0,"earlyMinutes":0}
[2026-02-06 07:43:02] DEBUG: Resolving schedule | {"context":"ScheduleResolver","employeeId":56,"date":"2026-01-24","dayOfWeek":6}
[2026-02-06 07:43:02] DEBUG: Employee schedule lookup | {"context":"ScheduleResolver","employeeId":56,"date":"2026-01-24","hasAnySchedule":false,"foundValidSchedule":false}
[2026-02-06 07:43:02] DEBUG: Department schedule lookup | {"context":"ScheduleResolver","employeeId":56,"departmentId":9,"date":"2026-01-24","hasAnySchedule":false,"foundValidSchedule":false}
[2026-02-06 07:43:02] DEBUG: Schedule for date | {"context":"ViolationCalculator","employeeId":56,"date":"2026-01-24","isWorkDay":false,"workStart":"09:00","workEnd":"18:00"}
[2026-02-06 07:43:02] DEBUG: Skipping non-work day | {"context":"ViolationCalculator","employeeId":56,"date":"2026-01-24"}
[2026-02-06 07:43:02] DEBUG: Resolving schedule | {"context":"ScheduleResolver","employeeId":56,"date":"2026-01-25","dayOfWeek":7}
[2026-02-06 07:43:02] DEBUG: Employee schedule lookup | {"context":"ScheduleResolver","employeeId":56,"date":"2026-01-25","hasAnySchedule":false,"foundValidSchedule":false}
[2026-02-06 07:43:02] DEBUG: Department schedule lookup | {"context":"ScheduleResolver","employeeId":56,"departmentId":9,"date":"2026-01-25","hasAnySchedule":false,"foundValidSchedule":false}
[2026-02-06 07:43:02] DEBUG: Schedule for date | {"context":"ViolationCalculator","employeeId":56,"date":"2026-01-25","isWorkDay":false,"workStart":"09:00","workEnd":"18:00"}
[2026-02-06 07:43:02] DEBUG: Skipping non-work day | {"context":"ViolationCalculator","employeeId":56,"date":"2026-01-25"}
[2026-02-06 07:43:02] DEBUG: Resolving schedule | {"context":"ScheduleResolver","employeeId":56,"date":"2026-01-26","dayOfWeek":1}
[2026-02-06 07:43:02] DEBUG: Employee schedule lookup | {"context":"ScheduleResolver","employeeId":56,"date":"2026-01-26","hasAnySchedule":false,"foundValidSchedule":false}
[2026-02-06 07:43:02] DEBUG: Department schedule lookup | {"context":"ScheduleResolver","employeeId":56,"departmentId":9,"date":"2026-01-26","hasAnySchedule":false,"foundValidSchedule":false}
[2026-02-06 07:43:02] DEBUG: Schedule for date | {"context":"ViolationCalculator","employeeId":56,"date":"2026-01-26","isWorkDay":true,"workStart":"09:00","workEnd":"18:00"}
[2026-02-06 07:43:02] DEBUG: Both times present - calculated late/early | {"context":"ViolationCalculator","employeeId":56,"date":"2026-01-26","checkIn":"09:00","checkOut":"18:00","lateMinutes":0,"earlyMinutes":0}
[2026-02-06 07:43:02] DEBUG: Resolving schedule | {"context":"ScheduleResolver","employeeId":56,"date":"2026-01-27","dayOfWeek":2}
[2026-02-06 07:43:02] DEBUG: Employee schedule lookup | {"context":"ScheduleResolver","employeeId":56,"date":"2026-01-27","hasAnySchedule":false,"foundValidSchedule":false}
[2026-02-06 07:43:02] DEBUG: Department schedule lookup | {"context":"ScheduleResolver","employeeId":56,"departmentId":9,"date":"2026-01-27","hasAnySchedule":false,"foundValidSchedule":false}
[2026-02-06 07:43:02] DEBUG: Schedule for date | {"context":"ViolationCalculator","employeeId":56,"date":"2026-01-27","isWorkDay":true,"workStart":"09:00","workEnd":"18:00"}
[2026-02-06 07:43:02] DEBUG: Both times present - calculated late/early | {"context":"ViolationCalculator","employeeId":56,"date":"2026-01-27","checkIn":"09:00","checkOut":"18:00","lateMinutes":0,"earlyMinutes":0}
[2026-02-06 07:43:02] DEBUG: Resolving schedule | {"context":"ScheduleResolver","employeeId":56,"date":"2026-01-28","dayOfWeek":3}
[2026-02-06 07:43:02] DEBUG: Employee schedule lookup | {"context":"ScheduleResolver","employeeId":56,"date":"2026-01-28","hasAnySchedule":false,"foundValidSchedule":false}
[2026-02-06 07:43:02] DEBUG: Department schedule lookup | {"context":"ScheduleResolver","employeeId":56,"departmentId":9,"date":"2026-01-28","hasAnySchedule":false,"foundValidSchedule":false}
[2026-02-06 07:43:02] DEBUG: Schedule for date | {"context":"ViolationCalculator","employeeId":56,"date":"2026-01-28","isWorkDay":true,"workStart":"09:00","workEnd":"18:00"}
[2026-02-06 07:43:02] DEBUG: Both times present - calculated late/early | {"context":"ViolationCalculator","employeeId":56,"date":"2026-01-28","checkIn":"08:54","checkOut":"18:20","lateMinutes":0,"earlyMinutes":0}
[2026-02-06 07:43:02] DEBUG: Resolving schedule | {"context":"ScheduleResolver","employeeId":56,"date":"2026-01-29","dayOfWeek":4}
[2026-02-06 07:43:02] DEBUG: Employee schedule lookup | {"context":"ScheduleResolver","employeeId":56,"date":"2026-01-29","hasAnySchedule":false,"foundValidSchedule":false}
[2026-02-06 07:43:02] DEBUG: Department schedule lookup | {"context":"ScheduleResolver","employeeId":56,"departmentId":9,"date":"2026-01-29","hasAnySchedule":false,"foundValidSchedule":false}
[2026-02-06 07:43:02] DEBUG: Schedule for date | {"context":"ViolationCalculator","employeeId":56,"date":"2026-01-29","isWorkDay":true,"workStart":"09:00","workEnd":"18:00"}
[2026-02-06 07:43:02] DEBUG: Both times present - calculated late/early | {"context":"ViolationCalculator","employeeId":56,"date":"2026-01-29","checkIn":"09:00","checkOut":"18:00","lateMinutes":0,"earlyMinutes":0}
[2026-02-06 07:43:02] DEBUG: Resolving schedule | {"context":"ScheduleResolver","employeeId":56,"date":"2026-01-30","dayOfWeek":5}
[2026-02-06 07:43:02] DEBUG: Employee schedule lookup | {"context":"ScheduleResolver","employeeId":56,"date":"2026-01-30","hasAnySchedule":false,"foundValidSchedule":false}
[2026-02-06 07:43:02] DEBUG: Department schedule lookup | {"context":"ScheduleResolver","employeeId":56,"departmentId":9,"date":"2026-01-30","hasAnySchedule":false,"foundValidSchedule":false}
[2026-02-06 07:43:02] DEBUG: Schedule for date | {"context":"ViolationCalculator","employeeId":56,"date":"2026-01-30","isWorkDay":true,"workStart":"09:00","workEnd":"18:00"}
[2026-02-06 07:43:02] DEBUG: Both times present - calculated late/early | {"context":"ViolationCalculator","employeeId":56,"date":"2026-01-30","checkIn":"09:00","checkOut":"18:00","lateMinutes":0,"earlyMinutes":0}
[2026-02-06 07:43:02] DEBUG: Resolving schedule | {"context":"ScheduleResolver","employeeId":56,"date":"2026-01-31","dayOfWeek":6}
[2026-02-06 07:43:02] DEBUG: Employee schedule lookup | {"context":"ScheduleResolver","employeeId":56,"date":"2026-01-31","hasAnySchedule":false,"foundValidSchedule":false}
[2026-02-06 07:43:02] DEBUG: Department schedule lookup | {"context":"ScheduleResolver","employeeId":56,"departmentId":9,"date":"2026-01-31","hasAnySchedule":false,"foundValidSchedule":false}
[2026-02-06 07:43:02] DEBUG: Schedule for date | {"context":"ViolationCalculator","employeeId":56,"date":"2026-01-31","isWorkDay":false,"workStart":"09:00","workEnd":"18:00"}
[2026-02-06 07:43:02] DEBUG: Skipping non-work day | {"context":"ViolationCalculator","employeeId":56,"date":"2026-01-31"}
[2026-02-06 07:43:02] DEBUG: Resolving schedule | {"context":"ScheduleResolver","employeeId":57,"date":"2026-01-10","dayOfWeek":6}
[2026-02-06 07:43:02] DEBUG: Employee schedule lookup | {"context":"ScheduleResolver","employeeId":57,"date":"2026-01-10","hasAnySchedule":false,"foundValidSchedule":false}
[2026-02-06 07:43:02] DEBUG: Department schedule lookup | {"context":"ScheduleResolver","employeeId":57,"departmentId":5,"date":"2026-01-10","hasAnySchedule":false,"foundValidSchedule":false}
[2026-02-06 07:43:02] DEBUG: Schedule for date | {"context":"ViolationCalculator","employeeId":57,"date":"2026-01-10","isWorkDay":false,"workStart":"09:00","workEnd":"18:00"}
[2026-02-06 07:43:02] DEBUG: Skipping non-work day | {"context":"ViolationCalculator","employeeId":57,"date":"2026-01-10"}
[2026-02-06 07:43:02] DEBUG: Resolving schedule | {"context":"ScheduleResolver","employeeId":57,"date":"2026-01-11","dayOfWeek":7}
[2026-02-06 07:43:02] DEBUG: Employee schedule lookup | {"context":"ScheduleResolver","employeeId":57,"date":"2026-01-11","hasAnySchedule":false,"foundValidSchedule":false}
[2026-02-06 07:43:02] DEBUG: Department schedule lookup | {"context":"ScheduleResolver","employeeId":57,"departmentId":5,"date":"2026-01-11","hasAnySchedule":false,"foundValidSchedule":false}
[2026-02-06 07:43:02] DEBUG: Schedule for date | {"context":"ViolationCalculator","employeeId":57,"date":"2026-01-11","isWorkDay":false,"workStart":"09:00","workEnd":"18:00"}
[2026-02-06 07:43:02] DEBUG: Skipping non-work day | {"context":"ViolationCalculator","employeeId":57,"date":"2026-01-11"}
[2026-02-06 07:43:02] DEBUG: Resolving schedule | {"context":"ScheduleResolver","employeeId":57,"date":"2026-01-12","dayOfWeek":1}
[2026-02-06 07:43:02] DEBUG: Employee schedule lookup | {"context":"ScheduleResolver","employeeId":57,"date":"2026-01-12","hasAnySchedule":false,"foundValidSchedule":false}
[2026-02-06 07:43:02] DEBUG: Department schedule lookup | {"context":"ScheduleResolver","employeeId":57,"departmentId":5,"date":"2026-01-12","hasAnySchedule":false,"foundValidSchedule":false}
[2026-02-06 07:43:02] DEBUG: Schedule for date | {"context":"ViolationCalculator","employeeId":57,"date":"2026-01-12","isWorkDay":true,"workStart":"09:00","workEnd":"18:00"}
[2026-02-06 07:43:02] DEBUG: Both times present - calculated late/early | {"context":"ViolationCalculator","employeeId":57,"date":"2026-01-12","checkIn":"09:21","checkOut":"18:00","lateMinutes":16,"earlyMinutes":0}
[2026-02-06 07:43:02] DEBUG: Resolving schedule | {"context":"ScheduleResolver","employeeId":57,"date":"2026-01-13","dayOfWeek":2}
[2026-02-06 07:43:02] DEBUG: Employee schedule lookup | {"context":"ScheduleResolver","employeeId":57,"date":"2026-01-13","hasAnySchedule":false,"foundValidSchedule":false}
[2026-02-06 07:43:02] DEBUG: Department schedule lookup | {"context":"ScheduleResolver","employeeId":57,"departmentId":5,"date":"2026-01-13","hasAnySchedule":false,"foundValidSchedule":false}
[2026-02-06 07:43:02] DEBUG: Schedule for date | {"context":"ViolationCalculator","employeeId":57,"date":"2026-01-13","isWorkDay":true,"workStart":"09:00","workEnd":"18:00"}
[2026-02-06 07:43:02] DEBUG: Both times present - calculated late/early | {"context":"ViolationCalculator","employeeId":57,"date":"2026-01-13","checkIn":"09:00","checkOut":"18:00","lateMinutes":0,"earlyMinutes":0}
[2026-02-06 07:43:02] DEBUG: Resolving schedule | {"context":"ScheduleResolver","employeeId":57,"date":"2026-01-14","dayOfWeek":3}
[2026-02-06 07:43:02] DEBUG: Employee schedule lookup | {"context":"ScheduleResolver","employeeId":57,"date":"2026-01-14","hasAnySchedule":false,"foundValidSchedule":false}
[2026-02-06 07:43:02] DEBUG: Department schedule lookup | {"context":"ScheduleResolver","employeeId":57,"departmentId":5,"date":"2026-01-14","hasAnySchedule":false,"foundValidSchedule":false}
[2026-02-06 07:43:02] DEBUG: Schedule for date | {"context":"ViolationCalculator","employeeId":57,"date":"2026-01-14","isWorkDay":true,"workStart":"09:00","workEnd":"18:00"}
[2026-02-06 07:43:02] DEBUG: Both times present - calculated late/early | {"context":"ViolationCalculator","employeeId":57,"date":"2026-01-14","checkIn":"09:02","checkOut":"18:00","lateMinutes":0,"earlyMinutes":0}
[2026-02-06 07:43:02] DEBUG: Resolving schedule | {"context":"ScheduleResolver","employeeId":57,"date":"2026-01-15","dayOfWeek":4}
[2026-02-06 07:43:02] DEBUG: Employee schedule lookup | {"context":"ScheduleResolver","employeeId":57,"date":"2026-01-15","hasAnySchedule":false,"foundValidSchedule":false}
[2026-02-06 07:43:02] DEBUG: Department schedule lookup | {"context":"ScheduleResolver","employeeId":57,"departmentId":5,"date":"2026-01-15","hasAnySchedule":false,"foundValidSchedule":false}
[2026-02-06 07:43:02] DEBUG: Schedule for date | {"context":"ViolationCalculator","employeeId":57,"date":"2026-01-15","isWorkDay":true,"workStart":"09:00","workEnd":"18:00"}
[2026-02-06 07:43:02] DEBUG: Both times present - calculated late/early | {"context":"ViolationCalculator","employeeId":57,"date":"2026-01-15","checkIn":"09:02","checkOut":"18:00","lateMinutes":0,"earlyMinutes":0}
[2026-02-06 07:43:02] DEBUG: Resolving schedule | {"context":"ScheduleResolver","employeeId":57,"date":"2026-01-16","dayOfWeek":5}
[2026-02-06 07:43:02] DEBUG: Employee schedule lookup | {"context":"ScheduleResolver","employeeId":57,"date":"2026-01-16","hasAnySchedule":false,"foundValidSchedule":false}
[2026-02-06 07:43:02] DEBUG: Department schedule lookup | {"context":"ScheduleResolver","employeeId":57,"departmentId":5,"date":"2026-01-16","hasAnySchedule":false,"foundValidSchedule":false}
[2026-02-06 07:43:02] DEBUG: Schedule for date | {"context":"ViolationCalculator","employeeId":57,"date":"2026-01-16","isWorkDay":true,"workStart":"09:00","workEnd":"18:00"}
[2026-02-06 07:43:02] DEBUG: Both times present - calculated late/early | {"context":"ViolationCalculator","employeeId":57,"date":"2026-01-16","checkIn":"09:00","checkOut":"18:00","lateMinutes":0,"earlyMinutes":0}
[2026-02-06 07:43:02] DEBUG: Resolving schedule | {"context":"ScheduleResolver","employeeId":57,"date":"2026-01-17","dayOfWeek":6}
[2026-02-06 07:43:02] DEBUG: Employee schedule lookup | {"context":"ScheduleResolver","employeeId":57,"date":"2026-01-17","hasAnySchedule":false,"foundValidSchedule":false}
[2026-02-06 07:43:02] DEBUG: Department schedule lookup | {"context":"ScheduleResolver","employeeId":57,"departmentId":5,"date":"2026-01-17","hasAnySchedule":false,"foundValidSchedule":false}
[2026-02-06 07:43:02] DEBUG: Schedule for date | {"context":"ViolationCalculator","employeeId":57,"date":"2026-01-17","isWorkDay":false,"workStart":"09:00","workEnd":"18:00"}
[2026-02-06 07:43:02] DEBUG: Skipping non-work day | {"context":"ViolationCalculator","employeeId":57,"date":"2026-01-17"}
[2026-02-06 07:43:02] DEBUG: Resolving schedule | {"context":"ScheduleResolver","employeeId":57,"date":"2026-01-18","dayOfWeek":7}
[2026-02-06 07:43:02] DEBUG: Employee schedule lookup | {"context":"ScheduleResolver","employeeId":57,"date":"2026-01-18","hasAnySchedule":false,"foundValidSchedule":false}
[2026-02-06 07:43:02] DEBUG: Department schedule lookup | {"context":"ScheduleResolver","employeeId":57,"departmentId":5,"date":"2026-01-18","hasAnySchedule":false,"foundValidSchedule":false}
[2026-02-06 07:43:02] DEBUG: Schedule for date | {"context":"ViolationCalculator","employeeId":57,"date":"2026-01-18","isWorkDay":false,"workStart":"09:00","workEnd":"18:00"}
[2026-02-06 07:43:02] DEBUG: Skipping non-work day | {"context":"ViolationCalculator","employeeId":57,"date":"2026-01-18"}
[2026-02-06 07:43:02] DEBUG: Resolving schedule | {"context":"ScheduleResolver","employeeId":57,"date":"2026-01-19","dayOfWeek":1}
[2026-02-06 07:43:02] DEBUG: Employee schedule lookup | {"context":"ScheduleResolver","employeeId":57,"date":"2026-01-19","hasAnySchedule":false,"foundValidSchedule":false}
[2026-02-06 07:43:02] DEBUG: Department schedule lookup | {"context":"ScheduleResolver","employeeId":57,"departmentId":5,"date":"2026-01-19","hasAnySchedule":false,"foundValidSchedule":false}
[2026-02-06 07:43:02] DEBUG: Schedule for date | {"context":"ViolationCalculator","employeeId":57,"date":"2026-01-19","isWorkDay":true,"workStart":"09:00","workEnd":"18:00"}
[2026-02-06 07:43:02] DEBUG: Both times present - calculated late/early | {"context":"ViolationCalculator","employeeId":57,"date":"2026-01-19","checkIn":"09:00","checkOut":"18:00","lateMinutes":0,"earlyMinutes":0}
[2026-02-06 07:43:02] DEBUG: Resolving schedule | {"context":"ScheduleResolver","employeeId":57,"date":"2026-01-20","dayOfWeek":2}
[2026-02-06 07:43:02] DEBUG: Employee schedule lookup | {"context":"ScheduleResolver","employeeId":57,"date":"2026-01-20","hasAnySchedule":false,"foundValidSchedule":false}
[2026-02-06 07:43:02] DEBUG: Department schedule lookup | {"context":"ScheduleResolver","employeeId":57,"departmentId":5,"date":"2026-01-20","hasAnySchedule":false,"foundValidSchedule":false}
[2026-02-06 07:43:02] DEBUG: Schedule for date | {"context":"ViolationCalculator","employeeId":57,"date":"2026-01-20","isWorkDay":true,"workStart":"09:00","workEnd":"18:00"}
[2026-02-06 07:43:02] DEBUG: Both times present - calculated late/early | {"context":"ViolationCalculator","employeeId":57,"date":"2026-01-20","checkIn":"09:00","checkOut":"18:00","lateMinutes":0,"earlyMinutes":0}
[2026-02-06 07:43:02] DEBUG: Resolving schedule | {"context":"ScheduleResolver","employeeId":57,"date":"2026-01-21","dayOfWeek":3}
[2026-02-06 07:43:02] DEBUG: Employee schedule lookup | {"context":"ScheduleResolver","employeeId":57,"date":"2026-01-21","hasAnySchedule":false,"foundValidSchedule":false}
[2026-02-06 07:43:02] DEBUG: Department schedule lookup | {"context":"ScheduleResolver","employeeId":57,"departmentId":5,"date":"2026-01-21","hasAnySchedule":false,"foundValidSchedule":false}
[2026-02-06 07:43:02] DEBUG: Schedule for date | {"context":"ViolationCalculator","employeeId":57,"date":"2026-01-21","isWorkDay":true,"workStart":"09:00","workEnd":"18:00"}
[2026-02-06 07:43:02] DEBUG: Missing time(s) - counted as absent | {"context":"ViolationCalculator","employeeId":57,"date":"2026-01-21","checkIn":null,"checkOut":"18:00","absentMinutes":540}
[2026-02-06 07:43:02] DEBUG: Resolving schedule | {"context":"ScheduleResolver","employeeId":57,"date":"2026-01-22","dayOfWeek":4}
[2026-02-06 07:43:02] DEBUG: Employee schedule lookup | {"context":"ScheduleResolver","employeeId":57,"date":"2026-01-22","hasAnySchedule":false,"foundValidSchedule":false}
[2026-02-06 07:43:02] DEBUG: Department schedule lookup | {"context":"ScheduleResolver","employeeId":57,"departmentId":5,"date":"2026-01-22","hasAnySchedule":false,"foundValidSchedule":false}
[2026-02-06 07:43:02] DEBUG: Schedule for date | {"context":"ViolationCalculator","employeeId":57,"date":"2026-01-22","isWorkDay":true,"workStart":"09:00","workEnd":"18:00"}
[2026-02-06 07:43:02] DEBUG: Missing time(s) - counted as absent | {"context":"ViolationCalculator","employeeId":57,"date":"2026-01-22","checkIn":"09:06","checkOut":null,"absentMinutes":540}
[2026-02-06 07:43:02] DEBUG: Resolving schedule | {"context":"ScheduleResolver","employeeId":57,"date":"2026-01-23","dayOfWeek":5}
[2026-02-06 07:43:02] DEBUG: Employee schedule lookup | {"context":"ScheduleResolver","employeeId":57,"date":"2026-01-23","hasAnySchedule":false,"foundValidSchedule":false}
[2026-02-06 07:43:02] DEBUG: Department schedule lookup | {"context":"ScheduleResolver","employeeId":57,"departmentId":5,"date":"2026-01-23","hasAnySchedule":false,"foundValidSchedule":false}
[2026-02-06 07:43:02] DEBUG: Schedule for date | {"context":"ViolationCalculator","employeeId":57,"date":"2026-01-23","isWorkDay":true,"workStart":"09:00","workEnd":"18:00"}
[2026-02-06 07:43:02] DEBUG: Both times present - calculated late/early | {"context":"ViolationCalculator","employeeId":57,"date":"2026-01-23","checkIn":"10:44","checkOut":"18:00","lateMinutes":99,"earlyMinutes":0}
[2026-02-06 07:43:02] DEBUG: Resolving schedule | {"context":"ScheduleResolver","employeeId":57,"date":"2026-01-24","dayOfWeek":6}
[2026-02-06 07:43:02] DEBUG: Employee schedule lookup | {"context":"ScheduleResolver","employeeId":57,"date":"2026-01-24","hasAnySchedule":false,"foundValidSchedule":false}
[2026-02-06 07:43:02] DEBUG: Department schedule lookup | {"context":"ScheduleResolver","employeeId":57,"departmentId":5,"date":"2026-01-24","hasAnySchedule":false,"foundValidSchedule":false}
[2026-02-06 07:43:02] DEBUG: Schedule for date | {"context":"ViolationCalculator","employeeId":57,"date":"2026-01-24","isWorkDay":false,"workStart":"09:00","workEnd":"18:00"}
[2026-02-06 07:43:02] DEBUG: Skipping non-work day | {"context":"ViolationCalculator","employeeId":57,"date":"2026-01-24"}
[2026-02-06 07:43:02] DEBUG: Resolving schedule | {"context":"ScheduleResolver","employeeId":57,"date":"2026-01-25","dayOfWeek":7}
[2026-02-06 07:43:02] DEBUG: Employee schedule lookup | {"context":"ScheduleResolver","employeeId":57,"date":"2026-01-25","hasAnySchedule":false,"foundValidSchedule":false}
[2026-02-06 07:43:02] DEBUG: Department schedule lookup | {"context":"ScheduleResolver","employeeId":57,"departmentId":5,"date":"2026-01-25","hasAnySchedule":false,"foundValidSchedule":false}
[2026-02-06 07:43:02] DEBUG: Schedule for date | {"context":"ViolationCalculator","employeeId":57,"date":"2026-01-25","isWorkDay":false,"workStart":"09:00","workEnd":"18:00"}
[2026-02-06 07:43:02] DEBUG: Skipping non-work day | {"context":"ViolationCalculator","employeeId":57,"date":"2026-01-25"}
[2026-02-06 07:43:02] DEBUG: Resolving schedule | {"context":"ScheduleResolver","employeeId":57,"date":"2026-01-26","dayOfWeek":1}
[2026-02-06 07:43:02] DEBUG: Employee schedule lookup | {"context":"ScheduleResolver","employeeId":57,"date":"2026-01-26","hasAnySchedule":false,"foundValidSchedule":false}
[2026-02-06 07:43:02] DEBUG: Department schedule lookup | {"context":"ScheduleResolver","employeeId":57,"departmentId":5,"date":"2026-01-26","hasAnySchedule":false,"foundValidSchedule":false}
[2026-02-06 07:43:02] DEBUG: Schedule for date | {"context":"ViolationCalculator","employeeId":57,"date":"2026-01-26","isWorkDay":true,"workStart":"09:00","workEnd":"18:00"}
[2026-02-06 07:43:02] DEBUG: Both times present - calculated late/early | {"context":"ViolationCalculator","employeeId":57,"date":"2026-01-26","checkIn":"09:07","checkOut":"18:00","lateMinutes":2,"earlyMinutes":0}
[2026-02-06 07:43:02] DEBUG: Resolving schedule | {"context":"ScheduleResolver","employeeId":57,"date":"2026-01-27","dayOfWeek":2}
[2026-02-06 07:43:02] DEBUG: Employee schedule lookup | {"context":"ScheduleResolver","employeeId":57,"date":"2026-01-27","hasAnySchedule":false,"foundValidSchedule":false}
[2026-02-06 07:43:02] DEBUG: Department schedule lookup | {"context":"ScheduleResolver","employeeId":57,"departmentId":5,"date":"2026-01-27","hasAnySchedule":false,"foundValidSchedule":false}
[2026-02-06 07:43:02] DEBUG: Schedule for date | {"context":"ViolationCalculator","employeeId":57,"date":"2026-01-27","isWorkDay":true,"workStart":"09:00","workEnd":"18:00"}
[2026-02-06 07:43:02] DEBUG: Both times present - calculated late/early | {"context":"ViolationCalculator","employeeId":57,"date":"2026-01-27","checkIn":"10:02","checkOut":"18:00","lateMinutes":57,"earlyMinutes":0}
[2026-02-06 07:43:02] DEBUG: Resolving schedule | {"context":"ScheduleResolver","employeeId":57,"date":"2026-01-28","dayOfWeek":3}
[2026-02-06 07:43:02] DEBUG: Employee schedule lookup | {"context":"ScheduleResolver","employeeId":57,"date":"2026-01-28","hasAnySchedule":false,"foundValidSchedule":false}
[2026-02-06 07:43:02] DEBUG: Department schedule lookup | {"context":"ScheduleResolver","employeeId":57,"departmentId":5,"date":"2026-01-28","hasAnySchedule":false,"foundValidSchedule":false}
[2026-02-06 07:43:02] DEBUG: Schedule for date | {"context":"ViolationCalculator","employeeId":57,"date":"2026-01-28","isWorkDay":true,"workStart":"09:00","workEnd":"18:00"}
[2026-02-06 07:43:02] DEBUG: Missing time(s) - counted as absent | {"context":"ViolationCalculator","employeeId":57,"date":"2026-01-28","checkIn":null,"checkOut":null,"absentMinutes":540}
[2026-02-06 07:43:02] DEBUG: Resolving schedule | {"context":"ScheduleResolver","employeeId":57,"date":"2026-01-29","dayOfWeek":4}
[2026-02-06 07:43:02] DEBUG: Employee schedule lookup | {"context":"ScheduleResolver","employeeId":57,"date":"2026-01-29","hasAnySchedule":false,"foundValidSchedule":false}
[2026-02-06 07:43:02] DEBUG: Department schedule lookup | {"context":"ScheduleResolver","employeeId":57,"departmentId":5,"date":"2026-01-29","hasAnySchedule":false,"foundValidSchedule":false}
[2026-02-06 07:43:02] DEBUG: Schedule for date | {"context":"ViolationCalculator","employeeId":57,"date":"2026-01-29","isWorkDay":true,"workStart":"09:00","workEnd":"18:00"}
[2026-02-06 07:43:02] DEBUG: Both times present - calculated late/early | {"context":"ViolationCalculator","employeeId":57,"date":"2026-01-29","checkIn":"09:09","checkOut":"18:00","lateMinutes":4,"earlyMinutes":0}
[2026-02-06 07:43:02] DEBUG: Resolving schedule | {"context":"ScheduleResolver","employeeId":57,"date":"2026-01-30","dayOfWeek":5}
[2026-02-06 07:43:02] DEBUG: Employee schedule lookup | {"context":"ScheduleResolver","employeeId":57,"date":"2026-01-30","hasAnySchedule":false,"foundValidSchedule":false}
[2026-02-06 07:43:02] DEBUG: Department schedule lookup | {"context":"ScheduleResolver","employeeId":57,"departmentId":5,"date":"2026-01-30","hasAnySchedule":false,"foundValidSchedule":false}
[2026-02-06 07:43:02] DEBUG: Schedule for date | {"context":"ViolationCalculator","employeeId":57,"date":"2026-01-30","isWorkDay":true,"workStart":"09:00","workEnd":"18:00"}
[2026-02-06 07:43:02] DEBUG: Both times present - calculated late/early | {"context":"ViolationCalculator","employeeId":57,"date":"2026-01-30","checkIn":"09:01","checkOut":"18:00","lateMinutes":0,"earlyMinutes":0}
[2026-02-06 07:43:02] DEBUG: Resolving schedule | {"context":"ScheduleResolver","employeeId":57,"date":"2026-01-31","dayOfWeek":6}
[2026-02-06 07:43:02] DEBUG: Employee schedule lookup | {"context":"ScheduleResolver","employeeId":57,"date":"2026-01-31","hasAnySchedule":false,"foundValidSchedule":false}
[2026-02-06 07:43:02] DEBUG: Department schedule lookup | {"context":"ScheduleResolver","employeeId":57,"departmentId":5,"date":"2026-01-31","hasAnySchedule":false,"foundValidSchedule":false}
[2026-02-06 07:43:02] DEBUG: Schedule for date | {"context":"ViolationCalculator","employeeId":57,"date":"2026-01-31","isWorkDay":false,"workStart":"09:00","workEnd":"18:00"}
[2026-02-06 07:43:02] DEBUG: Skipping non-work day | {"context":"ViolationCalculator","employeeId":57,"date":"2026-01-31"}
[2026-02-06 07:43:02] DEBUG: Resolving schedule | {"context":"ScheduleResolver","employeeId":58,"date":"2026-01-10","dayOfWeek":6}
[2026-02-06 07:43:02] DEBUG: Employee schedule lookup | {"context":"ScheduleResolver","employeeId":58,"date":"2026-01-10","hasAnySchedule":false,"foundValidSchedule":false}
[2026-02-06 07:43:02] DEBUG: Department schedule lookup | {"context":"ScheduleResolver","employeeId":58,"departmentId":8,"date":"2026-01-10","hasAnySchedule":false,"foundValidSchedule":false}
[2026-02-06 07:43:02] DEBUG: Schedule for date | {"context":"ViolationCalculator","employeeId":58,"date":"2026-01-10","isWorkDay":false,"workStart":"09:00","workEnd":"18:00"}
[2026-02-06 07:43:02] DEBUG: Skipping non-work day | {"context":"ViolationCalculator","employeeId":58,"date":"2026-01-10"}
[2026-02-06 07:43:02] DEBUG: Resolving schedule | {"context":"ScheduleResolver","employeeId":58,"date":"2026-01-11","dayOfWeek":7}
[2026-02-06 07:43:02] DEBUG: Employee schedule lookup | {"context":"ScheduleResolver","employeeId":58,"date":"2026-01-11","hasAnySchedule":false,"foundValidSchedule":false}
[2026-02-06 07:43:02] DEBUG: Department schedule lookup | {"context":"ScheduleResolver","employeeId":58,"departmentId":8,"date":"2026-01-11","hasAnySchedule":false,"foundValidSchedule":false}
[2026-02-06 07:43:02] DEBUG: Schedule for date | {"context":"ViolationCalculator","employeeId":58,"date":"2026-01-11","isWorkDay":false,"workStart":"09:00","workEnd":"18:00"}
[2026-02-06 07:43:02] DEBUG: Skipping non-work day | {"context":"ViolationCalculator","employeeId":58,"date":"2026-01-11"}
[2026-02-06 07:43:02] DEBUG: Resolving schedule | {"context":"ScheduleResolver","employeeId":58,"date":"2026-01-12","dayOfWeek":1}
[2026-02-06 07:43:02] DEBUG: Employee schedule lookup | {"context":"ScheduleResolver","employeeId":58,"date":"2026-01-12","hasAnySchedule":false,"foundValidSchedule":false}
[2026-02-06 07:43:02] DEBUG: Department schedule lookup | {"context":"ScheduleResolver","employeeId":58,"departmentId":8,"date":"2026-01-12","hasAnySchedule":false,"foundValidSchedule":false}
[2026-02-06 07:43:02] DEBUG: Schedule for date | {"context":"ViolationCalculator","employeeId":58,"date":"2026-01-12","isWorkDay":true,"workStart":"09:00","workEnd":"18:00"}
[2026-02-06 07:43:02] DEBUG: Both times present - calculated late/early | {"context":"ViolationCalculator","employeeId":58,"date":"2026-01-12","checkIn":"09:05","checkOut":"18:00","lateMinutes":0,"earlyMinutes":0}
[2026-02-06 07:43:02] DEBUG: Resolving schedule | {"context":"ScheduleResolver","employeeId":58,"date":"2026-01-13","dayOfWeek":2}
[2026-02-06 07:43:02] DEBUG: Employee schedule lookup | {"context":"ScheduleResolver","employeeId":58,"date":"2026-01-13","hasAnySchedule":false,"foundValidSchedule":false}
[2026-02-06 07:43:02] DEBUG: Department schedule lookup | {"context":"ScheduleResolver","employeeId":58,"departmentId":8,"date":"2026-01-13","hasAnySchedule":false,"foundValidSchedule":false}
[2026-02-06 07:43:02] DEBUG: Schedule for date | {"context":"ViolationCalculator","employeeId":58,"date":"2026-01-13","isWorkDay":true,"workStart":"09:00","workEnd":"18:00"}
[2026-02-06 07:43:02] DEBUG: Both times present - calculated late/early | {"context":"ViolationCalculator","employeeId":58,"date":"2026-01-13","checkIn":"09:02","checkOut":"18:00","lateMinutes":0,"earlyMinutes":0}
[2026-02-06 07:43:02] DEBUG: Resolving schedule | {"context":"ScheduleResolver","employeeId":58,"date":"2026-01-14","dayOfWeek":3}
[2026-02-06 07:43:02] DEBUG: Employee schedule lookup | {"context":"ScheduleResolver","employeeId":58,"date":"2026-01-14","hasAnySchedule":false,"foundValidSchedule":false}
[2026-02-06 07:43:02] DEBUG: Department schedule lookup | {"context":"ScheduleResolver","employeeId":58,"departmentId":8,"date":"2026-01-14","hasAnySchedule":false,"foundValidSchedule":false}
[2026-02-06 07:43:02] DEBUG: Schedule for date | {"context":"ViolationCalculator","employeeId":58,"date":"2026-01-14","isWorkDay":true,"workStart":"09:00","workEnd":"18:00"}
[2026-02-06 07:43:02] DEBUG: Both times present - calculated late/early | {"context":"ViolationCalculator","employeeId":58,"date":"2026-01-14","checkIn":"09:00","checkOut":"18:00","lateMinutes":0,"earlyMinutes":0}
[2026-02-06 07:43:02] DEBUG: Resolving schedule | {"context":"ScheduleResolver","employeeId":58,"date":"2026-01-15","dayOfWeek":4}
[2026-02-06 07:43:02] DEBUG: Employee schedule lookup | {"context":"ScheduleResolver","employeeId":58,"date":"2026-01-15","hasAnySchedule":false,"foundValidSchedule":false}
[2026-02-06 07:43:02] DEBUG: Department schedule lookup | {"context":"ScheduleResolver","employeeId":58,"departmentId":8,"date":"2026-01-15","hasAnySchedule":false,"foundValidSchedule":false}
[2026-02-06 07:43:02] DEBUG: Schedule for date | {"context":"ViolationCalculator","employeeId":58,"date":"2026-01-15","isWorkDay":true,"workStart":"09:00","workEnd":"18:00"}
[2026-02-06 07:43:02] DEBUG: Both times present - calculated late/early | {"context":"ViolationCalculator","employeeId":58,"date":"2026-01-15","checkIn":"09:08","checkOut":"18:00","lateMinutes":3,"earlyMinutes":0}
[2026-02-06 07:43:02] DEBUG: Resolving schedule | {"context":"ScheduleResolver","employeeId":58,"date":"2026-01-16","dayOfWeek":5}
[2026-02-06 07:43:02] DEBUG: Employee schedule lookup | {"context":"ScheduleResolver","employeeId":58,"date":"2026-01-16","hasAnySchedule":false,"foundValidSchedule":false}
[2026-02-06 07:43:02] DEBUG: Department schedule lookup | {"context":"ScheduleResolver","employeeId":58,"departmentId":8,"date":"2026-01-16","hasAnySchedule":false,"foundValidSchedule":false}
[2026-02-06 07:43:02] DEBUG: Schedule for date | {"context":"ViolationCalculator","employeeId":58,"date":"2026-01-16","isWorkDay":true,"workStart":"09:00","workEnd":"18:00"}
[2026-02-06 07:43:02] DEBUG: Both times present - calculated late/early | {"context":"ViolationCalculator","employeeId":58,"date":"2026-01-16","checkIn":"09:00","checkOut":"18:00","lateMinutes":0,"earlyMinutes":0}
[2026-02-06 07:43:02] DEBUG: Resolving schedule | {"context":"ScheduleResolver","employeeId":58,"date":"2026-01-17","dayOfWeek":6}
[2026-02-06 07:43:02] DEBUG: Employee schedule lookup | {"context":"ScheduleResolver","employeeId":58,"date":"2026-01-17","hasAnySchedule":false,"foundValidSchedule":false}
[2026-02-06 07:43:02] DEBUG: Department schedule lookup | {"context":"ScheduleResolver","employeeId":58,"departmentId":8,"date":"2026-01-17","hasAnySchedule":false,"foundValidSchedule":false}
[2026-02-06 07:43:02] DEBUG: Schedule for date | {"context":"ViolationCalculator","employeeId":58,"date":"2026-01-17","isWorkDay":false,"workStart":"09:00","workEnd":"18:00"}
[2026-02-06 07:43:02] DEBUG: Skipping non-work day | {"context":"ViolationCalculator","employeeId":58,"date":"2026-01-17"}
[2026-02-06 07:43:02] DEBUG: Resolving schedule | {"context":"ScheduleResolver","employeeId":58,"date":"2026-01-18","dayOfWeek":7}
[2026-02-06 07:43:02] DEBUG: Employee schedule lookup | {"context":"ScheduleResolver","employeeId":58,"date":"2026-01-18","hasAnySchedule":false,"foundValidSchedule":false}
[2026-02-06 07:43:02] DEBUG: Department schedule lookup | {"context":"ScheduleResolver","employeeId":58,"departmentId":8,"date":"2026-01-18","hasAnySchedule":false,"foundValidSchedule":false}
[2026-02-06 07:43:02] DEBUG: Schedule for date | {"context":"ViolationCalculator","employeeId":58,"date":"2026-01-18","isWorkDay":false,"workStart":"09:00","workEnd":"18:00"}
[2026-02-06 07:43:02] DEBUG: Skipping non-work day | {"context":"ViolationCalculator","employeeId":58,"date":"2026-01-18"}
[2026-02-06 07:43:02] DEBUG: Resolving schedule | {"context":"ScheduleResolver","employeeId":58,"date":"2026-01-19","dayOfWeek":1}
[2026-02-06 07:43:02] DEBUG: Employee schedule lookup | {"context":"ScheduleResolver","employeeId":58,"date":"2026-01-19","hasAnySchedule":false,"foundValidSchedule":false}
[2026-02-06 07:43:02] DEBUG: Department schedule lookup | {"context":"ScheduleResolver","employeeId":58,"departmentId":8,"date":"2026-01-19","hasAnySchedule":false,"foundValidSchedule":false}
[2026-02-06 07:43:02] DEBUG: Schedule for date | {"context":"ViolationCalculator","employeeId":58,"date":"2026-01-19","isWorkDay":true,"workStart":"09:00","workEnd":"18:00"}
[2026-02-06 07:43:02] DEBUG: Both times present - calculated late/early | {"context":"ViolationCalculator","employeeId":58,"date":"2026-01-19","checkIn":"09:00","checkOut":"18:00","lateMinutes":0,"earlyMinutes":0}
[2026-02-06 07:43:02] DEBUG: Resolving schedule | {"context":"ScheduleResolver","employeeId":58,"date":"2026-01-20","dayOfWeek":2}
[2026-02-06 07:43:02] DEBUG: Employee schedule lookup | {"context":"ScheduleResolver","employeeId":58,"date":"2026-01-20","hasAnySchedule":false,"foundValidSchedule":false}
[2026-02-06 07:43:02] DEBUG: Department schedule lookup | {"context":"ScheduleResolver","employeeId":58,"departmentId":8,"date":"2026-01-20","hasAnySchedule":false,"foundValidSchedule":false}
[2026-02-06 07:43:02] DEBUG: Schedule for date | {"context":"ViolationCalculator","employeeId":58,"date":"2026-01-20","isWorkDay":true,"workStart":"09:00","workEnd":"18:00"}
[2026-02-06 07:43:02] DEBUG: Both times present - calculated late/early | {"context":"ViolationCalculator","employeeId":58,"date":"2026-01-20","checkIn":"09:00","checkOut":"18:00","lateMinutes":0,"earlyMinutes":0}
[2026-02-06 07:43:02] DEBUG: Resolving schedule | {"context":"ScheduleResolver","employeeId":58,"date":"2026-01-21","dayOfWeek":3}
[2026-02-06 07:43:02] DEBUG: Employee schedule lookup | {"context":"ScheduleResolver","employeeId":58,"date":"2026-01-21","hasAnySchedule":false,"foundValidSchedule":false}
[2026-02-06 07:43:02] DEBUG: Department schedule lookup | {"context":"ScheduleResolver","employeeId":58,"departmentId":8,"date":"2026-01-21","hasAnySchedule":false,"foundValidSchedule":false}
[2026-02-06 07:43:02] DEBUG: Schedule for date | {"context":"ViolationCalculator","employeeId":58,"date":"2026-01-21","isWorkDay":true,"workStart":"09:00","workEnd":"18:00"}
[2026-02-06 07:43:02] DEBUG: Missing time(s) - counted as absent | {"context":"ViolationCalculator","employeeId":58,"date":"2026-01-21","checkIn":"09:00","checkOut":null,"absentMinutes":540}
[2026-02-06 07:43:02] DEBUG: Resolving schedule | {"context":"ScheduleResolver","employeeId":58,"date":"2026-01-22","dayOfWeek":4}
[2026-02-06 07:43:02] DEBUG: Employee schedule lookup | {"context":"ScheduleResolver","employeeId":58,"date":"2026-01-22","hasAnySchedule":false,"foundValidSchedule":false}
[2026-02-06 07:43:02] DEBUG: Department schedule lookup | {"context":"ScheduleResolver","employeeId":58,"departmentId":8,"date":"2026-01-22","hasAnySchedule":false,"foundValidSchedule":false}
[2026-02-06 07:43:02] DEBUG: Schedule for date | {"context":"ViolationCalculator","employeeId":58,"date":"2026-01-22","isWorkDay":true,"workStart":"09:00","workEnd":"18:00"}
[2026-02-06 07:43:02] DEBUG: Both times present - calculated late/early | {"context":"ViolationCalculator","employeeId":58,"date":"2026-01-22","checkIn":"09:10","checkOut":"16:58","lateMinutes":5,"earlyMinutes":62}
[2026-02-06 07:43:02] DEBUG: Resolving schedule | {"context":"ScheduleResolver","employeeId":58,"date":"2026-01-23","dayOfWeek":5}
[2026-02-06 07:43:02] DEBUG: Employee schedule lookup | {"context":"ScheduleResolver","employeeId":58,"date":"2026-01-23","hasAnySchedule":false,"foundValidSchedule":false}
[2026-02-06 07:43:02] DEBUG: Department schedule lookup | {"context":"ScheduleResolver","employeeId":58,"departmentId":8,"date":"2026-01-23","hasAnySchedule":false,"foundValidSchedule":false}
[2026-02-06 07:43:02] DEBUG: Schedule for date | {"context":"ViolationCalculator","employeeId":58,"date":"2026-01-23","isWorkDay":true,"workStart":"09:00","workEnd":"18:00"}
[2026-02-06 07:43:02] DEBUG: Both times present - calculated late/early | {"context":"ViolationCalculator","employeeId":58,"date":"2026-01-23","checkIn":"09:00","checkOut":"18:00","lateMinutes":0,"earlyMinutes":0}
[2026-02-06 07:43:02] DEBUG: Resolving schedule | {"context":"ScheduleResolver","employeeId":58,"date":"2026-01-24","dayOfWeek":6}
[2026-02-06 07:43:02] DEBUG: Employee schedule lookup | {"context":"ScheduleResolver","employeeId":58,"date":"2026-01-24","hasAnySchedule":false,"foundValidSchedule":false}
[2026-02-06 07:43:02] DEBUG: Department schedule lookup | {"context":"ScheduleResolver","employeeId":58,"departmentId":8,"date":"2026-01-24","hasAnySchedule":false,"foundValidSchedule":false}
[2026-02-06 07:43:02] DEBUG: Schedule for date | {"context":"ViolationCalculator","employeeId":58,"date":"2026-01-24","isWorkDay":false,"workStart":"09:00","workEnd":"18:00"}
[2026-02-06 07:43:02] DEBUG: Skipping non-work day | {"context":"ViolationCalculator","employeeId":58,"date":"2026-01-24"}
[2026-02-06 07:43:02] DEBUG: Resolving schedule | {"context":"ScheduleResolver","employeeId":58,"date":"2026-01-25","dayOfWeek":7}
[2026-02-06 07:43:02] DEBUG: Employee schedule lookup | {"context":"ScheduleResolver","employeeId":58,"date":"2026-01-25","hasAnySchedule":false,"foundValidSchedule":false}
[2026-02-06 07:43:02] DEBUG: Department schedule lookup | {"context":"ScheduleResolver","employeeId":58,"departmentId":8,"date":"2026-01-25","hasAnySchedule":false,"foundValidSchedule":false}
[2026-02-06 07:43:02] DEBUG: Schedule for date | {"context":"ViolationCalculator","employeeId":58,"date":"2026-01-25","isWorkDay":false,"workStart":"09:00","workEnd":"18:00"}
[2026-02-06 07:43:02] DEBUG: Skipping non-work day | {"context":"ViolationCalculator","employeeId":58,"date":"2026-01-25"}
[2026-02-06 07:43:02] DEBUG: Resolving schedule | {"context":"ScheduleResolver","employeeId":58,"date":"2026-01-26","dayOfWeek":1}
[2026-02-06 07:43:02] DEBUG: Employee schedule lookup | {"context":"ScheduleResolver","employeeId":58,"date":"2026-01-26","hasAnySchedule":false,"foundValidSchedule":false}
[2026-02-06 07:43:02] DEBUG: Department schedule lookup | {"context":"ScheduleResolver","employeeId":58,"departmentId":8,"date":"2026-01-26","hasAnySchedule":false,"foundValidSchedule":false}
[2026-02-06 07:43:02] DEBUG: Schedule for date | {"context":"ViolationCalculator","employeeId":58,"date":"2026-01-26","isWorkDay":true,"workStart":"09:00","workEnd":"18:00"}
[2026-02-06 07:43:02] DEBUG: Both times present - calculated late/early | {"context":"ViolationCalculator","employeeId":58,"date":"2026-01-26","checkIn":"09:00","checkOut":"18:00","lateMinutes":0,"earlyMinutes":0}
[2026-02-06 07:43:02] DEBUG: Resolving schedule | {"context":"ScheduleResolver","employeeId":58,"date":"2026-01-27","dayOfWeek":2}
[2026-02-06 07:43:02] DEBUG: Employee schedule lookup | {"context":"ScheduleResolver","employeeId":58,"date":"2026-01-27","hasAnySchedule":false,"foundValidSchedule":false}
[2026-02-06 07:43:02] DEBUG: Department schedule lookup | {"context":"ScheduleResolver","employeeId":58,"departmentId":8,"date":"2026-01-27","hasAnySchedule":false,"foundValidSchedule":false}
[2026-02-06 07:43:02] DEBUG: Schedule for date | {"context":"ViolationCalculator","employeeId":58,"date":"2026-01-27","isWorkDay":true,"workStart":"09:00","workEnd":"18:00"}
[2026-02-06 07:43:02] DEBUG: Both times present - calculated late/early | {"context":"ViolationCalculator","employeeId":58,"date":"2026-01-27","checkIn":"09:05","checkOut":"18:00","lateMinutes":0,"earlyMinutes":0}
[2026-02-06 07:43:02] DEBUG: Resolving schedule | {"context":"ScheduleResolver","employeeId":58,"date":"2026-01-28","dayOfWeek":3}
[2026-02-06 07:43:02] DEBUG: Employee schedule lookup | {"context":"ScheduleResolver","employeeId":58,"date":"2026-01-28","hasAnySchedule":false,"foundValidSchedule":false}
[2026-02-06 07:43:02] DEBUG: Department schedule lookup | {"context":"ScheduleResolver","employeeId":58,"departmentId":8,"date":"2026-01-28","hasAnySchedule":false,"foundValidSchedule":false}
[2026-02-06 07:43:02] DEBUG: Schedule for date | {"context":"ViolationCalculator","employeeId":58,"date":"2026-01-28","isWorkDay":true,"workStart":"09:00","workEnd":"18:00"}
[2026-02-06 07:43:02] DEBUG: Both times present - calculated late/early | {"context":"ViolationCalculator","employeeId":58,"date":"2026-01-28","checkIn":"09:02","checkOut":"17:03","lateMinutes":0,"earlyMinutes":57}
[2026-02-06 07:43:02] DEBUG: Resolving schedule | {"context":"ScheduleResolver","employeeId":58,"date":"2026-01-29","dayOfWeek":4}
[2026-02-06 07:43:02] DEBUG: Employee schedule lookup | {"context":"ScheduleResolver","employeeId":58,"date":"2026-01-29","hasAnySchedule":false,"foundValidSchedule":false}
[2026-02-06 07:43:02] DEBUG: Department schedule lookup | {"context":"ScheduleResolver","employeeId":58,"departmentId":8,"date":"2026-01-29","hasAnySchedule":false,"foundValidSchedule":false}
[2026-02-06 07:43:02] DEBUG: Schedule for date | {"context":"ViolationCalculator","employeeId":58,"date":"2026-01-29","isWorkDay":true,"workStart":"09:00","workEnd":"18:00"}
[2026-02-06 07:43:02] DEBUG: Both times present - calculated late/early | {"context":"ViolationCalculator","employeeId":58,"date":"2026-01-29","checkIn":"09:06","checkOut":"18:00","lateMinutes":1,"earlyMinutes":0}
[2026-02-06 07:43:02] DEBUG: Resolving schedule | {"context":"ScheduleResolver","employeeId":58,"date":"2026-01-30","dayOfWeek":5}
[2026-02-06 07:43:02] DEBUG: Employee schedule lookup | {"context":"ScheduleResolver","employeeId":58,"date":"2026-01-30","hasAnySchedule":false,"foundValidSchedule":false}
[2026-02-06 07:43:02] DEBUG: Department schedule lookup | {"context":"ScheduleResolver","employeeId":58,"departmentId":8,"date":"2026-01-30","hasAnySchedule":false,"foundValidSchedule":false}
[2026-02-06 07:43:02] DEBUG: Schedule for date | {"context":"ViolationCalculator","employeeId":58,"date":"2026-01-30","isWorkDay":true,"workStart":"09:00","workEnd":"18:00"}
[2026-02-06 07:43:02] DEBUG: Both times present - calculated late/early | {"context":"ViolationCalculator","employeeId":58,"date":"2026-01-30","checkIn":"09:00","checkOut":"18:00","lateMinutes":0,"earlyMinutes":0}
[2026-02-06 07:43:02] DEBUG: Resolving schedule | {"context":"ScheduleResolver","employeeId":58,"date":"2026-01-31","dayOfWeek":6}
[2026-02-06 07:43:02] DEBUG: Employee schedule lookup | {"context":"ScheduleResolver","employeeId":58,"date":"2026-01-31","hasAnySchedule":false,"foundValidSchedule":false}
[2026-02-06 07:43:02] DEBUG: Department schedule lookup | {"context":"ScheduleResolver","employeeId":58,"departmentId":8,"date":"2026-01-31","hasAnySchedule":false,"foundValidSchedule":false}
[2026-02-06 07:43:02] DEBUG: Schedule for date | {"context":"ViolationCalculator","employeeId":58,"date":"2026-01-31","isWorkDay":false,"workStart":"09:00","workEnd":"18:00"}
[2026-02-06 07:43:02] DEBUG: Skipping non-work day | {"context":"ViolationCalculator","employeeId":58,"date":"2026-01-31"}
[2026-02-06 07:43:02] DEBUG: Resolving schedule | {"context":"ScheduleResolver","employeeId":59,"date":"2026-01-10","dayOfWeek":6}
[2026-02-06 07:43:02] DEBUG: Employee schedule lookup | {"context":"ScheduleResolver","employeeId":59,"date":"2026-01-10","hasAnySchedule":false,"foundValidSchedule":false}
[2026-02-06 07:43:02] DEBUG: Department schedule lookup | {"context":"ScheduleResolver","employeeId":59,"departmentId":5,"date":"2026-01-10","hasAnySchedule":false,"foundValidSchedule":false}
[2026-02-06 07:43:02] DEBUG: Schedule for date | {"context":"ViolationCalculator","employeeId":59,"date":"2026-01-10","isWorkDay":false,"workStart":"09:00","workEnd":"18:00"}
[2026-02-06 07:43:02] DEBUG: Skipping non-work day | {"context":"ViolationCalculator","employeeId":59,"date":"2026-01-10"}
[2026-02-06 07:43:02] DEBUG: Resolving schedule | {"context":"ScheduleResolver","employeeId":59,"date":"2026-01-11","dayOfWeek":7}
[2026-02-06 07:43:02] DEBUG: Employee schedule lookup | {"context":"ScheduleResolver","employeeId":59,"date":"2026-01-11","hasAnySchedule":false,"foundValidSchedule":false}
[2026-02-06 07:43:02] DEBUG: Department schedule lookup | {"context":"ScheduleResolver","employeeId":59,"departmentId":5,"date":"2026-01-11","hasAnySchedule":false,"foundValidSchedule":false}
[2026-02-06 07:43:02] DEBUG: Schedule for date | {"context":"ViolationCalculator","employeeId":59,"date":"2026-01-11","isWorkDay":false,"workStart":"09:00","workEnd":"18:00"}
[2026-02-06 07:43:02] DEBUG: Skipping non-work day | {"context":"ViolationCalculator","employeeId":59,"date":"2026-01-11"}
[2026-02-06 07:43:02] DEBUG: Resolving schedule | {"context":"ScheduleResolver","employeeId":59,"date":"2026-01-12","dayOfWeek":1}
[2026-02-06 07:43:02] DEBUG: Employee schedule lookup | {"context":"ScheduleResolver","employeeId":59,"date":"2026-01-12","hasAnySchedule":false,"foundValidSchedule":false}
[2026-02-06 07:43:02] DEBUG: Department schedule lookup | {"context":"ScheduleResolver","employeeId":59,"departmentId":5,"date":"2026-01-12","hasAnySchedule":false,"foundValidSchedule":false}
[2026-02-06 07:43:02] DEBUG: Schedule for date | {"context":"ViolationCalculator","employeeId":59,"date":"2026-01-12","isWorkDay":true,"workStart":"09:00","workEnd":"18:00"}
[2026-02-06 07:43:02] DEBUG: Both times present - calculated late/early | {"context":"ViolationCalculator","employeeId":59,"date":"2026-01-12","checkIn":"09:00","checkOut":"18:00","lateMinutes":0,"earlyMinutes":0}
[2026-02-06 07:43:02] DEBUG: Resolving schedule | {"context":"ScheduleResolver","employeeId":59,"date":"2026-01-13","dayOfWeek":2}
[2026-02-06 07:43:02] DEBUG: Employee schedule lookup | {"context":"ScheduleResolver","employeeId":59,"date":"2026-01-13","hasAnySchedule":false,"foundValidSchedule":false}
[2026-02-06 07:43:02] DEBUG: Department schedule lookup | {"context":"ScheduleResolver","employeeId":59,"departmentId":5,"date":"2026-01-13","hasAnySchedule":false,"foundValidSchedule":false}
[2026-02-06 07:43:02] DEBUG: Schedule for date | {"context":"ViolationCalculator","employeeId":59,"date":"2026-01-13","isWorkDay":true,"workStart":"09:00","workEnd":"18:00"}
[2026-02-06 07:43:02] DEBUG: Both times present - calculated late/early | {"context":"ViolationCalculator","employeeId":59,"date":"2026-01-13","checkIn":"09:00","checkOut":"18:00","lateMinutes":0,"earlyMinutes":0}
[2026-02-06 07:43:02] DEBUG: Resolving schedule | {"context":"ScheduleResolver","employeeId":59,"date":"2026-01-14","dayOfWeek":3}
[2026-02-06 07:43:02] DEBUG: Employee schedule lookup | {"context":"ScheduleResolver","employeeId":59,"date":"2026-01-14","hasAnySchedule":false,"foundValidSchedule":false}
[2026-02-06 07:43:02] DEBUG: Department schedule lookup | {"context":"ScheduleResolver","employeeId":59,"departmentId":5,"date":"2026-01-14","hasAnySchedule":false,"foundValidSchedule":false}
[2026-02-06 07:43:02] DEBUG: Schedule for date | {"context":"ViolationCalculator","employeeId":59,"date":"2026-01-14","isWorkDay":true,"workStart":"09:00","workEnd":"18:00"}
[2026-02-06 07:43:02] DEBUG: Both times present - calculated late/early | {"context":"ViolationCalculator","employeeId":59,"date":"2026-01-14","checkIn":"09:00","checkOut":"18:00","lateMinutes":0,"earlyMinutes":0}
[2026-02-06 07:43:02] DEBUG: Resolving schedule | {"context":"ScheduleResolver","employeeId":59,"date":"2026-01-15","dayOfWeek":4}
[2026-02-06 07:43:02] DEBUG: Employee schedule lookup | {"context":"ScheduleResolver","employeeId":59,"date":"2026-01-15","hasAnySchedule":false,"foundValidSchedule":false}
[2026-02-06 07:43:02] DEBUG: Department schedule lookup | {"context":"ScheduleResolver","employeeId":59,"departmentId":5,"date":"2026-01-15","hasAnySchedule":false,"foundValidSchedule":false}
[2026-02-06 07:43:02] DEBUG: Schedule for date | {"context":"ViolationCalculator","employeeId":59,"date":"2026-01-15","isWorkDay":true,"workStart":"09:00","workEnd":"18:00"}
[2026-02-06 07:43:02] DEBUG: Both times present - calculated late/early | {"context":"ViolationCalculator","employeeId":59,"date":"2026-01-15","checkIn":"09:00","checkOut":"18:00","lateMinutes":0,"earlyMinutes":0}
[2026-02-06 07:43:02] DEBUG: Resolving schedule | {"context":"ScheduleResolver","employeeId":59,"date":"2026-01-16","dayOfWeek":5}
[2026-02-06 07:43:02] DEBUG: Employee schedule lookup | {"context":"ScheduleResolver","employeeId":59,"date":"2026-01-16","hasAnySchedule":false,"foundValidSchedule":false}
[2026-02-06 07:43:02] DEBUG: Department schedule lookup | {"context":"ScheduleResolver","employeeId":59,"departmentId":5,"date":"2026-01-16","hasAnySchedule":false,"foundValidSchedule":false}
[2026-02-06 07:43:02] DEBUG: Schedule for date | {"context":"ViolationCalculator","employeeId":59,"date":"2026-01-16","isWorkDay":true,"workStart":"09:00","workEnd":"18:00"}
[2026-02-06 07:43:02] DEBUG: Both times present - calculated late/early | {"context":"ViolationCalculator","employeeId":59,"date":"2026-01-16","checkIn":"09:00","checkOut":"18:00","lateMinutes":0,"earlyMinutes":0}
[2026-02-06 07:43:02] DEBUG: Resolving schedule | {"context":"ScheduleResolver","employeeId":59,"date":"2026-01-17","dayOfWeek":6}
[2026-02-06 07:43:02] DEBUG: Employee schedule lookup | {"context":"ScheduleResolver","employeeId":59,"date":"2026-01-17","hasAnySchedule":false,"foundValidSchedule":false}
[2026-02-06 07:43:02] DEBUG: Department schedule lookup | {"context":"ScheduleResolver","employeeId":59,"departmentId":5,"date":"2026-01-17","hasAnySchedule":false,"foundValidSchedule":false}
[2026-02-06 07:43:02] DEBUG: Schedule for date | {"context":"ViolationCalculator","employeeId":59,"date":"2026-01-17","isWorkDay":false,"workStart":"09:00","workEnd":"18:00"}
[2026-02-06 07:43:02] DEBUG: Skipping non-work day | {"context":"ViolationCalculator","employeeId":59,"date":"2026-01-17"}
[2026-02-06 07:43:02] DEBUG: Resolving schedule | {"context":"ScheduleResolver","employeeId":59,"date":"2026-01-18","dayOfWeek":7}
[2026-02-06 07:43:02] DEBUG: Employee schedule lookup | {"context":"ScheduleResolver","employeeId":59,"date":"2026-01-18","hasAnySchedule":false,"foundValidSchedule":false}
[2026-02-06 07:43:02] DEBUG: Department schedule lookup | {"context":"ScheduleResolver","employeeId":59,"departmentId":5,"date":"2026-01-18","hasAnySchedule":false,"foundValidSchedule":false}
[2026-02-06 07:43:02] DEBUG: Schedule for date | {"context":"ViolationCalculator","employeeId":59,"date":"2026-01-18","isWorkDay":false,"workStart":"09:00","workEnd":"18:00"}
[2026-02-06 07:43:02] DEBUG: Skipping non-work day | {"context":"ViolationCalculator","employeeId":59,"date":"2026-01-18"}
[2026-02-06 07:43:02] DEBUG: Resolving schedule | {"context":"ScheduleResolver","employeeId":59,"date":"2026-01-19","dayOfWeek":1}
[2026-02-06 07:43:02] DEBUG: Employee schedule lookup | {"context":"ScheduleResolver","employeeId":59,"date":"2026-01-19","hasAnySchedule":false,"foundValidSchedule":false}
[2026-02-06 07:43:02] DEBUG: Department schedule lookup | {"context":"ScheduleResolver","employeeId":59,"departmentId":5,"date":"2026-01-19","hasAnySchedule":false,"foundValidSchedule":false}
[2026-02-06 07:43:02] DEBUG: Schedule for date | {"context":"ViolationCalculator","employeeId":59,"date":"2026-01-19","isWorkDay":true,"workStart":"09:00","workEnd":"18:00"}
[2026-02-06 07:43:02] DEBUG: Both times present - calculated late/early | {"context":"ViolationCalculator","employeeId":59,"date":"2026-01-19","checkIn":"09:02","checkOut":"18:00","lateMinutes":0,"earlyMinutes":0}
[2026-02-06 07:43:02] DEBUG: Resolving schedule | {"context":"ScheduleResolver","employeeId":59,"date":"2026-01-20","dayOfWeek":2}
[2026-02-06 07:43:02] DEBUG: Employee schedule lookup | {"context":"ScheduleResolver","employeeId":59,"date":"2026-01-20","hasAnySchedule":false,"foundValidSchedule":false}
[2026-02-06 07:43:02] DEBUG: Department schedule lookup | {"context":"ScheduleResolver","employeeId":59,"departmentId":5,"date":"2026-01-20","hasAnySchedule":false,"foundValidSchedule":false}
[2026-02-06 07:43:02] DEBUG: Schedule for date | {"context":"ViolationCalculator","employeeId":59,"date":"2026-01-20","isWorkDay":true,"workStart":"09:00","workEnd":"18:00"}
[2026-02-06 07:43:02] DEBUG: Both times present - calculated late/early | {"context":"ViolationCalculator","employeeId":59,"date":"2026-01-20","checkIn":"09:00","checkOut":"18:00","lateMinutes":0,"earlyMinutes":0}
[2026-02-06 07:43:02] DEBUG: Resolving schedule | {"context":"ScheduleResolver","employeeId":59,"date":"2026-01-21","dayOfWeek":3}
[2026-02-06 07:43:02] DEBUG: Employee schedule lookup | {"context":"ScheduleResolver","employeeId":59,"date":"2026-01-21","hasAnySchedule":false,"foundValidSchedule":false}
[2026-02-06 07:43:02] DEBUG: Department schedule lookup | {"context":"ScheduleResolver","employeeId":59,"departmentId":5,"date":"2026-01-21","hasAnySchedule":false,"foundValidSchedule":false}
[2026-02-06 07:43:02] DEBUG: Schedule for date | {"context":"ViolationCalculator","employeeId":59,"date":"2026-01-21","isWorkDay":true,"workStart":"09:00","workEnd":"18:00"}
[2026-02-06 07:43:02] DEBUG: Both times present - calculated late/early | {"context":"ViolationCalculator","employeeId":59,"date":"2026-01-21","checkIn":"09:00","checkOut":"18:00","lateMinutes":0,"earlyMinutes":0}
[2026-02-06 07:43:02] DEBUG: Resolving schedule | {"context":"ScheduleResolver","employeeId":59,"date":"2026-01-22","dayOfWeek":4}
[2026-02-06 07:43:02] DEBUG: Employee schedule lookup | {"context":"ScheduleResolver","employeeId":59,"date":"2026-01-22","hasAnySchedule":false,"foundValidSchedule":false}
[2026-02-06 07:43:02] DEBUG: Department schedule lookup | {"context":"ScheduleResolver","employeeId":59,"departmentId":5,"date":"2026-01-22","hasAnySchedule":false,"foundValidSchedule":false}
[2026-02-06 07:43:02] DEBUG: Schedule for date | {"context":"ViolationCalculator","employeeId":59,"date":"2026-01-22","isWorkDay":true,"workStart":"09:00","workEnd":"18:00"}
[2026-02-06 07:43:02] DEBUG: Both times present - calculated late/early | {"context":"ViolationCalculator","employeeId":59,"date":"2026-01-22","checkIn":"08:59","checkOut":"18:41","lateMinutes":0,"earlyMinutes":0}
[2026-02-06 07:43:02] DEBUG: Resolving schedule | {"context":"ScheduleResolver","employeeId":59,"date":"2026-01-23","dayOfWeek":5}
[2026-02-06 07:43:02] DEBUG: Employee schedule lookup | {"context":"ScheduleResolver","employeeId":59,"date":"2026-01-23","hasAnySchedule":false,"foundValidSchedule":false}
[2026-02-06 07:43:02] DEBUG: Department schedule lookup | {"context":"ScheduleResolver","employeeId":59,"departmentId":5,"date":"2026-01-23","hasAnySchedule":false,"foundValidSchedule":false}
[2026-02-06 07:43:02] DEBUG: Schedule for date | {"context":"ViolationCalculator","employeeId":59,"date":"2026-01-23","isWorkDay":true,"workStart":"09:00","workEnd":"18:00"}
[2026-02-06 07:43:02] DEBUG: Both times present - calculated late/early | {"context":"ViolationCalculator","employeeId":59,"date":"2026-01-23","checkIn":"09:00","checkOut":"18:00","lateMinutes":0,"earlyMinutes":0}
[2026-02-06 07:43:02] DEBUG: Resolving schedule | {"context":"ScheduleResolver","employeeId":59,"date":"2026-01-24","dayOfWeek":6}
[2026-02-06 07:43:02] DEBUG: Employee schedule lookup | {"context":"ScheduleResolver","employeeId":59,"date":"2026-01-24","hasAnySchedule":false,"foundValidSchedule":false}
[2026-02-06 07:43:02] DEBUG: Department schedule lookup | {"context":"ScheduleResolver","employeeId":59,"departmentId":5,"date":"2026-01-24","hasAnySchedule":false,"foundValidSchedule":false}
[2026-02-06 07:43:02] DEBUG: Schedule for date | {"context":"ViolationCalculator","employeeId":59,"date":"2026-01-24","isWorkDay":false,"workStart":"09:00","workEnd":"18:00"}
[2026-02-06 07:43:02] DEBUG: Skipping non-work day | {"context":"ViolationCalculator","employeeId":59,"date":"2026-01-24"}
[2026-02-06 07:43:02] DEBUG: Resolving schedule | {"context":"ScheduleResolver","employeeId":59,"date":"2026-01-25","dayOfWeek":7}
[2026-02-06 07:43:02] DEBUG: Employee schedule lookup | {"context":"ScheduleResolver","employeeId":59,"date":"2026-01-25","hasAnySchedule":false,"foundValidSchedule":false}
[2026-02-06 07:43:02] DEBUG: Department schedule lookup | {"context":"ScheduleResolver","employeeId":59,"departmentId":5,"date":"2026-01-25","hasAnySchedule":false,"foundValidSchedule":false}
[2026-02-06 07:43:02] DEBUG: Schedule for date | {"context":"ViolationCalculator","employeeId":59,"date":"2026-01-25","isWorkDay":false,"workStart":"09:00","workEnd":"18:00"}
[2026-02-06 07:43:02] DEBUG: Skipping non-work day | {"context":"ViolationCalculator","employeeId":59,"date":"2026-01-25"}
[2026-02-06 07:43:02] DEBUG: Resolving schedule | {"context":"ScheduleResolver","employeeId":59,"date":"2026-01-26","dayOfWeek":1}
[2026-02-06 07:43:02] DEBUG: Employee schedule lookup | {"context":"ScheduleResolver","employeeId":59,"date":"2026-01-26","hasAnySchedule":false,"foundValidSchedule":false}
[2026-02-06 07:43:02] DEBUG: Department schedule lookup | {"context":"ScheduleResolver","employeeId":59,"departmentId":5,"date":"2026-01-26","hasAnySchedule":false,"foundValidSchedule":false}
[2026-02-06 07:43:02] DEBUG: Schedule for date | {"context":"ViolationCalculator","employeeId":59,"date":"2026-01-26","isWorkDay":true,"workStart":"09:00","workEnd":"18:00"}
[2026-02-06 07:43:02] DEBUG: Both times present - calculated late/early | {"context":"ViolationCalculator","employeeId":59,"date":"2026-01-26","checkIn":"09:00","checkOut":"18:00","lateMinutes":0,"earlyMinutes":0}
[2026-02-06 07:43:02] DEBUG: Resolving schedule | {"context":"ScheduleResolver","employeeId":59,"date":"2026-01-27","dayOfWeek":2}
[2026-02-06 07:43:02] DEBUG: Employee schedule lookup | {"context":"ScheduleResolver","employeeId":59,"date":"2026-01-27","hasAnySchedule":false,"foundValidSchedule":false}
[2026-02-06 07:43:02] DEBUG: Department schedule lookup | {"context":"ScheduleResolver","employeeId":59,"departmentId":5,"date":"2026-01-27","hasAnySchedule":false,"foundValidSchedule":false}
[2026-02-06 07:43:02] DEBUG: Schedule for date | {"context":"ViolationCalculator","employeeId":59,"date":"2026-01-27","isWorkDay":true,"workStart":"09:00","workEnd":"18:00"}
[2026-02-06 07:43:02] DEBUG: Both times present - calculated late/early | {"context":"ViolationCalculator","employeeId":59,"date":"2026-01-27","checkIn":"09:11","checkOut":"18:00","lateMinutes":6,"earlyMinutes":0}
[2026-02-06 07:43:02] DEBUG: Resolving schedule | {"context":"ScheduleResolver","employeeId":59,"date":"2026-01-28","dayOfWeek":3}
[2026-02-06 07:43:02] DEBUG: Employee schedule lookup | {"context":"ScheduleResolver","employeeId":59,"date":"2026-01-28","hasAnySchedule":false,"foundValidSchedule":false}
[2026-02-06 07:43:02] DEBUG: Department schedule lookup | {"context":"ScheduleResolver","employeeId":59,"departmentId":5,"date":"2026-01-28","hasAnySchedule":false,"foundValidSchedule":false}
[2026-02-06 07:43:02] DEBUG: Schedule for date | {"context":"ViolationCalculator","employeeId":59,"date":"2026-01-28","isWorkDay":true,"workStart":"09:00","workEnd":"18:00"}
[2026-02-06 07:43:02] DEBUG: Both times present - calculated late/early | {"context":"ViolationCalculator","employeeId":59,"date":"2026-01-28","checkIn":"09:07","checkOut":"18:40","lateMinutes":2,"earlyMinutes":0}
[2026-02-06 07:43:02] DEBUG: Resolving schedule | {"context":"ScheduleResolver","employeeId":59,"date":"2026-01-29","dayOfWeek":4}
[2026-02-06 07:43:02] DEBUG: Employee schedule lookup | {"context":"ScheduleResolver","employeeId":59,"date":"2026-01-29","hasAnySchedule":false,"foundValidSchedule":false}
[2026-02-06 07:43:02] DEBUG: Department schedule lookup | {"context":"ScheduleResolver","employeeId":59,"departmentId":5,"date":"2026-01-29","hasAnySchedule":false,"foundValidSchedule":false}
[2026-02-06 07:43:02] DEBUG: Schedule for date | {"context":"ViolationCalculator","employeeId":59,"date":"2026-01-29","isWorkDay":true,"workStart":"09:00","workEnd":"18:00"}
[2026-02-06 07:43:02] DEBUG: Both times present - calculated late/early | {"context":"ViolationCalculator","employeeId":59,"date":"2026-01-29","checkIn":"09:00","checkOut":"18:00","lateMinutes":0,"earlyMinutes":0}
[2026-02-06 07:43:02] DEBUG: Resolving schedule | {"context":"ScheduleResolver","employeeId":59,"date":"2026-01-30","dayOfWeek":5}
[2026-02-06 07:43:02] DEBUG: Employee schedule lookup | {"context":"ScheduleResolver","employeeId":59,"date":"2026-01-30","hasAnySchedule":false,"foundValidSchedule":false}
[2026-02-06 07:43:02] DEBUG: Department schedule lookup | {"context":"ScheduleResolver","employeeId":59,"departmentId":5,"date":"2026-01-30","hasAnySchedule":false,"foundValidSchedule":false}
[2026-02-06 07:43:02] DEBUG: Schedule for date | {"context":"ViolationCalculator","employeeId":59,"date":"2026-01-30","isWorkDay":true,"workStart":"09:00","workEnd":"18:00"}
[2026-02-06 07:43:02] DEBUG: Both times present - calculated late/early | {"context":"ViolationCalculator","employeeId":59,"date":"2026-01-30","checkIn":"09:00","checkOut":"18:00","lateMinutes":0,"earlyMinutes":0}
[2026-02-06 07:43:02] DEBUG: Resolving schedule | {"context":"ScheduleResolver","employeeId":59,"date":"2026-01-31","dayOfWeek":6}
[2026-02-06 07:43:02] DEBUG: Employee schedule lookup | {"context":"ScheduleResolver","employeeId":59,"date":"2026-01-31","hasAnySchedule":false,"foundValidSchedule":false}
[2026-02-06 07:43:02] DEBUG: Department schedule lookup | {"context":"ScheduleResolver","employeeId":59,"departmentId":5,"date":"2026-01-31","hasAnySchedule":false,"foundValidSchedule":false}
[2026-02-06 07:43:02] DEBUG: Schedule for date | {"context":"ViolationCalculator","employeeId":59,"date":"2026-01-31","isWorkDay":false,"workStart":"09:00","workEnd":"18:00"}
[2026-02-06 07:43:02] DEBUG: Skipping non-work day | {"context":"ViolationCalculator","employeeId":59,"date":"2026-01-31"}
[2026-02-06 07:43:02] DEBUG: Resolving schedule | {"context":"ScheduleResolver","employeeId":60,"date":"2026-01-10","dayOfWeek":6}
[2026-02-06 07:43:02] DEBUG: Employee schedule lookup | {"context":"ScheduleResolver","employeeId":60,"date":"2026-01-10","hasAnySchedule":false,"foundValidSchedule":false}
[2026-02-06 07:43:02] DEBUG: Department schedule lookup | {"context":"ScheduleResolver","employeeId":60,"departmentId":8,"date":"2026-01-10","hasAnySchedule":false,"foundValidSchedule":false}
[2026-02-06 07:43:02] DEBUG: Schedule for date | {"context":"ViolationCalculator","employeeId":60,"date":"2026-01-10","isWorkDay":false,"workStart":"09:00","workEnd":"18:00"}
[2026-02-06 07:43:02] DEBUG: Skipping non-work day | {"context":"ViolationCalculator","employeeId":60,"date":"2026-01-10"}
[2026-02-06 07:43:02] DEBUG: Resolving schedule | {"context":"ScheduleResolver","employeeId":60,"date":"2026-01-11","dayOfWeek":7}
[2026-02-06 07:43:02] DEBUG: Employee schedule lookup | {"context":"ScheduleResolver","employeeId":60,"date":"2026-01-11","hasAnySchedule":false,"foundValidSchedule":false}
[2026-02-06 07:43:02] DEBUG: Department schedule lookup | {"context":"ScheduleResolver","employeeId":60,"departmentId":8,"date":"2026-01-11","hasAnySchedule":false,"foundValidSchedule":false}
[2026-02-06 07:43:02] DEBUG: Schedule for date | {"context":"ViolationCalculator","employeeId":60,"date":"2026-01-11","isWorkDay":false,"workStart":"09:00","workEnd":"18:00"}
[2026-02-06 07:43:02] DEBUG: Skipping non-work day | {"context":"ViolationCalculator","employeeId":60,"date":"2026-01-11"}
[2026-02-06 07:43:02] DEBUG: Resolving schedule | {"context":"ScheduleResolver","employeeId":60,"date":"2026-01-12","dayOfWeek":1}
[2026-02-06 07:43:02] DEBUG: Employee schedule lookup | {"context":"ScheduleResolver","employeeId":60,"date":"2026-01-12","hasAnySchedule":false,"foundValidSchedule":false}
[2026-02-06 07:43:02] DEBUG: Department schedule lookup | {"context":"ScheduleResolver","employeeId":60,"departmentId":8,"date":"2026-01-12","hasAnySchedule":false,"foundValidSchedule":false}
[2026-02-06 07:43:02] DEBUG: Schedule for date | {"context":"ViolationCalculator","employeeId":60,"date":"2026-01-12","isWorkDay":true,"workStart":"09:00","workEnd":"18:00"}
[2026-02-06 07:43:02] DEBUG: Both times present - calculated late/early | {"context":"ViolationCalculator","employeeId":60,"date":"2026-01-12","checkIn":"09:00","checkOut":"18:00","lateMinutes":0,"earlyMinutes":0}
[2026-02-06 07:43:02] DEBUG: Resolving schedule | {"context":"ScheduleResolver","employeeId":60,"date":"2026-01-13","dayOfWeek":2}
[2026-02-06 07:43:02] DEBUG: Employee schedule lookup | {"context":"ScheduleResolver","employeeId":60,"date":"2026-01-13","hasAnySchedule":false,"foundValidSchedule":false}
[2026-02-06 07:43:02] DEBUG: Department schedule lookup | {"context":"ScheduleResolver","employeeId":60,"departmentId":8,"date":"2026-01-13","hasAnySchedule":false,"foundValidSchedule":false}
[2026-02-06 07:43:02] DEBUG: Schedule for date | {"context":"ViolationCalculator","employeeId":60,"date":"2026-01-13","isWorkDay":true,"workStart":"09:00","workEnd":"18:00"}
[2026-02-06 07:43:02] DEBUG: Both times present - calculated late/early | {"context":"ViolationCalculator","employeeId":60,"date":"2026-01-13","checkIn":"09:00","checkOut":"18:00","lateMinutes":0,"earlyMinutes":0}
[2026-02-06 07:43:02] DEBUG: Resolving schedule | {"context":"ScheduleResolver","employeeId":60,"date":"2026-01-14","dayOfWeek":3}
[2026-02-06 07:43:02] DEBUG: Employee schedule lookup | {"context":"ScheduleResolver","employeeId":60,"date":"2026-01-14","hasAnySchedule":false,"foundValidSchedule":false}
[2026-02-06 07:43:02] DEBUG: Department schedule lookup | {"context":"ScheduleResolver","employeeId":60,"departmentId":8,"date":"2026-01-14","hasAnySchedule":false,"foundValidSchedule":false}
[2026-02-06 07:43:02] DEBUG: Schedule for date | {"context":"ViolationCalculator","employeeId":60,"date":"2026-01-14","isWorkDay":true,"workStart":"09:00","workEnd":"18:00"}
[2026-02-06 07:43:02] DEBUG: Both times present - calculated late/early | {"context":"ViolationCalculator","employeeId":60,"date":"2026-01-14","checkIn":"09:00","checkOut":"18:00","lateMinutes":0,"earlyMinutes":0}
[2026-02-06 07:43:02] DEBUG: Resolving schedule | {"context":"ScheduleResolver","employeeId":60,"date":"2026-01-15","dayOfWeek":4}
[2026-02-06 07:43:02] DEBUG: Employee schedule lookup | {"context":"ScheduleResolver","employeeId":60,"date":"2026-01-15","hasAnySchedule":false,"foundValidSchedule":false}
[2026-02-06 07:43:02] DEBUG: Department schedule lookup | {"context":"ScheduleResolver","employeeId":60,"departmentId":8,"date":"2026-01-15","hasAnySchedule":false,"foundValidSchedule":false}
[2026-02-06 07:43:02] DEBUG: Schedule for date | {"context":"ViolationCalculator","employeeId":60,"date":"2026-01-15","isWorkDay":true,"workStart":"09:00","workEnd":"18:00"}
[2026-02-06 07:43:02] DEBUG: Both times present - calculated late/early | {"context":"ViolationCalculator","employeeId":60,"date":"2026-01-15","checkIn":"09:00","checkOut":"18:00","lateMinutes":0,"earlyMinutes":0}
[2026-02-06 07:43:02] DEBUG: Resolving schedule | {"context":"ScheduleResolver","employeeId":60,"date":"2026-01-16","dayOfWeek":5}
[2026-02-06 07:43:02] DEBUG: Employee schedule lookup | {"context":"ScheduleResolver","employeeId":60,"date":"2026-01-16","hasAnySchedule":false,"foundValidSchedule":false}
[2026-02-06 07:43:02] DEBUG: Department schedule lookup | {"context":"ScheduleResolver","employeeId":60,"departmentId":8,"date":"2026-01-16","hasAnySchedule":false,"foundValidSchedule":false}
[2026-02-06 07:43:02] DEBUG: Schedule for date | {"context":"ViolationCalculator","employeeId":60,"date":"2026-01-16","isWorkDay":true,"workStart":"09:00","workEnd":"18:00"}
[2026-02-06 07:43:02] DEBUG: Both times present - calculated late/early | {"context":"ViolationCalculator","employeeId":60,"date":"2026-01-16","checkIn":"09:00","checkOut":"18:00","lateMinutes":0,"earlyMinutes":0}
[2026-02-06 07:43:02] DEBUG: Resolving schedule | {"context":"ScheduleResolver","employeeId":60,"date":"2026-01-17","dayOfWeek":6}
[2026-02-06 07:43:02] DEBUG: Employee schedule lookup | {"context":"ScheduleResolver","employeeId":60,"date":"2026-01-17","hasAnySchedule":false,"foundValidSchedule":false}
[2026-02-06 07:43:02] DEBUG: Department schedule lookup | {"context":"ScheduleResolver","employeeId":60,"departmentId":8,"date":"2026-01-17","hasAnySchedule":false,"foundValidSchedule":false}
[2026-02-06 07:43:02] DEBUG: Schedule for date | {"context":"ViolationCalculator","employeeId":60,"date":"2026-01-17","isWorkDay":false,"workStart":"09:00","workEnd":"18:00"}
[2026-02-06 07:43:02] DEBUG: Skipping non-work day | {"context":"ViolationCalculator","employeeId":60,"date":"2026-01-17"}
[2026-02-06 07:43:02] DEBUG: Resolving schedule | {"context":"ScheduleResolver","employeeId":60,"date":"2026-01-18","dayOfWeek":7}
[2026-02-06 07:43:02] DEBUG: Employee schedule lookup | {"context":"ScheduleResolver","employeeId":60,"date":"2026-01-18","hasAnySchedule":false,"foundValidSchedule":false}
[2026-02-06 07:43:02] DEBUG: Department schedule lookup | {"context":"ScheduleResolver","employeeId":60,"departmentId":8,"date":"2026-01-18","hasAnySchedule":false,"foundValidSchedule":false}
[2026-02-06 07:43:02] DEBUG: Schedule for date | {"context":"ViolationCalculator","employeeId":60,"date":"2026-01-18","isWorkDay":false,"workStart":"09:00","workEnd":"18:00"}
[2026-02-06 07:43:02] DEBUG: Skipping non-work day | {"context":"ViolationCalculator","employeeId":60,"date":"2026-01-18"}
[2026-02-06 07:43:02] DEBUG: Resolving schedule | {"context":"ScheduleResolver","employeeId":60,"date":"2026-01-19","dayOfWeek":1}
[2026-02-06 07:43:02] DEBUG: Employee schedule lookup | {"context":"ScheduleResolver","employeeId":60,"date":"2026-01-19","hasAnySchedule":false,"foundValidSchedule":false}
[2026-02-06 07:43:02] DEBUG: Department schedule lookup | {"context":"ScheduleResolver","employeeId":60,"departmentId":8,"date":"2026-01-19","hasAnySchedule":false,"foundValidSchedule":false}
[2026-02-06 07:43:02] DEBUG: Schedule for date | {"context":"ViolationCalculator","employeeId":60,"date":"2026-01-19","isWorkDay":true,"workStart":"09:00","workEnd":"18:00"}
[2026-02-06 07:43:02] DEBUG: Missing time(s) - counted as absent | {"context":"ViolationCalculator","employeeId":60,"date":"2026-01-19","checkIn":null,"checkOut":null,"absentMinutes":540}
[2026-02-06 07:43:02] DEBUG: Resolving schedule | {"context":"ScheduleResolver","employeeId":60,"date":"2026-01-20","dayOfWeek":2}
[2026-02-06 07:43:02] DEBUG: Employee schedule lookup | {"context":"ScheduleResolver","employeeId":60,"date":"2026-01-20","hasAnySchedule":false,"foundValidSchedule":false}
[2026-02-06 07:43:02] DEBUG: Department schedule lookup | {"context":"ScheduleResolver","employeeId":60,"departmentId":8,"date":"2026-01-20","hasAnySchedule":false,"foundValidSchedule":false}
[2026-02-06 07:43:02] DEBUG: Schedule for date | {"context":"ViolationCalculator","employeeId":60,"date":"2026-01-20","isWorkDay":true,"workStart":"09:00","workEnd":"18:00"}
[2026-02-06 07:43:02] DEBUG: Both times present - calculated late/early | {"context":"ViolationCalculator","employeeId":60,"date":"2026-01-20","checkIn":"09:00","checkOut":"18:00","lateMinutes":0,"earlyMinutes":0}
[2026-02-06 07:43:02] DEBUG: Resolving schedule | {"context":"ScheduleResolver","employeeId":60,"date":"2026-01-21","dayOfWeek":3}
[2026-02-06 07:43:02] DEBUG: Employee schedule lookup | {"context":"ScheduleResolver","employeeId":60,"date":"2026-01-21","hasAnySchedule":false,"foundValidSchedule":false}
[2026-02-06 07:43:02] DEBUG: Department schedule lookup | {"context":"ScheduleResolver","employeeId":60,"departmentId":8,"date":"2026-01-21","hasAnySchedule":false,"foundValidSchedule":false}
[2026-02-06 07:43:02] DEBUG: Schedule for date | {"context":"ViolationCalculator","employeeId":60,"date":"2026-01-21","isWorkDay":true,"workStart":"09:00","workEnd":"18:00"}
[2026-02-06 07:43:02] DEBUG: Both times present - calculated late/early | {"context":"ViolationCalculator","employeeId":60,"date":"2026-01-21","checkIn":"09:00","checkOut":"18:00","lateMinutes":0,"earlyMinutes":0}
[2026-02-06 07:43:02] DEBUG: Resolving schedule | {"context":"ScheduleResolver","employeeId":60,"date":"2026-01-22","dayOfWeek":4}
[2026-02-06 07:43:02] DEBUG: Employee schedule lookup | {"context":"ScheduleResolver","employeeId":60,"date":"2026-01-22","hasAnySchedule":false,"foundValidSchedule":false}
[2026-02-06 07:43:02] DEBUG: Department schedule lookup | {"context":"ScheduleResolver","employeeId":60,"departmentId":8,"date":"2026-01-22","hasAnySchedule":false,"foundValidSchedule":false}
[2026-02-06 07:43:02] DEBUG: Schedule for date | {"context":"ViolationCalculator","employeeId":60,"date":"2026-01-22","isWorkDay":true,"workStart":"09:00","workEnd":"18:00"}
[2026-02-06 07:43:02] DEBUG: Both times present - calculated late/early | {"context":"ViolationCalculator","employeeId":60,"date":"2026-01-22","checkIn":"09:07","checkOut":"17:06","lateMinutes":2,"earlyMinutes":54}
[2026-02-06 07:43:02] DEBUG: Resolving schedule | {"context":"ScheduleResolver","employeeId":60,"date":"2026-01-23","dayOfWeek":5}
[2026-02-06 07:43:02] DEBUG: Employee schedule lookup | {"context":"ScheduleResolver","employeeId":60,"date":"2026-01-23","hasAnySchedule":false,"foundValidSchedule":false}
[2026-02-06 07:43:02] DEBUG: Department schedule lookup | {"context":"ScheduleResolver","employeeId":60,"departmentId":8,"date":"2026-01-23","hasAnySchedule":false,"foundValidSchedule":false}
[2026-02-06 07:43:02] DEBUG: Schedule for date | {"context":"ViolationCalculator","employeeId":60,"date":"2026-01-23","isWorkDay":true,"workStart":"09:00","workEnd":"18:00"}
[2026-02-06 07:43:02] DEBUG: Both times present - calculated late/early | {"context":"ViolationCalculator","employeeId":60,"date":"2026-01-23","checkIn":"09:00","checkOut":"18:00","lateMinutes":0,"earlyMinutes":0}
[2026-02-06 07:43:02] DEBUG: Resolving schedule | {"context":"ScheduleResolver","employeeId":60,"date":"2026-01-24","dayOfWeek":6}
[2026-02-06 07:43:02] DEBUG: Employee schedule lookup | {"context":"ScheduleResolver","employeeId":60,"date":"2026-01-24","hasAnySchedule":false,"foundValidSchedule":false}
[2026-02-06 07:43:02] DEBUG: Department schedule lookup | {"context":"ScheduleResolver","employeeId":60,"departmentId":8,"date":"2026-01-24","hasAnySchedule":false,"foundValidSchedule":false}
[2026-02-06 07:43:02] DEBUG: Schedule for date | {"context":"ViolationCalculator","employeeId":60,"date":"2026-01-24","isWorkDay":false,"workStart":"09:00","workEnd":"18:00"}
[2026-02-06 07:43:02] DEBUG: Skipping non-work day | {"context":"ViolationCalculator","employeeId":60,"date":"2026-01-24"}
[2026-02-06 07:43:02] DEBUG: Resolving schedule | {"context":"ScheduleResolver","employeeId":60,"date":"2026-01-25","dayOfWeek":7}
[2026-02-06 07:43:02] DEBUG: Employee schedule lookup | {"context":"ScheduleResolver","employeeId":60,"date":"2026-01-25","hasAnySchedule":false,"foundValidSchedule":false}
[2026-02-06 07:43:02] DEBUG: Department schedule lookup | {"context":"ScheduleResolver","employeeId":60,"departmentId":8,"date":"2026-01-25","hasAnySchedule":false,"foundValidSchedule":false}
[2026-02-06 07:43:02] DEBUG: Schedule for date | {"context":"ViolationCalculator","employeeId":60,"date":"2026-01-25","isWorkDay":false,"workStart":"09:00","workEnd":"18:00"}
[2026-02-06 07:43:02] DEBUG: Skipping non-work day | {"context":"ViolationCalculator","employeeId":60,"date":"2026-01-25"}
[2026-02-06 07:43:02] DEBUG: Resolving schedule | {"context":"ScheduleResolver","employeeId":60,"date":"2026-01-26","dayOfWeek":1}
[2026-02-06 07:43:02] DEBUG: Employee schedule lookup | {"context":"ScheduleResolver","employeeId":60,"date":"2026-01-26","hasAnySchedule":false,"foundValidSchedule":false}
[2026-02-06 07:43:02] DEBUG: Department schedule lookup | {"context":"ScheduleResolver","employeeId":60,"departmentId":8,"date":"2026-01-26","hasAnySchedule":false,"foundValidSchedule":false}
[2026-02-06 07:43:02] DEBUG: Schedule for date | {"context":"ViolationCalculator","employeeId":60,"date":"2026-01-26","isWorkDay":true,"workStart":"09:00","workEnd":"18:00"}
[2026-02-06 07:43:02] DEBUG: Both times present - calculated late/early | {"context":"ViolationCalculator","employeeId":60,"date":"2026-01-26","checkIn":"09:00","checkOut":"18:00","lateMinutes":0,"earlyMinutes":0}
[2026-02-06 07:43:02] DEBUG: Resolving schedule | {"context":"ScheduleResolver","employeeId":60,"date":"2026-01-27","dayOfWeek":2}
[2026-02-06 07:43:02] DEBUG: Employee schedule lookup | {"context":"ScheduleResolver","employeeId":60,"date":"2026-01-27","hasAnySchedule":false,"foundValidSchedule":false}
[2026-02-06 07:43:02] DEBUG: Department schedule lookup | {"context":"ScheduleResolver","employeeId":60,"departmentId":8,"date":"2026-01-27","hasAnySchedule":false,"foundValidSchedule":false}
[2026-02-06 07:43:02] DEBUG: Schedule for date | {"context":"ViolationCalculator","employeeId":60,"date":"2026-01-27","isWorkDay":true,"workStart":"09:00","workEnd":"18:00"}
[2026-02-06 07:43:02] DEBUG: Both times present - calculated late/early | {"context":"ViolationCalculator","employeeId":60,"date":"2026-01-27","checkIn":"09:00","checkOut":"17:57","lateMinutes":0,"earlyMinutes":3}
[2026-02-06 07:43:02] DEBUG: Resolving schedule | {"context":"ScheduleResolver","employeeId":60,"date":"2026-01-28","dayOfWeek":3}
[2026-02-06 07:43:02] DEBUG: Employee schedule lookup | {"context":"ScheduleResolver","employeeId":60,"date":"2026-01-28","hasAnySchedule":false,"foundValidSchedule":false}
[2026-02-06 07:43:02] DEBUG: Department schedule lookup | {"context":"ScheduleResolver","employeeId":60,"departmentId":8,"date":"2026-01-28","hasAnySchedule":false,"foundValidSchedule":false}
[2026-02-06 07:43:02] DEBUG: Schedule for date | {"context":"ViolationCalculator","employeeId":60,"date":"2026-01-28","isWorkDay":true,"workStart":"09:00","workEnd":"18:00"}
[2026-02-06 07:43:02] DEBUG: Both times present - calculated late/early | {"context":"ViolationCalculator","employeeId":60,"date":"2026-01-28","checkIn":"08:50","checkOut":"18:07","lateMinutes":0,"earlyMinutes":0}
[2026-02-06 07:43:02] DEBUG: Resolving schedule | {"context":"ScheduleResolver","employeeId":60,"date":"2026-01-29","dayOfWeek":4}
[2026-02-06 07:43:02] DEBUG: Employee schedule lookup | {"context":"ScheduleResolver","employeeId":60,"date":"2026-01-29","hasAnySchedule":false,"foundValidSchedule":false}
[2026-02-06 07:43:02] DEBUG: Department schedule lookup | {"context":"ScheduleResolver","employeeId":60,"departmentId":8,"date":"2026-01-29","hasAnySchedule":false,"foundValidSchedule":false}
[2026-02-06 07:43:02] DEBUG: Schedule for date | {"context":"ViolationCalculator","employeeId":60,"date":"2026-01-29","isWorkDay":true,"workStart":"09:00","workEnd":"18:00"}
[2026-02-06 07:43:02] DEBUG: Missing time(s) - counted as absent | {"context":"ViolationCalculator","employeeId":60,"date":"2026-01-29","checkIn":"09:00","checkOut":null,"absentMinutes":540}
[2026-02-06 07:43:02] DEBUG: Resolving schedule | {"context":"ScheduleResolver","employeeId":60,"date":"2026-01-30","dayOfWeek":5}
[2026-02-06 07:43:02] DEBUG: Employee schedule lookup | {"context":"ScheduleResolver","employeeId":60,"date":"2026-01-30","hasAnySchedule":false,"foundValidSchedule":false}
[2026-02-06 07:43:02] DEBUG: Department schedule lookup | {"context":"ScheduleResolver","employeeId":60,"departmentId":8,"date":"2026-01-30","hasAnySchedule":false,"foundValidSchedule":false}
[2026-02-06 07:43:02] DEBUG: Schedule for date | {"context":"ViolationCalculator","employeeId":60,"date":"2026-01-30","isWorkDay":true,"workStart":"09:00","workEnd":"18:00"}
[2026-02-06 07:43:02] DEBUG: Both times present - calculated late/early | {"context":"ViolationCalculator","employeeId":60,"date":"2026-01-30","checkIn":"09:00","checkOut":"18:00","lateMinutes":0,"earlyMinutes":0}
[2026-02-06 07:43:02] DEBUG: Resolving schedule | {"context":"ScheduleResolver","employeeId":60,"date":"2026-01-31","dayOfWeek":6}
[2026-02-06 07:43:02] DEBUG: Employee schedule lookup | {"context":"ScheduleResolver","employeeId":60,"date":"2026-01-31","hasAnySchedule":false,"foundValidSchedule":false}
[2026-02-06 07:43:02] DEBUG: Department schedule lookup | {"context":"ScheduleResolver","employeeId":60,"departmentId":8,"date":"2026-01-31","hasAnySchedule":false,"foundValidSchedule":false}
[2026-02-06 07:43:02] DEBUG: Schedule for date | {"context":"ViolationCalculator","employeeId":60,"date":"2026-01-31","isWorkDay":false,"workStart":"09:00","workEnd":"18:00"}
[2026-02-06 07:43:02] DEBUG: Skipping non-work day | {"context":"ViolationCalculator","employeeId":60,"date":"2026-01-31"}
[2026-02-06 07:43:02] DEBUG: Resolving schedule | {"context":"ScheduleResolver","employeeId":61,"date":"2026-01-10","dayOfWeek":6}
[2026-02-06 07:43:02] DEBUG: Employee schedule lookup | {"context":"ScheduleResolver","employeeId":61,"date":"2026-01-10","hasAnySchedule":false,"foundValidSchedule":false}
[2026-02-06 07:43:02] DEBUG: Department schedule lookup | {"context":"ScheduleResolver","employeeId":61,"departmentId":5,"date":"2026-01-10","hasAnySchedule":false,"foundValidSchedule":false}
[2026-02-06 07:43:02] DEBUG: Schedule for date | {"context":"ViolationCalculator","employeeId":61,"date":"2026-01-10","isWorkDay":false,"workStart":"09:00","workEnd":"18:00"}
[2026-02-06 07:43:02] DEBUG: Skipping non-work day | {"context":"ViolationCalculator","employeeId":61,"date":"2026-01-10"}
[2026-02-06 07:43:02] DEBUG: Resolving schedule | {"context":"ScheduleResolver","employeeId":61,"date":"2026-01-11","dayOfWeek":7}
[2026-02-06 07:43:02] DEBUG: Employee schedule lookup | {"context":"ScheduleResolver","employeeId":61,"date":"2026-01-11","hasAnySchedule":false,"foundValidSchedule":false}
[2026-02-06 07:43:02] DEBUG: Department schedule lookup | {"context":"ScheduleResolver","employeeId":61,"departmentId":5,"date":"2026-01-11","hasAnySchedule":false,"foundValidSchedule":false}
[2026-02-06 07:43:02] DEBUG: Schedule for date | {"context":"ViolationCalculator","employeeId":61,"date":"2026-01-11","isWorkDay":false,"workStart":"09:00","workEnd":"18:00"}
[2026-02-06 07:43:02] DEBUG: Skipping non-work day | {"context":"ViolationCalculator","employeeId":61,"date":"2026-01-11"}
[2026-02-06 07:43:02] DEBUG: Resolving schedule | {"context":"ScheduleResolver","employeeId":61,"date":"2026-01-12","dayOfWeek":1}
[2026-02-06 07:43:02] DEBUG: Employee schedule lookup | {"context":"ScheduleResolver","employeeId":61,"date":"2026-01-12","hasAnySchedule":false,"foundValidSchedule":false}
[2026-02-06 07:43:02] DEBUG: Department schedule lookup | {"context":"ScheduleResolver","employeeId":61,"departmentId":5,"date":"2026-01-12","hasAnySchedule":false,"foundValidSchedule":false}
[2026-02-06 07:43:02] DEBUG: Schedule for date | {"context":"ViolationCalculator","employeeId":61,"date":"2026-01-12","isWorkDay":true,"workStart":"09:00","workEnd":"18:00"}
[2026-02-06 07:43:02] DEBUG: Both times present - calculated late/early | {"context":"ViolationCalculator","employeeId":61,"date":"2026-01-12","checkIn":"09:00","checkOut":"18:00","lateMinutes":0,"earlyMinutes":0}
[2026-02-06 07:43:02] DEBUG: Resolving schedule | {"context":"ScheduleResolver","employeeId":61,"date":"2026-01-13","dayOfWeek":2}
[2026-02-06 07:43:02] DEBUG: Employee schedule lookup | {"context":"ScheduleResolver","employeeId":61,"date":"2026-01-13","hasAnySchedule":false,"foundValidSchedule":false}
[2026-02-06 07:43:02] DEBUG: Department schedule lookup | {"context":"ScheduleResolver","employeeId":61,"departmentId":5,"date":"2026-01-13","hasAnySchedule":false,"foundValidSchedule":false}
[2026-02-06 07:43:02] DEBUG: Schedule for date | {"context":"ViolationCalculator","employeeId":61,"date":"2026-01-13","isWorkDay":true,"workStart":"09:00","workEnd":"18:00"}
[2026-02-06 07:43:02] DEBUG: Both times present - calculated late/early | {"context":"ViolationCalculator","employeeId":61,"date":"2026-01-13","checkIn":"09:00","checkOut":"18:00","lateMinutes":0,"earlyMinutes":0}
[2026-02-06 07:43:02] DEBUG: Resolving schedule | {"context":"ScheduleResolver","employeeId":61,"date":"2026-01-14","dayOfWeek":3}
[2026-02-06 07:43:02] DEBUG: Employee schedule lookup | {"context":"ScheduleResolver","employeeId":61,"date":"2026-01-14","hasAnySchedule":false,"foundValidSchedule":false}
[2026-02-06 07:43:02] DEBUG: Department schedule lookup | {"context":"ScheduleResolver","employeeId":61,"departmentId":5,"date":"2026-01-14","hasAnySchedule":false,"foundValidSchedule":false}
[2026-02-06 07:43:02] DEBUG: Schedule for date | {"context":"ViolationCalculator","employeeId":61,"date":"2026-01-14","isWorkDay":true,"workStart":"09:00","workEnd":"18:00"}
[2026-02-06 07:43:02] DEBUG: Both times present - calculated late/early | {"context":"ViolationCalculator","employeeId":61,"date":"2026-01-14","checkIn":"09:00","checkOut":"18:00","lateMinutes":0,"earlyMinutes":0}
[2026-02-06 07:43:02] DEBUG: Resolving schedule | {"context":"ScheduleResolver","employeeId":61,"date":"2026-01-15","dayOfWeek":4}
[2026-02-06 07:43:02] DEBUG: Employee schedule lookup | {"context":"ScheduleResolver","employeeId":61,"date":"2026-01-15","hasAnySchedule":false,"foundValidSchedule":false}
[2026-02-06 07:43:02] DEBUG: Department schedule lookup | {"context":"ScheduleResolver","employeeId":61,"departmentId":5,"date":"2026-01-15","hasAnySchedule":false,"foundValidSchedule":false}
[2026-02-06 07:43:02] DEBUG: Schedule for date | {"context":"ViolationCalculator","employeeId":61,"date":"2026-01-15","isWorkDay":true,"workStart":"09:00","workEnd":"18:00"}
[2026-02-06 07:43:02] DEBUG: Both times present - calculated late/early | {"context":"ViolationCalculator","employeeId":61,"date":"2026-01-15","checkIn":"09:00","checkOut":"18:00","lateMinutes":0,"earlyMinutes":0}
[2026-02-06 07:43:02] DEBUG: Resolving schedule | {"context":"ScheduleResolver","employeeId":61,"date":"2026-01-16","dayOfWeek":5}
[2026-02-06 07:43:02] DEBUG: Employee schedule lookup | {"context":"ScheduleResolver","employeeId":61,"date":"2026-01-16","hasAnySchedule":false,"foundValidSchedule":false}
[2026-02-06 07:43:02] DEBUG: Department schedule lookup | {"context":"ScheduleResolver","employeeId":61,"departmentId":5,"date":"2026-01-16","hasAnySchedule":false,"foundValidSchedule":false}
[2026-02-06 07:43:02] DEBUG: Schedule for date | {"context":"ViolationCalculator","employeeId":61,"date":"2026-01-16","isWorkDay":true,"workStart":"09:00","workEnd":"18:00"}
[2026-02-06 07:43:02] DEBUG: Both times present - calculated late/early | {"context":"ViolationCalculator","employeeId":61,"date":"2026-01-16","checkIn":"09:00","checkOut":"18:00","lateMinutes":0,"earlyMinutes":0}
[2026-02-06 07:43:02] DEBUG: Resolving schedule | {"context":"ScheduleResolver","employeeId":61,"date":"2026-01-17","dayOfWeek":6}
[2026-02-06 07:43:02] DEBUG: Employee schedule lookup | {"context":"ScheduleResolver","employeeId":61,"date":"2026-01-17","hasAnySchedule":false,"foundValidSchedule":false}
[2026-02-06 07:43:02] DEBUG: Department schedule lookup | {"context":"ScheduleResolver","employeeId":61,"departmentId":5,"date":"2026-01-17","hasAnySchedule":false,"foundValidSchedule":false}
[2026-02-06 07:43:02] DEBUG: Schedule for date | {"context":"ViolationCalculator","employeeId":61,"date":"2026-01-17","isWorkDay":false,"workStart":"09:00","workEnd":"18:00"}
[2026-02-06 07:43:02] DEBUG: Skipping non-work day | {"context":"ViolationCalculator","employeeId":61,"date":"2026-01-17"}
[2026-02-06 07:43:02] DEBUG: Resolving schedule | {"context":"ScheduleResolver","employeeId":61,"date":"2026-01-18","dayOfWeek":7}
[2026-02-06 07:43:02] DEBUG: Employee schedule lookup | {"context":"ScheduleResolver","employeeId":61,"date":"2026-01-18","hasAnySchedule":false,"foundValidSchedule":false}
[2026-02-06 07:43:02] DEBUG: Department schedule lookup | {"context":"ScheduleResolver","employeeId":61,"departmentId":5,"date":"2026-01-18","hasAnySchedule":false,"foundValidSchedule":false}
[2026-02-06 07:43:02] DEBUG: Schedule for date | {"context":"ViolationCalculator","employeeId":61,"date":"2026-01-18","isWorkDay":false,"workStart":"09:00","workEnd":"18:00"}
[2026-02-06 07:43:02] DEBUG: Skipping non-work day | {"context":"ViolationCalculator","employeeId":61,"date":"2026-01-18"}
[2026-02-06 07:43:02] DEBUG: Resolving schedule | {"context":"ScheduleResolver","employeeId":61,"date":"2026-01-19","dayOfWeek":1}
[2026-02-06 07:43:02] DEBUG: Employee schedule lookup | {"context":"ScheduleResolver","employeeId":61,"date":"2026-01-19","hasAnySchedule":false,"foundValidSchedule":false}
[2026-02-06 07:43:02] DEBUG: Department schedule lookup | {"context":"ScheduleResolver","employeeId":61,"departmentId":5,"date":"2026-01-19","hasAnySchedule":false,"foundValidSchedule":false}
[2026-02-06 07:43:02] DEBUG: Schedule for date | {"context":"ViolationCalculator","employeeId":61,"date":"2026-01-19","isWorkDay":true,"workStart":"09:00","workEnd":"18:00"}
[2026-02-06 07:43:02] DEBUG: Both times present - calculated late/early | {"context":"ViolationCalculator","employeeId":61,"date":"2026-01-19","checkIn":"09:00","checkOut":"18:00","lateMinutes":0,"earlyMinutes":0}
[2026-02-06 07:43:02] DEBUG: Resolving schedule | {"context":"ScheduleResolver","employeeId":61,"date":"2026-01-20","dayOfWeek":2}
[2026-02-06 07:43:02] DEBUG: Employee schedule lookup | {"context":"ScheduleResolver","employeeId":61,"date":"2026-01-20","hasAnySchedule":false,"foundValidSchedule":false}
[2026-02-06 07:43:02] DEBUG: Department schedule lookup | {"context":"ScheduleResolver","employeeId":61,"departmentId":5,"date":"2026-01-20","hasAnySchedule":false,"foundValidSchedule":false}
[2026-02-06 07:43:02] DEBUG: Schedule for date | {"context":"ViolationCalculator","employeeId":61,"date":"2026-01-20","isWorkDay":true,"workStart":"09:00","workEnd":"18:00"}
[2026-02-06 07:43:02] DEBUG: Both times present - calculated late/early | {"context":"ViolationCalculator","employeeId":61,"date":"2026-01-20","checkIn":"09:00","checkOut":"18:00","lateMinutes":0,"earlyMinutes":0}
[2026-02-06 07:43:02] DEBUG: Resolving schedule | {"context":"ScheduleResolver","employeeId":61,"date":"2026-01-21","dayOfWeek":3}
[2026-02-06 07:43:02] DEBUG: Employee schedule lookup | {"context":"ScheduleResolver","employeeId":61,"date":"2026-01-21","hasAnySchedule":false,"foundValidSchedule":false}
[2026-02-06 07:43:02] DEBUG: Department schedule lookup | {"context":"ScheduleResolver","employeeId":61,"departmentId":5,"date":"2026-01-21","hasAnySchedule":false,"foundValidSchedule":false}
[2026-02-06 07:43:02] DEBUG: Schedule for date | {"context":"ViolationCalculator","employeeId":61,"date":"2026-01-21","isWorkDay":true,"workStart":"09:00","workEnd":"18:00"}
[2026-02-06 07:43:02] DEBUG: Both times present - calculated late/early | {"context":"ViolationCalculator","employeeId":61,"date":"2026-01-21","checkIn":"09:00","checkOut":"18:00","lateMinutes":0,"earlyMinutes":0}
[2026-02-06 07:43:02] DEBUG: Resolving schedule | {"context":"ScheduleResolver","employeeId":61,"date":"2026-01-22","dayOfWeek":4}
[2026-02-06 07:43:02] DEBUG: Employee schedule lookup | {"context":"ScheduleResolver","employeeId":61,"date":"2026-01-22","hasAnySchedule":false,"foundValidSchedule":false}
[2026-02-06 07:43:02] DEBUG: Department schedule lookup | {"context":"ScheduleResolver","employeeId":61,"departmentId":5,"date":"2026-01-22","hasAnySchedule":false,"foundValidSchedule":false}
[2026-02-06 07:43:02] DEBUG: Schedule for date | {"context":"ViolationCalculator","employeeId":61,"date":"2026-01-22","isWorkDay":true,"workStart":"09:00","workEnd":"18:00"}
[2026-02-06 07:43:02] DEBUG: Both times present - calculated late/early | {"context":"ViolationCalculator","employeeId":61,"date":"2026-01-22","checkIn":"09:00","checkOut":"18:52","lateMinutes":0,"earlyMinutes":0}
[2026-02-06 07:43:02] DEBUG: Resolving schedule | {"context":"ScheduleResolver","employeeId":61,"date":"2026-01-23","dayOfWeek":5}
[2026-02-06 07:43:02] DEBUG: Employee schedule lookup | {"context":"ScheduleResolver","employeeId":61,"date":"2026-01-23","hasAnySchedule":false,"foundValidSchedule":false}
[2026-02-06 07:43:02] DEBUG: Department schedule lookup | {"context":"ScheduleResolver","employeeId":61,"departmentId":5,"date":"2026-01-23","hasAnySchedule":false,"foundValidSchedule":false}
[2026-02-06 07:43:02] DEBUG: Schedule for date | {"context":"ViolationCalculator","employeeId":61,"date":"2026-01-23","isWorkDay":true,"workStart":"09:00","workEnd":"18:00"}
[2026-02-06 07:43:02] DEBUG: Both times present - calculated late/early | {"context":"ViolationCalculator","employeeId":61,"date":"2026-01-23","checkIn":"09:15","checkOut":"18:00","lateMinutes":10,"earlyMinutes":0}
[2026-02-06 07:43:02] DEBUG: Resolving schedule | {"context":"ScheduleResolver","employeeId":61,"date":"2026-01-24","dayOfWeek":6}
[2026-02-06 07:43:02] DEBUG: Employee schedule lookup | {"context":"ScheduleResolver","employeeId":61,"date":"2026-01-24","hasAnySchedule":false,"foundValidSchedule":false}
[2026-02-06 07:43:02] DEBUG: Department schedule lookup | {"context":"ScheduleResolver","employeeId":61,"departmentId":5,"date":"2026-01-24","hasAnySchedule":false,"foundValidSchedule":false}
[2026-02-06 07:43:02] DEBUG: Schedule for date | {"context":"ViolationCalculator","employeeId":61,"date":"2026-01-24","isWorkDay":false,"workStart":"09:00","workEnd":"18:00"}
[2026-02-06 07:43:02] DEBUG: Skipping non-work day | {"context":"ViolationCalculator","employeeId":61,"date":"2026-01-24"}
[2026-02-06 07:43:02] DEBUG: Resolving schedule | {"context":"ScheduleResolver","employeeId":61,"date":"2026-01-25","dayOfWeek":7}
[2026-02-06 07:43:02] DEBUG: Employee schedule lookup | {"context":"ScheduleResolver","employeeId":61,"date":"2026-01-25","hasAnySchedule":false,"foundValidSchedule":false}
[2026-02-06 07:43:02] DEBUG: Department schedule lookup | {"context":"ScheduleResolver","employeeId":61,"departmentId":5,"date":"2026-01-25","hasAnySchedule":false,"foundValidSchedule":false}
[2026-02-06 07:43:02] DEBUG: Schedule for date | {"context":"ViolationCalculator","employeeId":61,"date":"2026-01-25","isWorkDay":false,"workStart":"09:00","workEnd":"18:00"}
[2026-02-06 07:43:02] DEBUG: Skipping non-work day | {"context":"ViolationCalculator","employeeId":61,"date":"2026-01-25"}
[2026-02-06 07:43:02] DEBUG: Resolving schedule | {"context":"ScheduleResolver","employeeId":61,"date":"2026-01-26","dayOfWeek":1}
[2026-02-06 07:43:02] DEBUG: Employee schedule lookup | {"context":"ScheduleResolver","employeeId":61,"date":"2026-01-26","hasAnySchedule":false,"foundValidSchedule":false}
[2026-02-06 07:43:02] DEBUG: Department schedule lookup | {"context":"ScheduleResolver","employeeId":61,"departmentId":5,"date":"2026-01-26","hasAnySchedule":false,"foundValidSchedule":false}
[2026-02-06 07:43:02] DEBUG: Schedule for date | {"context":"ViolationCalculator","employeeId":61,"date":"2026-01-26","isWorkDay":true,"workStart":"09:00","workEnd":"18:00"}
[2026-02-06 07:43:02] DEBUG: Both times present - calculated late/early | {"context":"ViolationCalculator","employeeId":61,"date":"2026-01-26","checkIn":"09:00","checkOut":"18:00","lateMinutes":0,"earlyMinutes":0}
[2026-02-06 07:43:02] DEBUG: Resolving schedule | {"context":"ScheduleResolver","employeeId":61,"date":"2026-01-27","dayOfWeek":2}
[2026-02-06 07:43:02] DEBUG: Employee schedule lookup | {"context":"ScheduleResolver","employeeId":61,"date":"2026-01-27","hasAnySchedule":false,"foundValidSchedule":false}
[2026-02-06 07:43:02] DEBUG: Department schedule lookup | {"context":"ScheduleResolver","employeeId":61,"departmentId":5,"date":"2026-01-27","hasAnySchedule":false,"foundValidSchedule":false}
[2026-02-06 07:43:02] DEBUG: Schedule for date | {"context":"ViolationCalculator","employeeId":61,"date":"2026-01-27","isWorkDay":true,"workStart":"09:00","workEnd":"18:00"}
[2026-02-06 07:43:02] DEBUG: Both times present - calculated late/early | {"context":"ViolationCalculator","employeeId":61,"date":"2026-01-27","checkIn":"09:00","checkOut":"18:00","lateMinutes":0,"earlyMinutes":0}
[2026-02-06 07:43:02] DEBUG: Resolving schedule | {"context":"ScheduleResolver","employeeId":61,"date":"2026-01-28","dayOfWeek":3}
[2026-02-06 07:43:02] DEBUG: Employee schedule lookup | {"context":"ScheduleResolver","employeeId":61,"date":"2026-01-28","hasAnySchedule":false,"foundValidSchedule":false}
[2026-02-06 07:43:02] DEBUG: Department schedule lookup | {"context":"ScheduleResolver","employeeId":61,"departmentId":5,"date":"2026-01-28","hasAnySchedule":false,"foundValidSchedule":false}
[2026-02-06 07:43:02] DEBUG: Schedule for date | {"context":"ViolationCalculator","employeeId":61,"date":"2026-01-28","isWorkDay":true,"workStart":"09:00","workEnd":"18:00"}
[2026-02-06 07:43:02] DEBUG: Both times present - calculated late/early | {"context":"ViolationCalculator","employeeId":61,"date":"2026-01-28","checkIn":"08:51","checkOut":"18:39","lateMinutes":0,"earlyMinutes":0}
[2026-02-06 07:43:02] DEBUG: Resolving schedule | {"context":"ScheduleResolver","employeeId":61,"date":"2026-01-29","dayOfWeek":4}
[2026-02-06 07:43:02] DEBUG: Employee schedule lookup | {"context":"ScheduleResolver","employeeId":61,"date":"2026-01-29","hasAnySchedule":false,"foundValidSchedule":false}
[2026-02-06 07:43:02] DEBUG: Department schedule lookup | {"context":"ScheduleResolver","employeeId":61,"departmentId":5,"date":"2026-01-29","hasAnySchedule":false,"foundValidSchedule":false}
[2026-02-06 07:43:02] DEBUG: Schedule for date | {"context":"ViolationCalculator","employeeId":61,"date":"2026-01-29","isWorkDay":true,"workStart":"09:00","workEnd":"18:00"}
[2026-02-06 07:43:02] DEBUG: Both times present - calculated late/early | {"context":"ViolationCalculator","employeeId":61,"date":"2026-01-29","checkIn":"09:00","checkOut":"18:00","lateMinutes":0,"earlyMinutes":0}
[2026-02-06 07:43:02] DEBUG: Resolving schedule | {"context":"ScheduleResolver","employeeId":61,"date":"2026-01-30","dayOfWeek":5}
[2026-02-06 07:43:02] DEBUG: Employee schedule lookup | {"context":"ScheduleResolver","employeeId":61,"date":"2026-01-30","hasAnySchedule":false,"foundValidSchedule":false}
[2026-02-06 07:43:02] DEBUG: Department schedule lookup | {"context":"ScheduleResolver","employeeId":61,"departmentId":5,"date":"2026-01-30","hasAnySchedule":false,"foundValidSchedule":false}
[2026-02-06 07:43:02] DEBUG: Schedule for date | {"context":"ViolationCalculator","employeeId":61,"date":"2026-01-30","isWorkDay":true,"workStart":"09:00","workEnd":"18:00"}
[2026-02-06 07:43:02] DEBUG: Missing time(s) - counted as absent | {"context":"ViolationCalculator","employeeId":61,"date":"2026-01-30","checkIn":"09:00","checkOut":null,"absentMinutes":540}
[2026-02-06 07:43:02] DEBUG: Resolving schedule | {"context":"ScheduleResolver","employeeId":61,"date":"2026-01-31","dayOfWeek":6}
[2026-02-06 07:43:02] DEBUG: Employee schedule lookup | {"context":"ScheduleResolver","employeeId":61,"date":"2026-01-31","hasAnySchedule":false,"foundValidSchedule":false}
[2026-02-06 07:43:02] DEBUG: Department schedule lookup | {"context":"ScheduleResolver","employeeId":61,"departmentId":5,"date":"2026-01-31","hasAnySchedule":false,"foundValidSchedule":false}
[2026-02-06 07:43:02] DEBUG: Schedule for date | {"context":"ViolationCalculator","employeeId":61,"date":"2026-01-31","isWorkDay":false,"workStart":"09:00","workEnd":"18:00"}
[2026-02-06 07:43:02] DEBUG: Skipping non-work day | {"context":"ViolationCalculator","employeeId":61,"date":"2026-01-31"}
[2026-02-06 07:43:02] DEBUG: Resolving schedule | {"context":"ScheduleResolver","employeeId":62,"date":"2026-01-10","dayOfWeek":6}
[2026-02-06 07:43:02] DEBUG: Employee schedule lookup | {"context":"ScheduleResolver","employeeId":62,"date":"2026-01-10","hasAnySchedule":false,"foundValidSchedule":false}
[2026-02-06 07:43:02] DEBUG: Department schedule lookup | {"context":"ScheduleResolver","employeeId":62,"departmentId":8,"date":"2026-01-10","hasAnySchedule":false,"foundValidSchedule":false}
[2026-02-06 07:43:02] DEBUG: Schedule for date | {"context":"ViolationCalculator","employeeId":62,"date":"2026-01-10","isWorkDay":false,"workStart":"09:00","workEnd":"18:00"}
[2026-02-06 07:43:02] DEBUG: Skipping non-work day | {"context":"ViolationCalculator","employeeId":62,"date":"2026-01-10"}
[2026-02-06 07:43:02] DEBUG: Resolving schedule | {"context":"ScheduleResolver","employeeId":62,"date":"2026-01-11","dayOfWeek":7}
[2026-02-06 07:43:02] DEBUG: Employee schedule lookup | {"context":"ScheduleResolver","employeeId":62,"date":"2026-01-11","hasAnySchedule":false,"foundValidSchedule":false}
[2026-02-06 07:43:02] DEBUG: Department schedule lookup | {"context":"ScheduleResolver","employeeId":62,"departmentId":8,"date":"2026-01-11","hasAnySchedule":false,"foundValidSchedule":false}
[2026-02-06 07:43:02] DEBUG: Schedule for date | {"context":"ViolationCalculator","employeeId":62,"date":"2026-01-11","isWorkDay":false,"workStart":"09:00","workEnd":"18:00"}
[2026-02-06 07:43:02] DEBUG: Skipping non-work day | {"context":"ViolationCalculator","employeeId":62,"date":"2026-01-11"}
[2026-02-06 07:43:02] DEBUG: Resolving schedule | {"context":"ScheduleResolver","employeeId":62,"date":"2026-01-12","dayOfWeek":1}
[2026-02-06 07:43:02] DEBUG: Employee schedule lookup | {"context":"ScheduleResolver","employeeId":62,"date":"2026-01-12","hasAnySchedule":false,"foundValidSchedule":false}
[2026-02-06 07:43:02] DEBUG: Department schedule lookup | {"context":"ScheduleResolver","employeeId":62,"departmentId":8,"date":"2026-01-12","hasAnySchedule":false,"foundValidSchedule":false}
[2026-02-06 07:43:02] DEBUG: Schedule for date | {"context":"ViolationCalculator","employeeId":62,"date":"2026-01-12","isWorkDay":true,"workStart":"09:00","workEnd":"18:00"}
[2026-02-06 07:43:02] DEBUG: Both times present - calculated late/early | {"context":"ViolationCalculator","employeeId":62,"date":"2026-01-12","checkIn":"09:00","checkOut":"18:00","lateMinutes":0,"earlyMinutes":0}
[2026-02-06 07:43:02] DEBUG: Resolving schedule | {"context":"ScheduleResolver","employeeId":62,"date":"2026-01-13","dayOfWeek":2}
[2026-02-06 07:43:02] DEBUG: Employee schedule lookup | {"context":"ScheduleResolver","employeeId":62,"date":"2026-01-13","hasAnySchedule":false,"foundValidSchedule":false}
[2026-02-06 07:43:02] DEBUG: Department schedule lookup | {"context":"ScheduleResolver","employeeId":62,"departmentId":8,"date":"2026-01-13","hasAnySchedule":false,"foundValidSchedule":false}
[2026-02-06 07:43:02] DEBUG: Schedule for date | {"context":"ViolationCalculator","employeeId":62,"date":"2026-01-13","isWorkDay":true,"workStart":"09:00","workEnd":"18:00"}
[2026-02-06 07:43:02] DEBUG: Both times present - calculated late/early | {"context":"ViolationCalculator","employeeId":62,"date":"2026-01-13","checkIn":"09:04","checkOut":"18:00","lateMinutes":0,"earlyMinutes":0}
[2026-02-06 07:43:02] DEBUG: Resolving schedule | {"context":"ScheduleResolver","employeeId":62,"date":"2026-01-14","dayOfWeek":3}
[2026-02-06 07:43:02] DEBUG: Employee schedule lookup | {"context":"ScheduleResolver","employeeId":62,"date":"2026-01-14","hasAnySchedule":false,"foundValidSchedule":false}
[2026-02-06 07:43:02] DEBUG: Department schedule lookup | {"context":"ScheduleResolver","employeeId":62,"departmentId":8,"date":"2026-01-14","hasAnySchedule":false,"foundValidSchedule":false}
[2026-02-06 07:43:02] DEBUG: Schedule for date | {"context":"ViolationCalculator","employeeId":62,"date":"2026-01-14","isWorkDay":true,"workStart":"09:00","workEnd":"18:00"}
[2026-02-06 07:43:02] DEBUG: Both times present - calculated late/early | {"context":"ViolationCalculator","employeeId":62,"date":"2026-01-14","checkIn":"09:04","checkOut":"18:00","lateMinutes":0,"earlyMinutes":0}
[2026-02-06 07:43:02] DEBUG: Resolving schedule | {"context":"ScheduleResolver","employeeId":62,"date":"2026-01-15","dayOfWeek":4}
[2026-02-06 07:43:02] DEBUG: Employee schedule lookup | {"context":"ScheduleResolver","employeeId":62,"date":"2026-01-15","hasAnySchedule":false,"foundValidSchedule":false}
[2026-02-06 07:43:02] DEBUG: Department schedule lookup | {"context":"ScheduleResolver","employeeId":62,"departmentId":8,"date":"2026-01-15","hasAnySchedule":false,"foundValidSchedule":false}
[2026-02-06 07:43:02] DEBUG: Schedule for date | {"context":"ViolationCalculator","employeeId":62,"date":"2026-01-15","isWorkDay":true,"workStart":"09:00","workEnd":"18:00"}
[2026-02-06 07:43:02] DEBUG: Both times present - calculated late/early | {"context":"ViolationCalculator","employeeId":62,"date":"2026-01-15","checkIn":"09:04","checkOut":"18:00","lateMinutes":0,"earlyMinutes":0}
[2026-02-06 07:43:02] DEBUG: Resolving schedule | {"context":"ScheduleResolver","employeeId":62,"date":"2026-01-16","dayOfWeek":5}
[2026-02-06 07:43:02] DEBUG: Employee schedule lookup | {"context":"ScheduleResolver","employeeId":62,"date":"2026-01-16","hasAnySchedule":false,"foundValidSchedule":false}
[2026-02-06 07:43:02] DEBUG: Department schedule lookup | {"context":"ScheduleResolver","employeeId":62,"departmentId":8,"date":"2026-01-16","hasAnySchedule":false,"foundValidSchedule":false}
[2026-02-06 07:43:02] DEBUG: Schedule for date | {"context":"ViolationCalculator","employeeId":62,"date":"2026-01-16","isWorkDay":true,"workStart":"09:00","workEnd":"18:00"}
[2026-02-06 07:43:02] DEBUG: Both times present - calculated late/early | {"context":"ViolationCalculator","employeeId":62,"date":"2026-01-16","checkIn":"09:00","checkOut":"18:00","lateMinutes":0,"earlyMinutes":0}
[2026-02-06 07:43:02] DEBUG: Resolving schedule | {"context":"ScheduleResolver","employeeId":62,"date":"2026-01-17","dayOfWeek":6}
[2026-02-06 07:43:02] DEBUG: Employee schedule lookup | {"context":"ScheduleResolver","employeeId":62,"date":"2026-01-17","hasAnySchedule":false,"foundValidSchedule":false}
[2026-02-06 07:43:02] DEBUG: Department schedule lookup | {"context":"ScheduleResolver","employeeId":62,"departmentId":8,"date":"2026-01-17","hasAnySchedule":false,"foundValidSchedule":false}
[2026-02-06 07:43:02] DEBUG: Schedule for date | {"context":"ViolationCalculator","employeeId":62,"date":"2026-01-17","isWorkDay":false,"workStart":"09:00","workEnd":"18:00"}
[2026-02-06 07:43:02] DEBUG: Skipping non-work day | {"context":"ViolationCalculator","employeeId":62,"date":"2026-01-17"}
[2026-02-06 07:43:02] DEBUG: Resolving schedule | {"context":"ScheduleResolver","employeeId":62,"date":"2026-01-18","dayOfWeek":7}
[2026-02-06 07:43:02] DEBUG: Employee schedule lookup | {"context":"ScheduleResolver","employeeId":62,"date":"2026-01-18","hasAnySchedule":false,"foundValidSchedule":false}
[2026-02-06 07:43:02] DEBUG: Department schedule lookup | {"context":"ScheduleResolver","employeeId":62,"departmentId":8,"date":"2026-01-18","hasAnySchedule":false,"foundValidSchedule":false}
[2026-02-06 07:43:02] DEBUG: Schedule for date | {"context":"ViolationCalculator","employeeId":62,"date":"2026-01-18","isWorkDay":false,"workStart":"09:00","workEnd":"18:00"}
[2026-02-06 07:43:02] DEBUG: Skipping non-work day | {"context":"ViolationCalculator","employeeId":62,"date":"2026-01-18"}
[2026-02-06 07:43:02] DEBUG: Resolving schedule | {"context":"ScheduleResolver","employeeId":62,"date":"2026-01-19","dayOfWeek":1}
[2026-02-06 07:43:02] DEBUG: Employee schedule lookup | {"context":"ScheduleResolver","employeeId":62,"date":"2026-01-19","hasAnySchedule":false,"foundValidSchedule":false}
[2026-02-06 07:43:02] DEBUG: Department schedule lookup | {"context":"ScheduleResolver","employeeId":62,"departmentId":8,"date":"2026-01-19","hasAnySchedule":false,"foundValidSchedule":false}
[2026-02-06 07:43:02] DEBUG: Schedule for date | {"context":"ViolationCalculator","employeeId":62,"date":"2026-01-19","isWorkDay":true,"workStart":"09:00","workEnd":"18:00"}
[2026-02-06 07:43:02] DEBUG: Missing time(s) - counted as absent | {"context":"ViolationCalculator","employeeId":62,"date":"2026-01-19","checkIn":null,"checkOut":"18:00","absentMinutes":540}
[2026-02-06 07:43:02] DEBUG: Resolving schedule | {"context":"ScheduleResolver","employeeId":62,"date":"2026-01-20","dayOfWeek":2}
[2026-02-06 07:43:02] DEBUG: Employee schedule lookup | {"context":"ScheduleResolver","employeeId":62,"date":"2026-01-20","hasAnySchedule":false,"foundValidSchedule":false}
[2026-02-06 07:43:02] DEBUG: Department schedule lookup | {"context":"ScheduleResolver","employeeId":62,"departmentId":8,"date":"2026-01-20","hasAnySchedule":false,"foundValidSchedule":false}
[2026-02-06 07:43:02] DEBUG: Schedule for date | {"context":"ViolationCalculator","employeeId":62,"date":"2026-01-20","isWorkDay":true,"workStart":"09:00","workEnd":"18:00"}
[2026-02-06 07:43:02] DEBUG: Both times present - calculated late/early | {"context":"ViolationCalculator","employeeId":62,"date":"2026-01-20","checkIn":"09:08","checkOut":"18:00","lateMinutes":3,"earlyMinutes":0}
[2026-02-06 07:43:02] DEBUG: Resolving schedule | {"context":"ScheduleResolver","employeeId":62,"date":"2026-01-21","dayOfWeek":3}
[2026-02-06 07:43:02] DEBUG: Employee schedule lookup | {"context":"ScheduleResolver","employeeId":62,"date":"2026-01-21","hasAnySchedule":false,"foundValidSchedule":false}
[2026-02-06 07:43:02] DEBUG: Department schedule lookup | {"context":"ScheduleResolver","employeeId":62,"departmentId":8,"date":"2026-01-21","hasAnySchedule":false,"foundValidSchedule":false}
[2026-02-06 07:43:02] DEBUG: Schedule for date | {"context":"ViolationCalculator","employeeId":62,"date":"2026-01-21","isWorkDay":true,"workStart":"09:00","workEnd":"18:00"}
[2026-02-06 07:43:02] DEBUG: Missing time(s) - counted as absent | {"context":"ViolationCalculator","employeeId":62,"date":"2026-01-21","checkIn":null,"checkOut":"18:00","absentMinutes":540}
[2026-02-06 07:43:02] DEBUG: Resolving schedule | {"context":"ScheduleResolver","employeeId":62,"date":"2026-01-22","dayOfWeek":4}
[2026-02-06 07:43:02] DEBUG: Employee schedule lookup | {"context":"ScheduleResolver","employeeId":62,"date":"2026-01-22","hasAnySchedule":false,"foundValidSchedule":false}
[2026-02-06 07:43:02] DEBUG: Department schedule lookup | {"context":"ScheduleResolver","employeeId":62,"departmentId":8,"date":"2026-01-22","hasAnySchedule":false,"foundValidSchedule":false}
[2026-02-06 07:43:02] DEBUG: Schedule for date | {"context":"ViolationCalculator","employeeId":62,"date":"2026-01-22","isWorkDay":true,"workStart":"09:00","workEnd":"18:00"}
[2026-02-06 07:43:02] DEBUG: Both times present - calculated late/early | {"context":"ViolationCalculator","employeeId":62,"date":"2026-01-22","checkIn":"09:09","checkOut":"17:07","lateMinutes":4,"earlyMinutes":53}
[2026-02-06 07:43:02] DEBUG: Resolving schedule | {"context":"ScheduleResolver","employeeId":62,"date":"2026-01-23","dayOfWeek":5}
[2026-02-06 07:43:02] DEBUG: Employee schedule lookup | {"context":"ScheduleResolver","employeeId":62,"date":"2026-01-23","hasAnySchedule":false,"foundValidSchedule":false}
[2026-02-06 07:43:02] DEBUG: Department schedule lookup | {"context":"ScheduleResolver","employeeId":62,"departmentId":8,"date":"2026-01-23","hasAnySchedule":false,"foundValidSchedule":false}
[2026-02-06 07:43:02] DEBUG: Schedule for date | {"context":"ViolationCalculator","employeeId":62,"date":"2026-01-23","isWorkDay":true,"workStart":"09:00","workEnd":"18:00"}
[2026-02-06 07:43:02] DEBUG: Both times present - calculated late/early | {"context":"ViolationCalculator","employeeId":62,"date":"2026-01-23","checkIn":"09:14","checkOut":"18:00","lateMinutes":9,"earlyMinutes":0}
[2026-02-06 07:43:02] DEBUG: Resolving schedule | {"context":"ScheduleResolver","employeeId":62,"date":"2026-01-24","dayOfWeek":6}
[2026-02-06 07:43:02] DEBUG: Employee schedule lookup | {"context":"ScheduleResolver","employeeId":62,"date":"2026-01-24","hasAnySchedule":false,"foundValidSchedule":false}
[2026-02-06 07:43:02] DEBUG: Department schedule lookup | {"context":"ScheduleResolver","employeeId":62,"departmentId":8,"date":"2026-01-24","hasAnySchedule":false,"foundValidSchedule":false}
[2026-02-06 07:43:02] DEBUG: Schedule for date | {"context":"ViolationCalculator","employeeId":62,"date":"2026-01-24","isWorkDay":false,"workStart":"09:00","workEnd":"18:00"}
[2026-02-06 07:43:02] DEBUG: Skipping non-work day | {"context":"ViolationCalculator","employeeId":62,"date":"2026-01-24"}
[2026-02-06 07:43:02] DEBUG: Resolving schedule | {"context":"ScheduleResolver","employeeId":62,"date":"2026-01-25","dayOfWeek":7}
[2026-02-06 07:43:02] DEBUG: Employee schedule lookup | {"context":"ScheduleResolver","employeeId":62,"date":"2026-01-25","hasAnySchedule":false,"foundValidSchedule":false}
[2026-02-06 07:43:02] DEBUG: Department schedule lookup | {"context":"ScheduleResolver","employeeId":62,"departmentId":8,"date":"2026-01-25","hasAnySchedule":false,"foundValidSchedule":false}
[2026-02-06 07:43:02] DEBUG: Schedule for date | {"context":"ViolationCalculator","employeeId":62,"date":"2026-01-25","isWorkDay":false,"workStart":"09:00","workEnd":"18:00"}
[2026-02-06 07:43:02] DEBUG: Skipping non-work day | {"context":"ViolationCalculator","employeeId":62,"date":"2026-01-25"}
[2026-02-06 07:43:02] DEBUG: Resolving schedule | {"context":"ScheduleResolver","employeeId":62,"date":"2026-01-26","dayOfWeek":1}
[2026-02-06 07:43:02] DEBUG: Employee schedule lookup | {"context":"ScheduleResolver","employeeId":62,"date":"2026-01-26","hasAnySchedule":false,"foundValidSchedule":false}
[2026-02-06 07:43:02] DEBUG: Department schedule lookup | {"context":"ScheduleResolver","employeeId":62,"departmentId":8,"date":"2026-01-26","hasAnySchedule":false,"foundValidSchedule":false}
[2026-02-06 07:43:02] DEBUG: Schedule for date | {"context":"ViolationCalculator","employeeId":62,"date":"2026-01-26","isWorkDay":true,"workStart":"09:00","workEnd":"18:00"}
[2026-02-06 07:43:02] DEBUG: Both times present - calculated late/early | {"context":"ViolationCalculator","employeeId":62,"date":"2026-01-26","checkIn":"09:05","checkOut":"18:00","lateMinutes":0,"earlyMinutes":0}
[2026-02-06 07:43:02] DEBUG: Resolving schedule | {"context":"ScheduleResolver","employeeId":62,"date":"2026-01-27","dayOfWeek":2}
[2026-02-06 07:43:02] DEBUG: Employee schedule lookup | {"context":"ScheduleResolver","employeeId":62,"date":"2026-01-27","hasAnySchedule":false,"foundValidSchedule":false}
[2026-02-06 07:43:02] DEBUG: Department schedule lookup | {"context":"ScheduleResolver","employeeId":62,"departmentId":8,"date":"2026-01-27","hasAnySchedule":false,"foundValidSchedule":false}
[2026-02-06 07:43:02] DEBUG: Schedule for date | {"context":"ViolationCalculator","employeeId":62,"date":"2026-01-27","isWorkDay":true,"workStart":"09:00","workEnd":"18:00"}
[2026-02-06 07:43:02] DEBUG: Both times present - calculated late/early | {"context":"ViolationCalculator","employeeId":62,"date":"2026-01-27","checkIn":"09:00","checkOut":"18:00","lateMinutes":0,"earlyMinutes":0}
[2026-02-06 07:43:02] DEBUG: Resolving schedule | {"context":"ScheduleResolver","employeeId":62,"date":"2026-01-28","dayOfWeek":3}
[2026-02-06 07:43:02] DEBUG: Employee schedule lookup | {"context":"ScheduleResolver","employeeId":62,"date":"2026-01-28","hasAnySchedule":false,"foundValidSchedule":false}
[2026-02-06 07:43:02] DEBUG: Department schedule lookup | {"context":"ScheduleResolver","employeeId":62,"departmentId":8,"date":"2026-01-28","hasAnySchedule":false,"foundValidSchedule":false}
[2026-02-06 07:43:02] DEBUG: Schedule for date | {"context":"ViolationCalculator","employeeId":62,"date":"2026-01-28","isWorkDay":true,"workStart":"09:00","workEnd":"18:00"}
[2026-02-06 07:43:02] DEBUG: Missing time(s) - counted as absent | {"context":"ViolationCalculator","employeeId":62,"date":"2026-01-28","checkIn":null,"checkOut":"17:57","absentMinutes":540}
[2026-02-06 07:43:02] DEBUG: Resolving schedule | {"context":"ScheduleResolver","employeeId":62,"date":"2026-01-29","dayOfWeek":4}
[2026-02-06 07:43:02] DEBUG: Employee schedule lookup | {"context":"ScheduleResolver","employeeId":62,"date":"2026-01-29","hasAnySchedule":false,"foundValidSchedule":false}
[2026-02-06 07:43:02] DEBUG: Department schedule lookup | {"context":"ScheduleResolver","employeeId":62,"departmentId":8,"date":"2026-01-29","hasAnySchedule":false,"foundValidSchedule":false}
[2026-02-06 07:43:02] DEBUG: Schedule for date | {"context":"ViolationCalculator","employeeId":62,"date":"2026-01-29","isWorkDay":true,"workStart":"09:00","workEnd":"18:00"}
[2026-02-06 07:43:02] DEBUG: Missing time(s) - counted as absent | {"context":"ViolationCalculator","employeeId":62,"date":"2026-01-29","checkIn":null,"checkOut":"18:00","absentMinutes":540}
[2026-02-06 07:43:02] DEBUG: Resolving schedule | {"context":"ScheduleResolver","employeeId":62,"date":"2026-01-30","dayOfWeek":5}
[2026-02-06 07:43:02] DEBUG: Employee schedule lookup | {"context":"ScheduleResolver","employeeId":62,"date":"2026-01-30","hasAnySchedule":false,"foundValidSchedule":false}
[2026-02-06 07:43:02] DEBUG: Department schedule lookup | {"context":"ScheduleResolver","employeeId":62,"departmentId":8,"date":"2026-01-30","hasAnySchedule":false,"foundValidSchedule":false}
[2026-02-06 07:43:02] DEBUG: Schedule for date | {"context":"ViolationCalculator","employeeId":62,"date":"2026-01-30","isWorkDay":true,"workStart":"09:00","workEnd":"18:00"}
[2026-02-06 07:43:02] DEBUG: Both times present - calculated late/early | {"context":"ViolationCalculator","employeeId":62,"date":"2026-01-30","checkIn":"09:00","checkOut":"18:00","lateMinutes":0,"earlyMinutes":0}
[2026-02-06 07:43:02] DEBUG: Resolving schedule | {"context":"ScheduleResolver","employeeId":62,"date":"2026-01-31","dayOfWeek":6}
[2026-02-06 07:43:02] DEBUG: Employee schedule lookup | {"context":"ScheduleResolver","employeeId":62,"date":"2026-01-31","hasAnySchedule":false,"foundValidSchedule":false}
[2026-02-06 07:43:02] DEBUG: Department schedule lookup | {"context":"ScheduleResolver","employeeId":62,"departmentId":8,"date":"2026-01-31","hasAnySchedule":false,"foundValidSchedule":false}
[2026-02-06 07:43:02] DEBUG: Schedule for date | {"context":"ViolationCalculator","employeeId":62,"date":"2026-01-31","isWorkDay":false,"workStart":"09:00","workEnd":"18:00"}
[2026-02-06 07:43:02] DEBUG: Skipping non-work day | {"context":"ViolationCalculator","employeeId":62,"date":"2026-01-31"}
[2026-02-06 07:43:02] DEBUG: Resolving schedule | {"context":"ScheduleResolver","employeeId":63,"date":"2026-01-10","dayOfWeek":6}
[2026-02-06 07:43:02] DEBUG: Employee schedule lookup | {"context":"ScheduleResolver","employeeId":63,"date":"2026-01-10","hasAnySchedule":false,"foundValidSchedule":false}
[2026-02-06 07:43:02] DEBUG: Department schedule lookup | {"context":"ScheduleResolver","employeeId":63,"departmentId":8,"date":"2026-01-10","hasAnySchedule":false,"foundValidSchedule":false}
[2026-02-06 07:43:02] DEBUG: Schedule for date | {"context":"ViolationCalculator","employeeId":63,"date":"2026-01-10","isWorkDay":false,"workStart":"09:00","workEnd":"18:00"}
[2026-02-06 07:43:02] DEBUG: Skipping non-work day | {"context":"ViolationCalculator","employeeId":63,"date":"2026-01-10"}
[2026-02-06 07:43:02] DEBUG: Resolving schedule | {"context":"ScheduleResolver","employeeId":63,"date":"2026-01-11","dayOfWeek":7}
[2026-02-06 07:43:02] DEBUG: Employee schedule lookup | {"context":"ScheduleResolver","employeeId":63,"date":"2026-01-11","hasAnySchedule":false,"foundValidSchedule":false}
[2026-02-06 07:43:02] DEBUG: Department schedule lookup | {"context":"ScheduleResolver","employeeId":63,"departmentId":8,"date":"2026-01-11","hasAnySchedule":false,"foundValidSchedule":false}
[2026-02-06 07:43:02] DEBUG: Schedule for date | {"context":"ViolationCalculator","employeeId":63,"date":"2026-01-11","isWorkDay":false,"workStart":"09:00","workEnd":"18:00"}
[2026-02-06 07:43:02] DEBUG: Skipping non-work day | {"context":"ViolationCalculator","employeeId":63,"date":"2026-01-11"}
[2026-02-06 07:43:02] DEBUG: Resolving schedule | {"context":"ScheduleResolver","employeeId":63,"date":"2026-01-12","dayOfWeek":1}
[2026-02-06 07:43:02] DEBUG: Employee schedule lookup | {"context":"ScheduleResolver","employeeId":63,"date":"2026-01-12","hasAnySchedule":false,"foundValidSchedule":false}
[2026-02-06 07:43:02] DEBUG: Department schedule lookup | {"context":"ScheduleResolver","employeeId":63,"departmentId":8,"date":"2026-01-12","hasAnySchedule":false,"foundValidSchedule":false}
[2026-02-06 07:43:02] DEBUG: Schedule for date | {"context":"ViolationCalculator","employeeId":63,"date":"2026-01-12","isWorkDay":true,"workStart":"09:00","workEnd":"18:00"}
[2026-02-06 07:43:02] DEBUG: Both times present - calculated late/early | {"context":"ViolationCalculator","employeeId":63,"date":"2026-01-12","checkIn":"09:00","checkOut":"18:00","lateMinutes":0,"earlyMinutes":0}
[2026-02-06 07:43:02] DEBUG: Resolving schedule | {"context":"ScheduleResolver","employeeId":63,"date":"2026-01-13","dayOfWeek":2}
[2026-02-06 07:43:02] DEBUG: Employee schedule lookup | {"context":"ScheduleResolver","employeeId":63,"date":"2026-01-13","hasAnySchedule":false,"foundValidSchedule":false}
[2026-02-06 07:43:02] DEBUG: Department schedule lookup | {"context":"ScheduleResolver","employeeId":63,"departmentId":8,"date":"2026-01-13","hasAnySchedule":false,"foundValidSchedule":false}
[2026-02-06 07:43:02] DEBUG: Schedule for date | {"context":"ViolationCalculator","employeeId":63,"date":"2026-01-13","isWorkDay":true,"workStart":"09:00","workEnd":"18:00"}
[2026-02-06 07:43:02] DEBUG: Both times present - calculated late/early | {"context":"ViolationCalculator","employeeId":63,"date":"2026-01-13","checkIn":"09:00","checkOut":"18:00","lateMinutes":0,"earlyMinutes":0}
[2026-02-06 07:43:02] DEBUG: Resolving schedule | {"context":"ScheduleResolver","employeeId":63,"date":"2026-01-14","dayOfWeek":3}
[2026-02-06 07:43:02] DEBUG: Employee schedule lookup | {"context":"ScheduleResolver","employeeId":63,"date":"2026-01-14","hasAnySchedule":false,"foundValidSchedule":false}
[2026-02-06 07:43:02] DEBUG: Department schedule lookup | {"context":"ScheduleResolver","employeeId":63,"departmentId":8,"date":"2026-01-14","hasAnySchedule":false,"foundValidSchedule":false}
[2026-02-06 07:43:02] DEBUG: Schedule for date | {"context":"ViolationCalculator","employeeId":63,"date":"2026-01-14","isWorkDay":true,"workStart":"09:00","workEnd":"18:00"}
[2026-02-06 07:43:02] DEBUG: Missing time(s) - counted as absent | {"context":"ViolationCalculator","employeeId":63,"date":"2026-01-14","checkIn":null,"checkOut":null,"absentMinutes":540}
[2026-02-06 07:43:02] DEBUG: Resolving schedule | {"context":"ScheduleResolver","employeeId":63,"date":"2026-01-15","dayOfWeek":4}
[2026-02-06 07:43:02] DEBUG: Employee schedule lookup | {"context":"ScheduleResolver","employeeId":63,"date":"2026-01-15","hasAnySchedule":false,"foundValidSchedule":false}
[2026-02-06 07:43:02] DEBUG: Department schedule lookup | {"context":"ScheduleResolver","employeeId":63,"departmentId":8,"date":"2026-01-15","hasAnySchedule":false,"foundValidSchedule":false}
[2026-02-06 07:43:02] DEBUG: Schedule for date | {"context":"ViolationCalculator","employeeId":63,"date":"2026-01-15","isWorkDay":true,"workStart":"09:00","workEnd":"18:00"}
[2026-02-06 07:43:02] DEBUG: Missing time(s) - counted as absent | {"context":"ViolationCalculator","employeeId":63,"date":"2026-01-15","checkIn":null,"checkOut":null,"absentMinutes":540}
[2026-02-06 07:43:02] DEBUG: Resolving schedule | {"context":"ScheduleResolver","employeeId":63,"date":"2026-01-16","dayOfWeek":5}
[2026-02-06 07:43:02] DEBUG: Employee schedule lookup | {"context":"ScheduleResolver","employeeId":63,"date":"2026-01-16","hasAnySchedule":false,"foundValidSchedule":false}
[2026-02-06 07:43:02] DEBUG: Department schedule lookup | {"context":"ScheduleResolver","employeeId":63,"departmentId":8,"date":"2026-01-16","hasAnySchedule":false,"foundValidSchedule":false}
[2026-02-06 07:43:02] DEBUG: Schedule for date | {"context":"ViolationCalculator","employeeId":63,"date":"2026-01-16","isWorkDay":true,"workStart":"09:00","workEnd":"18:00"}
[2026-02-06 07:43:02] DEBUG: Missing time(s) - counted as absent | {"context":"ViolationCalculator","employeeId":63,"date":"2026-01-16","checkIn":null,"checkOut":null,"absentMinutes":540}
[2026-02-06 07:43:02] DEBUG: Resolving schedule | {"context":"ScheduleResolver","employeeId":63,"date":"2026-01-17","dayOfWeek":6}
[2026-02-06 07:43:02] DEBUG: Employee schedule lookup | {"context":"ScheduleResolver","employeeId":63,"date":"2026-01-17","hasAnySchedule":false,"foundValidSchedule":false}
[2026-02-06 07:43:02] DEBUG: Department schedule lookup | {"context":"ScheduleResolver","employeeId":63,"departmentId":8,"date":"2026-01-17","hasAnySchedule":false,"foundValidSchedule":false}
[2026-02-06 07:43:02] DEBUG: Schedule for date | {"context":"ViolationCalculator","employeeId":63,"date":"2026-01-17","isWorkDay":false,"workStart":"09:00","workEnd":"18:00"}
[2026-02-06 07:43:02] DEBUG: Skipping non-work day | {"context":"ViolationCalculator","employeeId":63,"date":"2026-01-17"}
[2026-02-06 07:43:02] DEBUG: Resolving schedule | {"context":"ScheduleResolver","employeeId":63,"date":"2026-01-18","dayOfWeek":7}
[2026-02-06 07:43:02] DEBUG: Employee schedule lookup | {"context":"ScheduleResolver","employeeId":63,"date":"2026-01-18","hasAnySchedule":false,"foundValidSchedule":false}
[2026-02-06 07:43:02] DEBUG: Department schedule lookup | {"context":"ScheduleResolver","employeeId":63,"departmentId":8,"date":"2026-01-18","hasAnySchedule":false,"foundValidSchedule":false}
[2026-02-06 07:43:02] DEBUG: Schedule for date | {"context":"ViolationCalculator","employeeId":63,"date":"2026-01-18","isWorkDay":false,"workStart":"09:00","workEnd":"18:00"}
[2026-02-06 07:43:02] DEBUG: Skipping non-work day | {"context":"ViolationCalculator","employeeId":63,"date":"2026-01-18"}
[2026-02-06 07:43:02] DEBUG: Resolving schedule | {"context":"ScheduleResolver","employeeId":63,"date":"2026-01-19","dayOfWeek":1}
[2026-02-06 07:43:02] DEBUG: Employee schedule lookup | {"context":"ScheduleResolver","employeeId":63,"date":"2026-01-19","hasAnySchedule":false,"foundValidSchedule":false}
[2026-02-06 07:43:02] DEBUG: Department schedule lookup | {"context":"ScheduleResolver","employeeId":63,"departmentId":8,"date":"2026-01-19","hasAnySchedule":false,"foundValidSchedule":false}
[2026-02-06 07:43:02] DEBUG: Schedule for date | {"context":"ViolationCalculator","employeeId":63,"date":"2026-01-19","isWorkDay":true,"workStart":"09:00","workEnd":"18:00"}
[2026-02-06 07:43:02] DEBUG: Both times present - calculated late/early | {"context":"ViolationCalculator","employeeId":63,"date":"2026-01-19","checkIn":"09:00","checkOut":"18:00","lateMinutes":0,"earlyMinutes":0}
[2026-02-06 07:43:02] DEBUG: Resolving schedule | {"context":"ScheduleResolver","employeeId":63,"date":"2026-01-20","dayOfWeek":2}
[2026-02-06 07:43:02] DEBUG: Employee schedule lookup | {"context":"ScheduleResolver","employeeId":63,"date":"2026-01-20","hasAnySchedule":false,"foundValidSchedule":false}
[2026-02-06 07:43:02] DEBUG: Department schedule lookup | {"context":"ScheduleResolver","employeeId":63,"departmentId":8,"date":"2026-01-20","hasAnySchedule":false,"foundValidSchedule":false}
[2026-02-06 07:43:02] DEBUG: Schedule for date | {"context":"ViolationCalculator","employeeId":63,"date":"2026-01-20","isWorkDay":true,"workStart":"09:00","workEnd":"18:00"}
[2026-02-06 07:43:02] DEBUG: Missing time(s) - counted as absent | {"context":"ViolationCalculator","employeeId":63,"date":"2026-01-20","checkIn":"09:00","checkOut":null,"absentMinutes":540}
[2026-02-06 07:43:02] DEBUG: Resolving schedule | {"context":"ScheduleResolver","employeeId":63,"date":"2026-01-21","dayOfWeek":3}
[2026-02-06 07:43:02] DEBUG: Employee schedule lookup | {"context":"ScheduleResolver","employeeId":63,"date":"2026-01-21","hasAnySchedule":false,"foundValidSchedule":false}
[2026-02-06 07:43:02] DEBUG: Department schedule lookup | {"context":"ScheduleResolver","employeeId":63,"departmentId":8,"date":"2026-01-21","hasAnySchedule":false,"foundValidSchedule":false}
[2026-02-06 07:43:02] DEBUG: Schedule for date | {"context":"ViolationCalculator","employeeId":63,"date":"2026-01-21","isWorkDay":true,"workStart":"09:00","workEnd":"18:00"}
[2026-02-06 07:43:02] DEBUG: Missing time(s) - counted as absent | {"context":"ViolationCalculator","employeeId":63,"date":"2026-01-21","checkIn":null,"checkOut":null,"absentMinutes":540}
[2026-02-06 07:43:02] DEBUG: Resolving schedule | {"context":"ScheduleResolver","employeeId":63,"date":"2026-01-22","dayOfWeek":4}
[2026-02-06 07:43:02] DEBUG: Employee schedule lookup | {"context":"ScheduleResolver","employeeId":63,"date":"2026-01-22","hasAnySchedule":false,"foundValidSchedule":false}
[2026-02-06 07:43:02] DEBUG: Department schedule lookup | {"context":"ScheduleResolver","employeeId":63,"departmentId":8,"date":"2026-01-22","hasAnySchedule":false,"foundValidSchedule":false}
[2026-02-06 07:43:02] DEBUG: Schedule for date | {"context":"ViolationCalculator","employeeId":63,"date":"2026-01-22","isWorkDay":true,"workStart":"09:00","workEnd":"18:00"}
[2026-02-06 07:43:02] DEBUG: Missing time(s) - counted as absent | {"context":"ViolationCalculator","employeeId":63,"date":"2026-01-22","checkIn":null,"checkOut":null,"absentMinutes":540}
[2026-02-06 07:43:02] DEBUG: Resolving schedule | {"context":"ScheduleResolver","employeeId":63,"date":"2026-01-23","dayOfWeek":5}
[2026-02-06 07:43:02] DEBUG: Employee schedule lookup | {"context":"ScheduleResolver","employeeId":63,"date":"2026-01-23","hasAnySchedule":false,"foundValidSchedule":false}
[2026-02-06 07:43:02] DEBUG: Department schedule lookup | {"context":"ScheduleResolver","employeeId":63,"departmentId":8,"date":"2026-01-23","hasAnySchedule":false,"foundValidSchedule":false}
[2026-02-06 07:43:02] DEBUG: Schedule for date | {"context":"ViolationCalculator","employeeId":63,"date":"2026-01-23","isWorkDay":true,"workStart":"09:00","workEnd":"18:00"}
[2026-02-06 07:43:02] DEBUG: Missing time(s) - counted as absent | {"context":"ViolationCalculator","employeeId":63,"date":"2026-01-23","checkIn":null,"checkOut":null,"absentMinutes":540}
[2026-02-06 07:43:02] DEBUG: Resolving schedule | {"context":"ScheduleResolver","employeeId":63,"date":"2026-01-24","dayOfWeek":6}
[2026-02-06 07:43:02] DEBUG: Employee schedule lookup | {"context":"ScheduleResolver","employeeId":63,"date":"2026-01-24","hasAnySchedule":false,"foundValidSchedule":false}
[2026-02-06 07:43:02] DEBUG: Department schedule lookup | {"context":"ScheduleResolver","employeeId":63,"departmentId":8,"date":"2026-01-24","hasAnySchedule":false,"foundValidSchedule":false}
[2026-02-06 07:43:02] DEBUG: Schedule for date | {"context":"ViolationCalculator","employeeId":63,"date":"2026-01-24","isWorkDay":false,"workStart":"09:00","workEnd":"18:00"}
[2026-02-06 07:43:02] DEBUG: Skipping non-work day | {"context":"ViolationCalculator","employeeId":63,"date":"2026-01-24"}
[2026-02-06 07:43:02] DEBUG: Resolving schedule | {"context":"ScheduleResolver","employeeId":63,"date":"2026-01-25","dayOfWeek":7}
[2026-02-06 07:43:02] DEBUG: Employee schedule lookup | {"context":"ScheduleResolver","employeeId":63,"date":"2026-01-25","hasAnySchedule":false,"foundValidSchedule":false}
[2026-02-06 07:43:02] DEBUG: Department schedule lookup | {"context":"ScheduleResolver","employeeId":63,"departmentId":8,"date":"2026-01-25","hasAnySchedule":false,"foundValidSchedule":false}
[2026-02-06 07:43:02] DEBUG: Schedule for date | {"context":"ViolationCalculator","employeeId":63,"date":"2026-01-25","isWorkDay":false,"workStart":"09:00","workEnd":"18:00"}
[2026-02-06 07:43:02] DEBUG: Skipping non-work day | {"context":"ViolationCalculator","employeeId":63,"date":"2026-01-25"}
[2026-02-06 07:43:02] DEBUG: Resolving schedule | {"context":"ScheduleResolver","employeeId":63,"date":"2026-01-26","dayOfWeek":1}
[2026-02-06 07:43:02] DEBUG: Employee schedule lookup | {"context":"ScheduleResolver","employeeId":63,"date":"2026-01-26","hasAnySchedule":false,"foundValidSchedule":false}
[2026-02-06 07:43:02] DEBUG: Department schedule lookup | {"context":"ScheduleResolver","employeeId":63,"departmentId":8,"date":"2026-01-26","hasAnySchedule":false,"foundValidSchedule":false}
[2026-02-06 07:43:02] DEBUG: Schedule for date | {"context":"ViolationCalculator","employeeId":63,"date":"2026-01-26","isWorkDay":true,"workStart":"09:00","workEnd":"18:00"}
[2026-02-06 07:43:02] DEBUG: Both times present - calculated late/early | {"context":"ViolationCalculator","employeeId":63,"date":"2026-01-26","checkIn":"09:00","checkOut":"18:00","lateMinutes":0,"earlyMinutes":0}
[2026-02-06 07:43:02] DEBUG: Resolving schedule | {"context":"ScheduleResolver","employeeId":63,"date":"2026-01-27","dayOfWeek":2}
[2026-02-06 07:43:02] DEBUG: Employee schedule lookup | {"context":"ScheduleResolver","employeeId":63,"date":"2026-01-27","hasAnySchedule":false,"foundValidSchedule":false}
[2026-02-06 07:43:02] DEBUG: Department schedule lookup | {"context":"ScheduleResolver","employeeId":63,"departmentId":8,"date":"2026-01-27","hasAnySchedule":false,"foundValidSchedule":false}
[2026-02-06 07:43:02] DEBUG: Schedule for date | {"context":"ViolationCalculator","employeeId":63,"date":"2026-01-27","isWorkDay":true,"workStart":"09:00","workEnd":"18:00"}
[2026-02-06 07:43:02] DEBUG: Both times present - calculated late/early | {"context":"ViolationCalculator","employeeId":63,"date":"2026-01-27","checkIn":"09:00","checkOut":"18:00","lateMinutes":0,"earlyMinutes":0}
[2026-02-06 07:43:02] DEBUG: Resolving schedule | {"context":"ScheduleResolver","employeeId":63,"date":"2026-01-28","dayOfWeek":3}
[2026-02-06 07:43:02] DEBUG: Employee schedule lookup | {"context":"ScheduleResolver","employeeId":63,"date":"2026-01-28","hasAnySchedule":false,"foundValidSchedule":false}
[2026-02-06 07:43:02] DEBUG: Department schedule lookup | {"context":"ScheduleResolver","employeeId":63,"departmentId":8,"date":"2026-01-28","hasAnySchedule":false,"foundValidSchedule":false}
[2026-02-06 07:43:02] DEBUG: Schedule for date | {"context":"ViolationCalculator","employeeId":63,"date":"2026-01-28","isWorkDay":true,"workStart":"09:00","workEnd":"18:00"}
[2026-02-06 07:43:02] DEBUG: Both times present - calculated late/early | {"context":"ViolationCalculator","employeeId":63,"date":"2026-01-28","checkIn":"08:49","checkOut":"18:08","lateMinutes":0,"earlyMinutes":0}
[2026-02-06 07:43:02] DEBUG: Resolving schedule | {"context":"ScheduleResolver","employeeId":63,"date":"2026-01-29","dayOfWeek":4}
[2026-02-06 07:43:02] DEBUG: Employee schedule lookup | {"context":"ScheduleResolver","employeeId":63,"date":"2026-01-29","hasAnySchedule":false,"foundValidSchedule":false}
[2026-02-06 07:43:02] DEBUG: Department schedule lookup | {"context":"ScheduleResolver","employeeId":63,"departmentId":8,"date":"2026-01-29","hasAnySchedule":false,"foundValidSchedule":false}
[2026-02-06 07:43:02] DEBUG: Schedule for date | {"context":"ViolationCalculator","employeeId":63,"date":"2026-01-29","isWorkDay":true,"workStart":"09:00","workEnd":"18:00"}
[2026-02-06 07:43:02] DEBUG: Both times present - calculated late/early | {"context":"ViolationCalculator","employeeId":63,"date":"2026-01-29","checkIn":"09:00","checkOut":"18:00","lateMinutes":0,"earlyMinutes":0}
[2026-02-06 07:43:02] DEBUG: Resolving schedule | {"context":"ScheduleResolver","employeeId":63,"date":"2026-01-30","dayOfWeek":5}
[2026-02-06 07:43:02] DEBUG: Employee schedule lookup | {"context":"ScheduleResolver","employeeId":63,"date":"2026-01-30","hasAnySchedule":false,"foundValidSchedule":false}
[2026-02-06 07:43:02] DEBUG: Department schedule lookup | {"context":"ScheduleResolver","employeeId":63,"departmentId":8,"date":"2026-01-30","hasAnySchedule":false,"foundValidSchedule":false}
[2026-02-06 07:43:02] DEBUG: Schedule for date | {"context":"ViolationCalculator","employeeId":63,"date":"2026-01-30","isWorkDay":true,"workStart":"09:00","workEnd":"18:00"}
[2026-02-06 07:43:02] DEBUG: Both times present - calculated late/early | {"context":"ViolationCalculator","employeeId":63,"date":"2026-01-30","checkIn":"09:00","checkOut":"18:00","lateMinutes":0,"earlyMinutes":0}
[2026-02-06 07:43:02] DEBUG: Resolving schedule | {"context":"ScheduleResolver","employeeId":63,"date":"2026-01-31","dayOfWeek":6}
[2026-02-06 07:43:02] DEBUG: Employee schedule lookup | {"context":"ScheduleResolver","employeeId":63,"date":"2026-01-31","hasAnySchedule":false,"foundValidSchedule":false}
[2026-02-06 07:43:02] DEBUG: Department schedule lookup | {"context":"ScheduleResolver","employeeId":63,"departmentId":8,"date":"2026-01-31","hasAnySchedule":false,"foundValidSchedule":false}
[2026-02-06 07:43:02] DEBUG: Schedule for date | {"context":"ViolationCalculator","employeeId":63,"date":"2026-01-31","isWorkDay":false,"workStart":"09:00","workEnd":"18:00"}
[2026-02-06 07:43:02] DEBUG: Skipping non-work day | {"context":"ViolationCalculator","employeeId":63,"date":"2026-01-31"}
[2026-02-06 07:43:02] DEBUG: Resolving schedule | {"context":"ScheduleResolver","employeeId":64,"date":"2026-01-10","dayOfWeek":6}
[2026-02-06 07:43:02] DEBUG: Employee schedule lookup | {"context":"ScheduleResolver","employeeId":64,"date":"2026-01-10","hasAnySchedule":false,"foundValidSchedule":false}
[2026-02-06 07:43:02] DEBUG: Department schedule lookup | {"context":"ScheduleResolver","employeeId":64,"departmentId":4,"date":"2026-01-10","hasAnySchedule":false,"foundValidSchedule":false}
[2026-02-06 07:43:02] DEBUG: Schedule for date | {"context":"ViolationCalculator","employeeId":64,"date":"2026-01-10","isWorkDay":false,"workStart":"09:00","workEnd":"18:00"}
[2026-02-06 07:43:02] DEBUG: Skipping non-work day | {"context":"ViolationCalculator","employeeId":64,"date":"2026-01-10"}
[2026-02-06 07:43:02] DEBUG: Resolving schedule | {"context":"ScheduleResolver","employeeId":64,"date":"2026-01-11","dayOfWeek":7}
[2026-02-06 07:43:02] DEBUG: Employee schedule lookup | {"context":"ScheduleResolver","employeeId":64,"date":"2026-01-11","hasAnySchedule":false,"foundValidSchedule":false}
[2026-02-06 07:43:02] DEBUG: Department schedule lookup | {"context":"ScheduleResolver","employeeId":64,"departmentId":4,"date":"2026-01-11","hasAnySchedule":false,"foundValidSchedule":false}
[2026-02-06 07:43:02] DEBUG: Schedule for date | {"context":"ViolationCalculator","employeeId":64,"date":"2026-01-11","isWorkDay":false,"workStart":"09:00","workEnd":"18:00"}
[2026-02-06 07:43:02] DEBUG: Skipping non-work day | {"context":"ViolationCalculator","employeeId":64,"date":"2026-01-11"}
[2026-02-06 07:43:02] DEBUG: Resolving schedule | {"context":"ScheduleResolver","employeeId":64,"date":"2026-01-12","dayOfWeek":1}
[2026-02-06 07:43:02] DEBUG: Employee schedule lookup | {"context":"ScheduleResolver","employeeId":64,"date":"2026-01-12","hasAnySchedule":false,"foundValidSchedule":false}
[2026-02-06 07:43:02] DEBUG: Department schedule lookup | {"context":"ScheduleResolver","employeeId":64,"departmentId":4,"date":"2026-01-12","hasAnySchedule":false,"foundValidSchedule":false}
[2026-02-06 07:43:02] DEBUG: Schedule for date | {"context":"ViolationCalculator","employeeId":64,"date":"2026-01-12","isWorkDay":true,"workStart":"09:00","workEnd":"18:00"}
[2026-02-06 07:43:02] DEBUG: Both times present - calculated late/early | {"context":"ViolationCalculator","employeeId":64,"date":"2026-01-12","checkIn":"09:00","checkOut":"18:00","lateMinutes":0,"earlyMinutes":0}
[2026-02-06 07:43:02] DEBUG: Resolving schedule | {"context":"ScheduleResolver","employeeId":64,"date":"2026-01-13","dayOfWeek":2}
[2026-02-06 07:43:02] DEBUG: Employee schedule lookup | {"context":"ScheduleResolver","employeeId":64,"date":"2026-01-13","hasAnySchedule":false,"foundValidSchedule":false}
[2026-02-06 07:43:02] DEBUG: Department schedule lookup | {"context":"ScheduleResolver","employeeId":64,"departmentId":4,"date":"2026-01-13","hasAnySchedule":false,"foundValidSchedule":false}
[2026-02-06 07:43:02] DEBUG: Schedule for date | {"context":"ViolationCalculator","employeeId":64,"date":"2026-01-13","isWorkDay":true,"workStart":"09:00","workEnd":"18:00"}
[2026-02-06 07:43:02] DEBUG: Both times present - calculated late/early | {"context":"ViolationCalculator","employeeId":64,"date":"2026-01-13","checkIn":"09:00","checkOut":"18:00","lateMinutes":0,"earlyMinutes":0}
[2026-02-06 07:43:02] DEBUG: Resolving schedule | {"context":"ScheduleResolver","employeeId":64,"date":"2026-01-14","dayOfWeek":3}
[2026-02-06 07:43:02] DEBUG: Employee schedule lookup | {"context":"ScheduleResolver","employeeId":64,"date":"2026-01-14","hasAnySchedule":false,"foundValidSchedule":false}
[2026-02-06 07:43:02] DEBUG: Department schedule lookup | {"context":"ScheduleResolver","employeeId":64,"departmentId":4,"date":"2026-01-14","hasAnySchedule":false,"foundValidSchedule":false}
[2026-02-06 07:43:02] DEBUG: Schedule for date | {"context":"ViolationCalculator","employeeId":64,"date":"2026-01-14","isWorkDay":true,"workStart":"09:00","workEnd":"18:00"}
[2026-02-06 07:43:02] DEBUG: Both times present - calculated late/early | {"context":"ViolationCalculator","employeeId":64,"date":"2026-01-14","checkIn":"09:00","checkOut":"18:00","lateMinutes":0,"earlyMinutes":0}
[2026-02-06 07:43:02] DEBUG: Resolving schedule | {"context":"ScheduleResolver","employeeId":64,"date":"2026-01-15","dayOfWeek":4}
[2026-02-06 07:43:02] DEBUG: Employee schedule lookup | {"context":"ScheduleResolver","employeeId":64,"date":"2026-01-15","hasAnySchedule":false,"foundValidSchedule":false}
[2026-02-06 07:43:02] DEBUG: Department schedule lookup | {"context":"ScheduleResolver","employeeId":64,"departmentId":4,"date":"2026-01-15","hasAnySchedule":false,"foundValidSchedule":false}
[2026-02-06 07:43:02] DEBUG: Schedule for date | {"context":"ViolationCalculator","employeeId":64,"date":"2026-01-15","isWorkDay":true,"workStart":"09:00","workEnd":"18:00"}
[2026-02-06 07:43:02] DEBUG: Both times present - calculated late/early | {"context":"ViolationCalculator","employeeId":64,"date":"2026-01-15","checkIn":"09:00","checkOut":"18:00","lateMinutes":0,"earlyMinutes":0}
[2026-02-06 07:43:02] DEBUG: Resolving schedule | {"context":"ScheduleResolver","employeeId":64,"date":"2026-01-16","dayOfWeek":5}
[2026-02-06 07:43:02] DEBUG: Employee schedule lookup | {"context":"ScheduleResolver","employeeId":64,"date":"2026-01-16","hasAnySchedule":false,"foundValidSchedule":false}
[2026-02-06 07:43:02] DEBUG: Department schedule lookup | {"context":"ScheduleResolver","employeeId":64,"departmentId":4,"date":"2026-01-16","hasAnySchedule":false,"foundValidSchedule":false}
[2026-02-06 07:43:02] DEBUG: Schedule for date | {"context":"ViolationCalculator","employeeId":64,"date":"2026-01-16","isWorkDay":true,"workStart":"09:00","workEnd":"18:00"}
[2026-02-06 07:43:02] DEBUG: Both times present - calculated late/early | {"context":"ViolationCalculator","employeeId":64,"date":"2026-01-16","checkIn":"09:02","checkOut":"18:00","lateMinutes":0,"earlyMinutes":0}
[2026-02-06 07:43:02] DEBUG: Resolving schedule | {"context":"ScheduleResolver","employeeId":64,"date":"2026-01-17","dayOfWeek":6}
[2026-02-06 07:43:02] DEBUG: Employee schedule lookup | {"context":"ScheduleResolver","employeeId":64,"date":"2026-01-17","hasAnySchedule":false,"foundValidSchedule":false}
[2026-02-06 07:43:02] DEBUG: Department schedule lookup | {"context":"ScheduleResolver","employeeId":64,"departmentId":4,"date":"2026-01-17","hasAnySchedule":false,"foundValidSchedule":false}
[2026-02-06 07:43:02] DEBUG: Schedule for date | {"context":"ViolationCalculator","employeeId":64,"date":"2026-01-17","isWorkDay":false,"workStart":"09:00","workEnd":"18:00"}
[2026-02-06 07:43:02] DEBUG: Skipping non-work day | {"context":"ViolationCalculator","employeeId":64,"date":"2026-01-17"}
[2026-02-06 07:43:02] DEBUG: Resolving schedule | {"context":"ScheduleResolver","employeeId":64,"date":"2026-01-18","dayOfWeek":7}
[2026-02-06 07:43:02] DEBUG: Employee schedule lookup | {"context":"ScheduleResolver","employeeId":64,"date":"2026-01-18","hasAnySchedule":false,"foundValidSchedule":false}
[2026-02-06 07:43:02] DEBUG: Department schedule lookup | {"context":"ScheduleResolver","employeeId":64,"departmentId":4,"date":"2026-01-18","hasAnySchedule":false,"foundValidSchedule":false}
[2026-02-06 07:43:02] DEBUG: Schedule for date | {"context":"ViolationCalculator","employeeId":64,"date":"2026-01-18","isWorkDay":false,"workStart":"09:00","workEnd":"18:00"}
[2026-02-06 07:43:02] DEBUG: Skipping non-work day | {"context":"ViolationCalculator","employeeId":64,"date":"2026-01-18"}
[2026-02-06 07:43:02] DEBUG: Resolving schedule | {"context":"ScheduleResolver","employeeId":64,"date":"2026-01-19","dayOfWeek":1}
[2026-02-06 07:43:02] DEBUG: Employee schedule lookup | {"context":"ScheduleResolver","employeeId":64,"date":"2026-01-19","hasAnySchedule":false,"foundValidSchedule":false}
[2026-02-06 07:43:02] DEBUG: Department schedule lookup | {"context":"ScheduleResolver","employeeId":64,"departmentId":4,"date":"2026-01-19","hasAnySchedule":false,"foundValidSchedule":false}
[2026-02-06 07:43:02] DEBUG: Schedule for date | {"context":"ViolationCalculator","employeeId":64,"date":"2026-01-19","isWorkDay":true,"workStart":"09:00","workEnd":"18:00"}
[2026-02-06 07:43:02] DEBUG: Both times present - calculated late/early | {"context":"ViolationCalculator","employeeId":64,"date":"2026-01-19","checkIn":"09:00","checkOut":"18:00","lateMinutes":0,"earlyMinutes":0}
[2026-02-06 07:43:02] DEBUG: Resolving schedule | {"context":"ScheduleResolver","employeeId":64,"date":"2026-01-20","dayOfWeek":2}
[2026-02-06 07:43:02] DEBUG: Employee schedule lookup | {"context":"ScheduleResolver","employeeId":64,"date":"2026-01-20","hasAnySchedule":false,"foundValidSchedule":false}
[2026-02-06 07:43:02] DEBUG: Department schedule lookup | {"context":"ScheduleResolver","employeeId":64,"departmentId":4,"date":"2026-01-20","hasAnySchedule":false,"foundValidSchedule":false}
[2026-02-06 07:43:02] DEBUG: Schedule for date | {"context":"ViolationCalculator","employeeId":64,"date":"2026-01-20","isWorkDay":true,"workStart":"09:00","workEnd":"18:00"}
[2026-02-06 07:43:02] DEBUG: Both times present - calculated late/early | {"context":"ViolationCalculator","employeeId":64,"date":"2026-01-20","checkIn":"09:00","checkOut":"18:00","lateMinutes":0,"earlyMinutes":0}
[2026-02-06 07:43:02] DEBUG: Resolving schedule | {"context":"ScheduleResolver","employeeId":64,"date":"2026-01-21","dayOfWeek":3}
[2026-02-06 07:43:02] DEBUG: Employee schedule lookup | {"context":"ScheduleResolver","employeeId":64,"date":"2026-01-21","hasAnySchedule":false,"foundValidSchedule":false}
[2026-02-06 07:43:02] DEBUG: Department schedule lookup | {"context":"ScheduleResolver","employeeId":64,"departmentId":4,"date":"2026-01-21","hasAnySchedule":false,"foundValidSchedule":false}
[2026-02-06 07:43:02] DEBUG: Schedule for date | {"context":"ViolationCalculator","employeeId":64,"date":"2026-01-21","isWorkDay":true,"workStart":"09:00","workEnd":"18:00"}
[2026-02-06 07:43:02] DEBUG: Both times present - calculated late/early | {"context":"ViolationCalculator","employeeId":64,"date":"2026-01-21","checkIn":"09:00","checkOut":"18:00","lateMinutes":0,"earlyMinutes":0}
[2026-02-06 07:43:02] DEBUG: Resolving schedule | {"context":"ScheduleResolver","employeeId":64,"date":"2026-01-22","dayOfWeek":4}
[2026-02-06 07:43:02] DEBUG: Employee schedule lookup | {"context":"ScheduleResolver","employeeId":64,"date":"2026-01-22","hasAnySchedule":false,"foundValidSchedule":false}
[2026-02-06 07:43:02] DEBUG: Department schedule lookup | {"context":"ScheduleResolver","employeeId":64,"departmentId":4,"date":"2026-01-22","hasAnySchedule":false,"foundValidSchedule":false}
[2026-02-06 07:43:02] DEBUG: Schedule for date | {"context":"ViolationCalculator","employeeId":64,"date":"2026-01-22","isWorkDay":true,"workStart":"09:00","workEnd":"18:00"}
[2026-02-06 07:43:02] DEBUG: Both times present - calculated late/early | {"context":"ViolationCalculator","employeeId":64,"date":"2026-01-22","checkIn":"08:47","checkOut":"17:09","lateMinutes":0,"earlyMinutes":51}
[2026-02-06 07:43:02] DEBUG: Resolving schedule | {"context":"ScheduleResolver","employeeId":64,"date":"2026-01-23","dayOfWeek":5}
[2026-02-06 07:43:02] DEBUG: Employee schedule lookup | {"context":"ScheduleResolver","employeeId":64,"date":"2026-01-23","hasAnySchedule":false,"foundValidSchedule":false}
[2026-02-06 07:43:02] DEBUG: Department schedule lookup | {"context":"ScheduleResolver","employeeId":64,"departmentId":4,"date":"2026-01-23","hasAnySchedule":false,"foundValidSchedule":false}
[2026-02-06 07:43:02] DEBUG: Schedule for date | {"context":"ViolationCalculator","employeeId":64,"date":"2026-01-23","isWorkDay":true,"workStart":"09:00","workEnd":"18:00"}
[2026-02-06 07:43:02] DEBUG: Both times present - calculated late/early | {"context":"ViolationCalculator","employeeId":64,"date":"2026-01-23","checkIn":"09:00","checkOut":"18:00","lateMinutes":0,"earlyMinutes":0}
[2026-02-06 07:43:02] DEBUG: Resolving schedule | {"context":"ScheduleResolver","employeeId":64,"date":"2026-01-24","dayOfWeek":6}
[2026-02-06 07:43:02] DEBUG: Employee schedule lookup | {"context":"ScheduleResolver","employeeId":64,"date":"2026-01-24","hasAnySchedule":false,"foundValidSchedule":false}
[2026-02-06 07:43:02] DEBUG: Department schedule lookup | {"context":"ScheduleResolver","employeeId":64,"departmentId":4,"date":"2026-01-24","hasAnySchedule":false,"foundValidSchedule":false}
[2026-02-06 07:43:02] DEBUG: Schedule for date | {"context":"ViolationCalculator","employeeId":64,"date":"2026-01-24","isWorkDay":false,"workStart":"09:00","workEnd":"18:00"}
[2026-02-06 07:43:02] DEBUG: Skipping non-work day | {"context":"ViolationCalculator","employeeId":64,"date":"2026-01-24"}
[2026-02-06 07:43:02] DEBUG: Resolving schedule | {"context":"ScheduleResolver","employeeId":64,"date":"2026-01-25","dayOfWeek":7}
[2026-02-06 07:43:02] DEBUG: Employee schedule lookup | {"context":"ScheduleResolver","employeeId":64,"date":"2026-01-25","hasAnySchedule":false,"foundValidSchedule":false}
[2026-02-06 07:43:02] DEBUG: Department schedule lookup | {"context":"ScheduleResolver","employeeId":64,"departmentId":4,"date":"2026-01-25","hasAnySchedule":false,"foundValidSchedule":false}
[2026-02-06 07:43:02] DEBUG: Schedule for date | {"context":"ViolationCalculator","employeeId":64,"date":"2026-01-25","isWorkDay":false,"workStart":"09:00","workEnd":"18:00"}
[2026-02-06 07:43:02] DEBUG: Skipping non-work day | {"context":"ViolationCalculator","employeeId":64,"date":"2026-01-25"}
[2026-02-06 07:43:02] DEBUG: Resolving schedule | {"context":"ScheduleResolver","employeeId":64,"date":"2026-01-26","dayOfWeek":1}
[2026-02-06 07:43:02] DEBUG: Employee schedule lookup | {"context":"ScheduleResolver","employeeId":64,"date":"2026-01-26","hasAnySchedule":false,"foundValidSchedule":false}
[2026-02-06 07:43:02] DEBUG: Department schedule lookup | {"context":"ScheduleResolver","employeeId":64,"departmentId":4,"date":"2026-01-26","hasAnySchedule":false,"foundValidSchedule":false}
[2026-02-06 07:43:02] DEBUG: Schedule for date | {"context":"ViolationCalculator","employeeId":64,"date":"2026-01-26","isWorkDay":true,"workStart":"09:00","workEnd":"18:00"}
[2026-02-06 07:43:02] DEBUG: Both times present - calculated late/early | {"context":"ViolationCalculator","employeeId":64,"date":"2026-01-26","checkIn":"09:00","checkOut":"18:00","lateMinutes":0,"earlyMinutes":0}
[2026-02-06 07:43:02] DEBUG: Resolving schedule | {"context":"ScheduleResolver","employeeId":64,"date":"2026-01-27","dayOfWeek":2}
[2026-02-06 07:43:02] DEBUG: Employee schedule lookup | {"context":"ScheduleResolver","employeeId":64,"date":"2026-01-27","hasAnySchedule":false,"foundValidSchedule":false}
[2026-02-06 07:43:02] DEBUG: Department schedule lookup | {"context":"ScheduleResolver","employeeId":64,"departmentId":4,"date":"2026-01-27","hasAnySchedule":false,"foundValidSchedule":false}
[2026-02-06 07:43:02] DEBUG: Schedule for date | {"context":"ViolationCalculator","employeeId":64,"date":"2026-01-27","isWorkDay":true,"workStart":"09:00","workEnd":"18:00"}
[2026-02-06 07:43:02] DEBUG: Missing time(s) - counted as absent | {"context":"ViolationCalculator","employeeId":64,"date":"2026-01-27","checkIn":"09:00","checkOut":null,"absentMinutes":540}
[2026-02-06 07:43:02] DEBUG: Resolving schedule | {"context":"ScheduleResolver","employeeId":64,"date":"2026-01-28","dayOfWeek":3}
[2026-02-06 07:43:02] DEBUG: Employee schedule lookup | {"context":"ScheduleResolver","employeeId":64,"date":"2026-01-28","hasAnySchedule":false,"foundValidSchedule":false}
[2026-02-06 07:43:02] DEBUG: Department schedule lookup | {"context":"ScheduleResolver","employeeId":64,"departmentId":4,"date":"2026-01-28","hasAnySchedule":false,"foundValidSchedule":false}
[2026-02-06 07:43:02] DEBUG: Schedule for date | {"context":"ViolationCalculator","employeeId":64,"date":"2026-01-28","isWorkDay":true,"workStart":"09:00","workEnd":"18:00"}
[2026-02-06 07:43:02] DEBUG: Both times present - calculated late/early | {"context":"ViolationCalculator","employeeId":64,"date":"2026-01-28","checkIn":"08:55","checkOut":"18:18","lateMinutes":0,"earlyMinutes":0}
[2026-02-06 07:43:02] DEBUG: Resolving schedule | {"context":"ScheduleResolver","employeeId":64,"date":"2026-01-29","dayOfWeek":4}
[2026-02-06 07:43:02] DEBUG: Employee schedule lookup | {"context":"ScheduleResolver","employeeId":64,"date":"2026-01-29","hasAnySchedule":false,"foundValidSchedule":false}
[2026-02-06 07:43:02] DEBUG: Department schedule lookup | {"context":"ScheduleResolver","employeeId":64,"departmentId":4,"date":"2026-01-29","hasAnySchedule":false,"foundValidSchedule":false}
[2026-02-06 07:43:02] DEBUG: Schedule for date | {"context":"ViolationCalculator","employeeId":64,"date":"2026-01-29","isWorkDay":true,"workStart":"09:00","workEnd":"18:00"}
[2026-02-06 07:43:02] DEBUG: Both times present - calculated late/early | {"context":"ViolationCalculator","employeeId":64,"date":"2026-01-29","checkIn":"09:00","checkOut":"18:00","lateMinutes":0,"earlyMinutes":0}
[2026-02-06 07:43:02] DEBUG: Resolving schedule | {"context":"ScheduleResolver","employeeId":64,"date":"2026-01-30","dayOfWeek":5}
[2026-02-06 07:43:02] DEBUG: Employee schedule lookup | {"context":"ScheduleResolver","employeeId":64,"date":"2026-01-30","hasAnySchedule":false,"foundValidSchedule":false}
[2026-02-06 07:43:02] DEBUG: Department schedule lookup | {"context":"ScheduleResolver","employeeId":64,"departmentId":4,"date":"2026-01-30","hasAnySchedule":false,"foundValidSchedule":false}
[2026-02-06 07:43:02] DEBUG: Schedule for date | {"context":"ViolationCalculator","employeeId":64,"date":"2026-01-30","isWorkDay":true,"workStart":"09:00","workEnd":"18:00"}
[2026-02-06 07:43:02] DEBUG: Both times present - calculated late/early | {"context":"ViolationCalculator","employeeId":64,"date":"2026-01-30","checkIn":"09:00","checkOut":"18:00","lateMinutes":0,"earlyMinutes":0}
[2026-02-06 07:43:02] DEBUG: Resolving schedule | {"context":"ScheduleResolver","employeeId":64,"date":"2026-01-31","dayOfWeek":6}
[2026-02-06 07:43:02] DEBUG: Employee schedule lookup | {"context":"ScheduleResolver","employeeId":64,"date":"2026-01-31","hasAnySchedule":false,"foundValidSchedule":false}
[2026-02-06 07:43:02] DEBUG: Department schedule lookup | {"context":"ScheduleResolver","employeeId":64,"departmentId":4,"date":"2026-01-31","hasAnySchedule":false,"foundValidSchedule":false}
[2026-02-06 07:43:02] DEBUG: Schedule for date | {"context":"ViolationCalculator","employeeId":64,"date":"2026-01-31","isWorkDay":false,"workStart":"09:00","workEnd":"18:00"}
[2026-02-06 07:43:02] DEBUG: Skipping non-work day | {"context":"ViolationCalculator","employeeId":64,"date":"2026-01-31"}
[2026-02-06 07:43:02] DEBUG: Resolving schedule | {"context":"ScheduleResolver","employeeId":65,"date":"2026-01-10","dayOfWeek":6}
[2026-02-06 07:43:02] DEBUG: Employee schedule lookup | {"context":"ScheduleResolver","employeeId":65,"date":"2026-01-10","hasAnySchedule":false,"foundValidSchedule":false}
[2026-02-06 07:43:02] DEBUG: Department schedule lookup | {"context":"ScheduleResolver","employeeId":65,"departmentId":9,"date":"2026-01-10","hasAnySchedule":false,"foundValidSchedule":false}
[2026-02-06 07:43:02] DEBUG: Schedule for date | {"context":"ViolationCalculator","employeeId":65,"date":"2026-01-10","isWorkDay":false,"workStart":"09:00","workEnd":"18:00"}
[2026-02-06 07:43:02] DEBUG: Skipping non-work day | {"context":"ViolationCalculator","employeeId":65,"date":"2026-01-10"}
[2026-02-06 07:43:02] DEBUG: Resolving schedule | {"context":"ScheduleResolver","employeeId":65,"date":"2026-01-11","dayOfWeek":7}
[2026-02-06 07:43:02] DEBUG: Employee schedule lookup | {"context":"ScheduleResolver","employeeId":65,"date":"2026-01-11","hasAnySchedule":false,"foundValidSchedule":false}
[2026-02-06 07:43:02] DEBUG: Department schedule lookup | {"context":"ScheduleResolver","employeeId":65,"departmentId":9,"date":"2026-01-11","hasAnySchedule":false,"foundValidSchedule":false}
[2026-02-06 07:43:02] DEBUG: Schedule for date | {"context":"ViolationCalculator","employeeId":65,"date":"2026-01-11","isWorkDay":false,"workStart":"09:00","workEnd":"18:00"}
[2026-02-06 07:43:02] DEBUG: Skipping non-work day | {"context":"ViolationCalculator","employeeId":65,"date":"2026-01-11"}
[2026-02-06 07:43:02] DEBUG: Resolving schedule | {"context":"ScheduleResolver","employeeId":65,"date":"2026-01-12","dayOfWeek":1}
[2026-02-06 07:43:02] DEBUG: Employee schedule lookup | {"context":"ScheduleResolver","employeeId":65,"date":"2026-01-12","hasAnySchedule":false,"foundValidSchedule":false}
[2026-02-06 07:43:02] DEBUG: Department schedule lookup | {"context":"ScheduleResolver","employeeId":65,"departmentId":9,"date":"2026-01-12","hasAnySchedule":false,"foundValidSchedule":false}
[2026-02-06 07:43:02] DEBUG: Schedule for date | {"context":"ViolationCalculator","employeeId":65,"date":"2026-01-12","isWorkDay":true,"workStart":"09:00","workEnd":"18:00"}
[2026-02-06 07:43:02] DEBUG: Both times present - calculated late/early | {"context":"ViolationCalculator","employeeId":65,"date":"2026-01-12","checkIn":"09:00","checkOut":"18:00","lateMinutes":0,"earlyMinutes":0}
[2026-02-06 07:43:02] DEBUG: Resolving schedule | {"context":"ScheduleResolver","employeeId":65,"date":"2026-01-13","dayOfWeek":2}
[2026-02-06 07:43:02] DEBUG: Employee schedule lookup | {"context":"ScheduleResolver","employeeId":65,"date":"2026-01-13","hasAnySchedule":false,"foundValidSchedule":false}
[2026-02-06 07:43:02] DEBUG: Department schedule lookup | {"context":"ScheduleResolver","employeeId":65,"departmentId":9,"date":"2026-01-13","hasAnySchedule":false,"foundValidSchedule":false}
[2026-02-06 07:43:02] DEBUG: Schedule for date | {"context":"ViolationCalculator","employeeId":65,"date":"2026-01-13","isWorkDay":true,"workStart":"09:00","workEnd":"18:00"}
[2026-02-06 07:43:02] DEBUG: Both times present - calculated late/early | {"context":"ViolationCalculator","employeeId":65,"date":"2026-01-13","checkIn":"09:00","checkOut":"18:00","lateMinutes":0,"earlyMinutes":0}
[2026-02-06 07:43:02] DEBUG: Resolving schedule | {"context":"ScheduleResolver","employeeId":65,"date":"2026-01-14","dayOfWeek":3}
[2026-02-06 07:43:02] DEBUG: Employee schedule lookup | {"context":"ScheduleResolver","employeeId":65,"date":"2026-01-14","hasAnySchedule":false,"foundValidSchedule":false}
[2026-02-06 07:43:02] DEBUG: Department schedule lookup | {"context":"ScheduleResolver","employeeId":65,"departmentId":9,"date":"2026-01-14","hasAnySchedule":false,"foundValidSchedule":false}
[2026-02-06 07:43:02] DEBUG: Schedule for date | {"context":"ViolationCalculator","employeeId":65,"date":"2026-01-14","isWorkDay":true,"workStart":"09:00","workEnd":"18:00"}
[2026-02-06 07:43:02] DEBUG: Both times present - calculated late/early | {"context":"ViolationCalculator","employeeId":65,"date":"2026-01-14","checkIn":"09:08","checkOut":"18:00","lateMinutes":3,"earlyMinutes":0}
[2026-02-06 07:43:02] DEBUG: Resolving schedule | {"context":"ScheduleResolver","employeeId":65,"date":"2026-01-15","dayOfWeek":4}
[2026-02-06 07:43:02] DEBUG: Employee schedule lookup | {"context":"ScheduleResolver","employeeId":65,"date":"2026-01-15","hasAnySchedule":false,"foundValidSchedule":false}
[2026-02-06 07:43:02] DEBUG: Department schedule lookup | {"context":"ScheduleResolver","employeeId":65,"departmentId":9,"date":"2026-01-15","hasAnySchedule":false,"foundValidSchedule":false}
[2026-02-06 07:43:02] DEBUG: Schedule for date | {"context":"ViolationCalculator","employeeId":65,"date":"2026-01-15","isWorkDay":true,"workStart":"09:00","workEnd":"18:00"}
[2026-02-06 07:43:02] DEBUG: Both times present - calculated late/early | {"context":"ViolationCalculator","employeeId":65,"date":"2026-01-15","checkIn":"09:00","checkOut":"18:00","lateMinutes":0,"earlyMinutes":0}
[2026-02-06 07:43:02] DEBUG: Resolving schedule | {"context":"ScheduleResolver","employeeId":65,"date":"2026-01-16","dayOfWeek":5}
[2026-02-06 07:43:02] DEBUG: Employee schedule lookup | {"context":"ScheduleResolver","employeeId":65,"date":"2026-01-16","hasAnySchedule":false,"foundValidSchedule":false}
[2026-02-06 07:43:02] DEBUG: Department schedule lookup | {"context":"ScheduleResolver","employeeId":65,"departmentId":9,"date":"2026-01-16","hasAnySchedule":false,"foundValidSchedule":false}
[2026-02-06 07:43:02] DEBUG: Schedule for date | {"context":"ViolationCalculator","employeeId":65,"date":"2026-01-16","isWorkDay":true,"workStart":"09:00","workEnd":"18:00"}
[2026-02-06 07:43:02] DEBUG: Both times present - calculated late/early | {"context":"ViolationCalculator","employeeId":65,"date":"2026-01-16","checkIn":"09:00","checkOut":"18:00","lateMinutes":0,"earlyMinutes":0}
[2026-02-06 07:43:02] DEBUG: Resolving schedule | {"context":"ScheduleResolver","employeeId":65,"date":"2026-01-17","dayOfWeek":6}
[2026-02-06 07:43:02] DEBUG: Employee schedule lookup | {"context":"ScheduleResolver","employeeId":65,"date":"2026-01-17","hasAnySchedule":false,"foundValidSchedule":false}
[2026-02-06 07:43:02] DEBUG: Department schedule lookup | {"context":"ScheduleResolver","employeeId":65,"departmentId":9,"date":"2026-01-17","hasAnySchedule":false,"foundValidSchedule":false}
[2026-02-06 07:43:02] DEBUG: Schedule for date | {"context":"ViolationCalculator","employeeId":65,"date":"2026-01-17","isWorkDay":false,"workStart":"09:00","workEnd":"18:00"}
[2026-02-06 07:43:02] DEBUG: Skipping non-work day | {"context":"ViolationCalculator","employeeId":65,"date":"2026-01-17"}
[2026-02-06 07:43:02] DEBUG: Resolving schedule | {"context":"ScheduleResolver","employeeId":65,"date":"2026-01-18","dayOfWeek":7}
[2026-02-06 07:43:02] DEBUG: Employee schedule lookup | {"context":"ScheduleResolver","employeeId":65,"date":"2026-01-18","hasAnySchedule":false,"foundValidSchedule":false}
[2026-02-06 07:43:02] DEBUG: Department schedule lookup | {"context":"ScheduleResolver","employeeId":65,"departmentId":9,"date":"2026-01-18","hasAnySchedule":false,"foundValidSchedule":false}
[2026-02-06 07:43:02] DEBUG: Schedule for date | {"context":"ViolationCalculator","employeeId":65,"date":"2026-01-18","isWorkDay":false,"workStart":"09:00","workEnd":"18:00"}
[2026-02-06 07:43:02] DEBUG: Skipping non-work day | {"context":"ViolationCalculator","employeeId":65,"date":"2026-01-18"}
[2026-02-06 07:43:02] DEBUG: Resolving schedule | {"context":"ScheduleResolver","employeeId":65,"date":"2026-01-19","dayOfWeek":1}
[2026-02-06 07:43:02] DEBUG: Employee schedule lookup | {"context":"ScheduleResolver","employeeId":65,"date":"2026-01-19","hasAnySchedule":false,"foundValidSchedule":false}
[2026-02-06 07:43:02] DEBUG: Department schedule lookup | {"context":"ScheduleResolver","employeeId":65,"departmentId":9,"date":"2026-01-19","hasAnySchedule":false,"foundValidSchedule":false}
[2026-02-06 07:43:02] DEBUG: Schedule for date | {"context":"ViolationCalculator","employeeId":65,"date":"2026-01-19","isWorkDay":true,"workStart":"09:00","workEnd":"18:00"}
[2026-02-06 07:43:02] DEBUG: Both times present - calculated late/early | {"context":"ViolationCalculator","employeeId":65,"date":"2026-01-19","checkIn":"09:00","checkOut":"18:00","lateMinutes":0,"earlyMinutes":0}
[2026-02-06 07:43:02] DEBUG: Resolving schedule | {"context":"ScheduleResolver","employeeId":65,"date":"2026-01-20","dayOfWeek":2}
[2026-02-06 07:43:02] DEBUG: Employee schedule lookup | {"context":"ScheduleResolver","employeeId":65,"date":"2026-01-20","hasAnySchedule":false,"foundValidSchedule":false}
[2026-02-06 07:43:02] DEBUG: Department schedule lookup | {"context":"ScheduleResolver","employeeId":65,"departmentId":9,"date":"2026-01-20","hasAnySchedule":false,"foundValidSchedule":false}
[2026-02-06 07:43:02] DEBUG: Schedule for date | {"context":"ViolationCalculator","employeeId":65,"date":"2026-01-20","isWorkDay":true,"workStart":"09:00","workEnd":"18:00"}
[2026-02-06 07:43:02] DEBUG: Both times present - calculated late/early | {"context":"ViolationCalculator","employeeId":65,"date":"2026-01-20","checkIn":"09:14","checkOut":"18:00","lateMinutes":9,"earlyMinutes":0}
[2026-02-06 07:43:02] DEBUG: Resolving schedule | {"context":"ScheduleResolver","employeeId":65,"date":"2026-01-21","dayOfWeek":3}
[2026-02-06 07:43:02] DEBUG: Employee schedule lookup | {"context":"ScheduleResolver","employeeId":65,"date":"2026-01-21","hasAnySchedule":false,"foundValidSchedule":false}
[2026-02-06 07:43:02] DEBUG: Department schedule lookup | {"context":"ScheduleResolver","employeeId":65,"departmentId":9,"date":"2026-01-21","hasAnySchedule":false,"foundValidSchedule":false}
[2026-02-06 07:43:02] DEBUG: Schedule for date | {"context":"ViolationCalculator","employeeId":65,"date":"2026-01-21","isWorkDay":true,"workStart":"09:00","workEnd":"18:00"}
[2026-02-06 07:43:02] DEBUG: Both times present - calculated late/early | {"context":"ViolationCalculator","employeeId":65,"date":"2026-01-21","checkIn":"09:01","checkOut":"18:00","lateMinutes":0,"earlyMinutes":0}
[2026-02-06 07:43:02] DEBUG: Resolving schedule | {"context":"ScheduleResolver","employeeId":65,"date":"2026-01-22","dayOfWeek":4}
[2026-02-06 07:43:02] DEBUG: Employee schedule lookup | {"context":"ScheduleResolver","employeeId":65,"date":"2026-01-22","hasAnySchedule":false,"foundValidSchedule":false}
[2026-02-06 07:43:02] DEBUG: Department schedule lookup | {"context":"ScheduleResolver","employeeId":65,"departmentId":9,"date":"2026-01-22","hasAnySchedule":false,"foundValidSchedule":false}
[2026-02-06 07:43:02] DEBUG: Schedule for date | {"context":"ViolationCalculator","employeeId":65,"date":"2026-01-22","isWorkDay":true,"workStart":"09:00","workEnd":"18:00"}
[2026-02-06 07:43:02] DEBUG: Both times present - calculated late/early | {"context":"ViolationCalculator","employeeId":65,"date":"2026-01-22","checkIn":"09:02","checkOut":"17:45","lateMinutes":0,"earlyMinutes":15}
[2026-02-06 07:43:02] DEBUG: Resolving schedule | {"context":"ScheduleResolver","employeeId":65,"date":"2026-01-23","dayOfWeek":5}
[2026-02-06 07:43:02] DEBUG: Employee schedule lookup | {"context":"ScheduleResolver","employeeId":65,"date":"2026-01-23","hasAnySchedule":false,"foundValidSchedule":false}
[2026-02-06 07:43:02] DEBUG: Department schedule lookup | {"context":"ScheduleResolver","employeeId":65,"departmentId":9,"date":"2026-01-23","hasAnySchedule":false,"foundValidSchedule":false}
[2026-02-06 07:43:02] DEBUG: Schedule for date | {"context":"ViolationCalculator","employeeId":65,"date":"2026-01-23","isWorkDay":true,"workStart":"09:00","workEnd":"18:00"}
[2026-02-06 07:43:02] DEBUG: Both times present - calculated late/early | {"context":"ViolationCalculator","employeeId":65,"date":"2026-01-23","checkIn":"09:00","checkOut":"18:00","lateMinutes":0,"earlyMinutes":0}
[2026-02-06 07:43:02] DEBUG: Resolving schedule | {"context":"ScheduleResolver","employeeId":65,"date":"2026-01-24","dayOfWeek":6}
[2026-02-06 07:43:02] DEBUG: Employee schedule lookup | {"context":"ScheduleResolver","employeeId":65,"date":"2026-01-24","hasAnySchedule":false,"foundValidSchedule":false}
[2026-02-06 07:43:02] DEBUG: Department schedule lookup | {"context":"ScheduleResolver","employeeId":65,"departmentId":9,"date":"2026-01-24","hasAnySchedule":false,"foundValidSchedule":false}
[2026-02-06 07:43:02] DEBUG: Schedule for date | {"context":"ViolationCalculator","employeeId":65,"date":"2026-01-24","isWorkDay":false,"workStart":"09:00","workEnd":"18:00"}
[2026-02-06 07:43:02] DEBUG: Skipping non-work day | {"context":"ViolationCalculator","employeeId":65,"date":"2026-01-24"}
[2026-02-06 07:43:02] DEBUG: Resolving schedule | {"context":"ScheduleResolver","employeeId":65,"date":"2026-01-25","dayOfWeek":7}
[2026-02-06 07:43:02] DEBUG: Employee schedule lookup | {"context":"ScheduleResolver","employeeId":65,"date":"2026-01-25","hasAnySchedule":false,"foundValidSchedule":false}
[2026-02-06 07:43:02] DEBUG: Department schedule lookup | {"context":"ScheduleResolver","employeeId":65,"departmentId":9,"date":"2026-01-25","hasAnySchedule":false,"foundValidSchedule":false}
[2026-02-06 07:43:02] DEBUG: Schedule for date | {"context":"ViolationCalculator","employeeId":65,"date":"2026-01-25","isWorkDay":false,"workStart":"09:00","workEnd":"18:00"}
[2026-02-06 07:43:02] DEBUG: Skipping non-work day | {"context":"ViolationCalculator","employeeId":65,"date":"2026-01-25"}
[2026-02-06 07:43:02] DEBUG: Resolving schedule | {"context":"ScheduleResolver","employeeId":65,"date":"2026-01-26","dayOfWeek":1}
[2026-02-06 07:43:02] DEBUG: Employee schedule lookup | {"context":"ScheduleResolver","employeeId":65,"date":"2026-01-26","hasAnySchedule":false,"foundValidSchedule":false}
[2026-02-06 07:43:02] DEBUG: Department schedule lookup | {"context":"ScheduleResolver","employeeId":65,"departmentId":9,"date":"2026-01-26","hasAnySchedule":false,"foundValidSchedule":false}
[2026-02-06 07:43:02] DEBUG: Schedule for date | {"context":"ViolationCalculator","employeeId":65,"date":"2026-01-26","isWorkDay":true,"workStart":"09:00","workEnd":"18:00"}
[2026-02-06 07:43:02] DEBUG: Both times present - calculated late/early | {"context":"ViolationCalculator","employeeId":65,"date":"2026-01-26","checkIn":"09:00","checkOut":"18:00","lateMinutes":0,"earlyMinutes":0}
[2026-02-06 07:43:02] DEBUG: Resolving schedule | {"context":"ScheduleResolver","employeeId":65,"date":"2026-01-27","dayOfWeek":2}
[2026-02-06 07:43:02] DEBUG: Employee schedule lookup | {"context":"ScheduleResolver","employeeId":65,"date":"2026-01-27","hasAnySchedule":false,"foundValidSchedule":false}
[2026-02-06 07:43:02] DEBUG: Department schedule lookup | {"context":"ScheduleResolver","employeeId":65,"departmentId":9,"date":"2026-01-27","hasAnySchedule":false,"foundValidSchedule":false}
[2026-02-06 07:43:02] DEBUG: Schedule for date | {"context":"ViolationCalculator","employeeId":65,"date":"2026-01-27","isWorkDay":true,"workStart":"09:00","workEnd":"18:00"}
[2026-02-06 07:43:02] DEBUG: Both times present - calculated late/early | {"context":"ViolationCalculator","employeeId":65,"date":"2026-01-27","checkIn":"09:00","checkOut":"18:00","lateMinutes":0,"earlyMinutes":0}
[2026-02-06 07:43:02] DEBUG: Resolving schedule | {"context":"ScheduleResolver","employeeId":65,"date":"2026-01-28","dayOfWeek":3}
[2026-02-06 07:43:02] DEBUG: Employee schedule lookup | {"context":"ScheduleResolver","employeeId":65,"date":"2026-01-28","hasAnySchedule":false,"foundValidSchedule":false}
[2026-02-06 07:43:02] DEBUG: Department schedule lookup | {"context":"ScheduleResolver","employeeId":65,"departmentId":9,"date":"2026-01-28","hasAnySchedule":false,"foundValidSchedule":false}
[2026-02-06 07:43:02] DEBUG: Schedule for date | {"context":"ViolationCalculator","employeeId":65,"date":"2026-01-28","isWorkDay":true,"workStart":"09:00","workEnd":"18:00"}
[2026-02-06 07:43:02] DEBUG: Both times present - calculated late/early | {"context":"ViolationCalculator","employeeId":65,"date":"2026-01-28","checkIn":"08:58","checkOut":"17:29","lateMinutes":0,"earlyMinutes":31}
[2026-02-06 07:43:02] DEBUG: Resolving schedule | {"context":"ScheduleResolver","employeeId":65,"date":"2026-01-29","dayOfWeek":4}
[2026-02-06 07:43:02] DEBUG: Employee schedule lookup | {"context":"ScheduleResolver","employeeId":65,"date":"2026-01-29","hasAnySchedule":false,"foundValidSchedule":false}
[2026-02-06 07:43:02] DEBUG: Department schedule lookup | {"context":"ScheduleResolver","employeeId":65,"departmentId":9,"date":"2026-01-29","hasAnySchedule":false,"foundValidSchedule":false}
[2026-02-06 07:43:02] DEBUG: Schedule for date | {"context":"ViolationCalculator","employeeId":65,"date":"2026-01-29","isWorkDay":true,"workStart":"09:00","workEnd":"18:00"}
[2026-02-06 07:43:02] DEBUG: Both times present - calculated late/early | {"context":"ViolationCalculator","employeeId":65,"date":"2026-01-29","checkIn":"09:06","checkOut":"18:00","lateMinutes":1,"earlyMinutes":0}
[2026-02-06 07:43:02] DEBUG: Resolving schedule | {"context":"ScheduleResolver","employeeId":65,"date":"2026-01-30","dayOfWeek":5}
[2026-02-06 07:43:02] DEBUG: Employee schedule lookup | {"context":"ScheduleResolver","employeeId":65,"date":"2026-01-30","hasAnySchedule":false,"foundValidSchedule":false}
[2026-02-06 07:43:02] DEBUG: Department schedule lookup | {"context":"ScheduleResolver","employeeId":65,"departmentId":9,"date":"2026-01-30","hasAnySchedule":false,"foundValidSchedule":false}
[2026-02-06 07:43:02] DEBUG: Schedule for date | {"context":"ViolationCalculator","employeeId":65,"date":"2026-01-30","isWorkDay":true,"workStart":"09:00","workEnd":"18:00"}
[2026-02-06 07:43:02] DEBUG: Both times present - calculated late/early | {"context":"ViolationCalculator","employeeId":65,"date":"2026-01-30","checkIn":"09:00","checkOut":"18:00","lateMinutes":0,"earlyMinutes":0}
[2026-02-06 07:43:02] DEBUG: Resolving schedule | {"context":"ScheduleResolver","employeeId":65,"date":"2026-01-31","dayOfWeek":6}
[2026-02-06 07:43:02] DEBUG: Employee schedule lookup | {"context":"ScheduleResolver","employeeId":65,"date":"2026-01-31","hasAnySchedule":false,"foundValidSchedule":false}
[2026-02-06 07:43:02] DEBUG: Department schedule lookup | {"context":"ScheduleResolver","employeeId":65,"departmentId":9,"date":"2026-01-31","hasAnySchedule":false,"foundValidSchedule":false}
[2026-02-06 07:43:02] DEBUG: Schedule for date | {"context":"ViolationCalculator","employeeId":65,"date":"2026-01-31","isWorkDay":false,"workStart":"09:00","workEnd":"18:00"}
[2026-02-06 07:43:02] DEBUG: Skipping non-work day | {"context":"ViolationCalculator","employeeId":65,"date":"2026-01-31"}
[2026-02-06 07:43:02] DEBUG: Resolving schedule | {"context":"ScheduleResolver","employeeId":66,"date":"2026-01-10","dayOfWeek":6}
[2026-02-06 07:43:02] DEBUG: Employee schedule lookup | {"context":"ScheduleResolver","employeeId":66,"date":"2026-01-10","hasAnySchedule":false,"foundValidSchedule":false}
[2026-02-06 07:43:02] DEBUG: Department schedule lookup | {"context":"ScheduleResolver","employeeId":66,"departmentId":9,"date":"2026-01-10","hasAnySchedule":false,"foundValidSchedule":false}
[2026-02-06 07:43:02] DEBUG: Schedule for date | {"context":"ViolationCalculator","employeeId":66,"date":"2026-01-10","isWorkDay":false,"workStart":"09:00","workEnd":"18:00"}
[2026-02-06 07:43:02] DEBUG: Skipping non-work day | {"context":"ViolationCalculator","employeeId":66,"date":"2026-01-10"}
[2026-02-06 07:43:02] DEBUG: Resolving schedule | {"context":"ScheduleResolver","employeeId":66,"date":"2026-01-11","dayOfWeek":7}
[2026-02-06 07:43:02] DEBUG: Employee schedule lookup | {"context":"ScheduleResolver","employeeId":66,"date":"2026-01-11","hasAnySchedule":false,"foundValidSchedule":false}
[2026-02-06 07:43:02] DEBUG: Department schedule lookup | {"context":"ScheduleResolver","employeeId":66,"departmentId":9,"date":"2026-01-11","hasAnySchedule":false,"foundValidSchedule":false}
[2026-02-06 07:43:02] DEBUG: Schedule for date | {"context":"ViolationCalculator","employeeId":66,"date":"2026-01-11","isWorkDay":false,"workStart":"09:00","workEnd":"18:00"}
[2026-02-06 07:43:02] DEBUG: Skipping non-work day | {"context":"ViolationCalculator","employeeId":66,"date":"2026-01-11"}
[2026-02-06 07:43:02] DEBUG: Resolving schedule | {"context":"ScheduleResolver","employeeId":66,"date":"2026-01-12","dayOfWeek":1}
[2026-02-06 07:43:02] DEBUG: Employee schedule lookup | {"context":"ScheduleResolver","employeeId":66,"date":"2026-01-12","hasAnySchedule":false,"foundValidSchedule":false}
[2026-02-06 07:43:02] DEBUG: Department schedule lookup | {"context":"ScheduleResolver","employeeId":66,"departmentId":9,"date":"2026-01-12","hasAnySchedule":false,"foundValidSchedule":false}
[2026-02-06 07:43:02] DEBUG: Schedule for date | {"context":"ViolationCalculator","employeeId":66,"date":"2026-01-12","isWorkDay":true,"workStart":"09:00","workEnd":"18:00"}
[2026-02-06 07:43:02] DEBUG: Both times present - calculated late/early | {"context":"ViolationCalculator","employeeId":66,"date":"2026-01-12","checkIn":"09:00","checkOut":"18:00","lateMinutes":0,"earlyMinutes":0}
[2026-02-06 07:43:02] DEBUG: Resolving schedule | {"context":"ScheduleResolver","employeeId":66,"date":"2026-01-13","dayOfWeek":2}
[2026-02-06 07:43:02] DEBUG: Employee schedule lookup | {"context":"ScheduleResolver","employeeId":66,"date":"2026-01-13","hasAnySchedule":false,"foundValidSchedule":false}
[2026-02-06 07:43:02] DEBUG: Department schedule lookup | {"context":"ScheduleResolver","employeeId":66,"departmentId":9,"date":"2026-01-13","hasAnySchedule":false,"foundValidSchedule":false}
[2026-02-06 07:43:02] DEBUG: Schedule for date | {"context":"ViolationCalculator","employeeId":66,"date":"2026-01-13","isWorkDay":true,"workStart":"09:00","workEnd":"18:00"}
[2026-02-06 07:43:02] DEBUG: Both times present - calculated late/early | {"context":"ViolationCalculator","employeeId":66,"date":"2026-01-13","checkIn":"09:00","checkOut":"18:00","lateMinutes":0,"earlyMinutes":0}
[2026-02-06 07:43:02] DEBUG: Resolving schedule | {"context":"ScheduleResolver","employeeId":66,"date":"2026-01-14","dayOfWeek":3}
[2026-02-06 07:43:02] DEBUG: Employee schedule lookup | {"context":"ScheduleResolver","employeeId":66,"date":"2026-01-14","hasAnySchedule":false,"foundValidSchedule":false}
[2026-02-06 07:43:02] DEBUG: Department schedule lookup | {"context":"ScheduleResolver","employeeId":66,"departmentId":9,"date":"2026-01-14","hasAnySchedule":false,"foundValidSchedule":false}
[2026-02-06 07:43:02] DEBUG: Schedule for date | {"context":"ViolationCalculator","employeeId":66,"date":"2026-01-14","isWorkDay":true,"workStart":"09:00","workEnd":"18:00"}
[2026-02-06 07:43:02] DEBUG: Both times present - calculated late/early | {"context":"ViolationCalculator","employeeId":66,"date":"2026-01-14","checkIn":"09:00","checkOut":"18:00","lateMinutes":0,"earlyMinutes":0}
[2026-02-06 07:43:02] DEBUG: Resolving schedule | {"context":"ScheduleResolver","employeeId":66,"date":"2026-01-15","dayOfWeek":4}
[2026-02-06 07:43:02] DEBUG: Employee schedule lookup | {"context":"ScheduleResolver","employeeId":66,"date":"2026-01-15","hasAnySchedule":false,"foundValidSchedule":false}
[2026-02-06 07:43:02] DEBUG: Department schedule lookup | {"context":"ScheduleResolver","employeeId":66,"departmentId":9,"date":"2026-01-15","hasAnySchedule":false,"foundValidSchedule":false}
[2026-02-06 07:43:02] DEBUG: Schedule for date | {"context":"ViolationCalculator","employeeId":66,"date":"2026-01-15","isWorkDay":true,"workStart":"09:00","workEnd":"18:00"}
[2026-02-06 07:43:02] DEBUG: Both times present - calculated late/early | {"context":"ViolationCalculator","employeeId":66,"date":"2026-01-15","checkIn":"09:00","checkOut":"18:00","lateMinutes":0,"earlyMinutes":0}
[2026-02-06 07:43:02] DEBUG: Resolving schedule | {"context":"ScheduleResolver","employeeId":66,"date":"2026-01-16","dayOfWeek":5}
[2026-02-06 07:43:02] DEBUG: Employee schedule lookup | {"context":"ScheduleResolver","employeeId":66,"date":"2026-01-16","hasAnySchedule":false,"foundValidSchedule":false}
[2026-02-06 07:43:02] DEBUG: Department schedule lookup | {"context":"ScheduleResolver","employeeId":66,"departmentId":9,"date":"2026-01-16","hasAnySchedule":false,"foundValidSchedule":false}
[2026-02-06 07:43:02] DEBUG: Schedule for date | {"context":"ViolationCalculator","employeeId":66,"date":"2026-01-16","isWorkDay":true,"workStart":"09:00","workEnd":"18:00"}
[2026-02-06 07:43:02] DEBUG: Both times present - calculated late/early | {"context":"ViolationCalculator","employeeId":66,"date":"2026-01-16","checkIn":"09:00","checkOut":"18:00","lateMinutes":0,"earlyMinutes":0}
[2026-02-06 07:43:02] DEBUG: Resolving schedule | {"context":"ScheduleResolver","employeeId":66,"date":"2026-01-17","dayOfWeek":6}
[2026-02-06 07:43:02] DEBUG: Employee schedule lookup | {"context":"ScheduleResolver","employeeId":66,"date":"2026-01-17","hasAnySchedule":false,"foundValidSchedule":false}
[2026-02-06 07:43:02] DEBUG: Department schedule lookup | {"context":"ScheduleResolver","employeeId":66,"departmentId":9,"date":"2026-01-17","hasAnySchedule":false,"foundValidSchedule":false}
[2026-02-06 07:43:02] DEBUG: Schedule for date | {"context":"ViolationCalculator","employeeId":66,"date":"2026-01-17","isWorkDay":false,"workStart":"09:00","workEnd":"18:00"}
[2026-02-06 07:43:02] DEBUG: Skipping non-work day | {"context":"ViolationCalculator","employeeId":66,"date":"2026-01-17"}
[2026-02-06 07:43:02] DEBUG: Resolving schedule | {"context":"ScheduleResolver","employeeId":66,"date":"2026-01-18","dayOfWeek":7}
[2026-02-06 07:43:02] DEBUG: Employee schedule lookup | {"context":"ScheduleResolver","employeeId":66,"date":"2026-01-18","hasAnySchedule":false,"foundValidSchedule":false}
[2026-02-06 07:43:02] DEBUG: Department schedule lookup | {"context":"ScheduleResolver","employeeId":66,"departmentId":9,"date":"2026-01-18","hasAnySchedule":false,"foundValidSchedule":false}
[2026-02-06 07:43:02] DEBUG: Schedule for date | {"context":"ViolationCalculator","employeeId":66,"date":"2026-01-18","isWorkDay":false,"workStart":"09:00","workEnd":"18:00"}
[2026-02-06 07:43:02] DEBUG: Skipping non-work day | {"context":"ViolationCalculator","employeeId":66,"date":"2026-01-18"}
[2026-02-06 07:43:02] DEBUG: Resolving schedule | {"context":"ScheduleResolver","employeeId":66,"date":"2026-01-19","dayOfWeek":1}
[2026-02-06 07:43:02] DEBUG: Employee schedule lookup | {"context":"ScheduleResolver","employeeId":66,"date":"2026-01-19","hasAnySchedule":false,"foundValidSchedule":false}
[2026-02-06 07:43:02] DEBUG: Department schedule lookup | {"context":"ScheduleResolver","employeeId":66,"departmentId":9,"date":"2026-01-19","hasAnySchedule":false,"foundValidSchedule":false}
[2026-02-06 07:43:02] DEBUG: Schedule for date | {"context":"ViolationCalculator","employeeId":66,"date":"2026-01-19","isWorkDay":true,"workStart":"09:00","workEnd":"18:00"}
[2026-02-06 07:43:02] DEBUG: Both times present - calculated late/early | {"context":"ViolationCalculator","employeeId":66,"date":"2026-01-19","checkIn":"09:00","checkOut":"18:00","lateMinutes":0,"earlyMinutes":0}
[2026-02-06 07:43:02] DEBUG: Resolving schedule | {"context":"ScheduleResolver","employeeId":66,"date":"2026-01-20","dayOfWeek":2}
[2026-02-06 07:43:02] DEBUG: Employee schedule lookup | {"context":"ScheduleResolver","employeeId":66,"date":"2026-01-20","hasAnySchedule":false,"foundValidSchedule":false}
[2026-02-06 07:43:02] DEBUG: Department schedule lookup | {"context":"ScheduleResolver","employeeId":66,"departmentId":9,"date":"2026-01-20","hasAnySchedule":false,"foundValidSchedule":false}
[2026-02-06 07:43:02] DEBUG: Schedule for date | {"context":"ViolationCalculator","employeeId":66,"date":"2026-01-20","isWorkDay":true,"workStart":"09:00","workEnd":"18:00"}
[2026-02-06 07:43:02] DEBUG: Both times present - calculated late/early | {"context":"ViolationCalculator","employeeId":66,"date":"2026-01-20","checkIn":"09:00","checkOut":"18:00","lateMinutes":0,"earlyMinutes":0}
[2026-02-06 07:43:02] DEBUG: Resolving schedule | {"context":"ScheduleResolver","employeeId":66,"date":"2026-01-21","dayOfWeek":3}
[2026-02-06 07:43:02] DEBUG: Employee schedule lookup | {"context":"ScheduleResolver","employeeId":66,"date":"2026-01-21","hasAnySchedule":false,"foundValidSchedule":false}
[2026-02-06 07:43:02] DEBUG: Department schedule lookup | {"context":"ScheduleResolver","employeeId":66,"departmentId":9,"date":"2026-01-21","hasAnySchedule":false,"foundValidSchedule":false}
[2026-02-06 07:43:02] DEBUG: Schedule for date | {"context":"ViolationCalculator","employeeId":66,"date":"2026-01-21","isWorkDay":true,"workStart":"09:00","workEnd":"18:00"}
[2026-02-06 07:43:02] DEBUG: Both times present - calculated late/early | {"context":"ViolationCalculator","employeeId":66,"date":"2026-01-21","checkIn":"09:00","checkOut":"18:00","lateMinutes":0,"earlyMinutes":0}
[2026-02-06 07:43:02] DEBUG: Resolving schedule | {"context":"ScheduleResolver","employeeId":66,"date":"2026-01-22","dayOfWeek":4}
[2026-02-06 07:43:02] DEBUG: Employee schedule lookup | {"context":"ScheduleResolver","employeeId":66,"date":"2026-01-22","hasAnySchedule":false,"foundValidSchedule":false}
[2026-02-06 07:43:02] DEBUG: Department schedule lookup | {"context":"ScheduleResolver","employeeId":66,"departmentId":9,"date":"2026-01-22","hasAnySchedule":false,"foundValidSchedule":false}
[2026-02-06 07:43:02] DEBUG: Schedule for date | {"context":"ViolationCalculator","employeeId":66,"date":"2026-01-22","isWorkDay":true,"workStart":"09:00","workEnd":"18:00"}
[2026-02-06 07:43:02] DEBUG: Both times present - calculated late/early | {"context":"ViolationCalculator","employeeId":66,"date":"2026-01-22","checkIn":"08:51","checkOut":"17:21","lateMinutes":0,"earlyMinutes":39}
[2026-02-06 07:43:02] DEBUG: Resolving schedule | {"context":"ScheduleResolver","employeeId":66,"date":"2026-01-23","dayOfWeek":5}
[2026-02-06 07:43:02] DEBUG: Employee schedule lookup | {"context":"ScheduleResolver","employeeId":66,"date":"2026-01-23","hasAnySchedule":false,"foundValidSchedule":false}
[2026-02-06 07:43:02] DEBUG: Department schedule lookup | {"context":"ScheduleResolver","employeeId":66,"departmentId":9,"date":"2026-01-23","hasAnySchedule":false,"foundValidSchedule":false}
[2026-02-06 07:43:02] DEBUG: Schedule for date | {"context":"ViolationCalculator","employeeId":66,"date":"2026-01-23","isWorkDay":true,"workStart":"09:00","workEnd":"18:00"}
[2026-02-06 07:43:02] DEBUG: Both times present - calculated late/early | {"context":"ViolationCalculator","employeeId":66,"date":"2026-01-23","checkIn":"09:00","checkOut":"18:00","lateMinutes":0,"earlyMinutes":0}
[2026-02-06 07:43:02] DEBUG: Resolving schedule | {"context":"ScheduleResolver","employeeId":66,"date":"2026-01-24","dayOfWeek":6}
[2026-02-06 07:43:02] DEBUG: Employee schedule lookup | {"context":"ScheduleResolver","employeeId":66,"date":"2026-01-24","hasAnySchedule":false,"foundValidSchedule":false}
[2026-02-06 07:43:02] DEBUG: Department schedule lookup | {"context":"ScheduleResolver","employeeId":66,"departmentId":9,"date":"2026-01-24","hasAnySchedule":false,"foundValidSchedule":false}
[2026-02-06 07:43:02] DEBUG: Schedule for date | {"context":"ViolationCalculator","employeeId":66,"date":"2026-01-24","isWorkDay":false,"workStart":"09:00","workEnd":"18:00"}
[2026-02-06 07:43:02] DEBUG: Skipping non-work day | {"context":"ViolationCalculator","employeeId":66,"date":"2026-01-24"}
[2026-02-06 07:43:02] DEBUG: Resolving schedule | {"context":"ScheduleResolver","employeeId":66,"date":"2026-01-25","dayOfWeek":7}
[2026-02-06 07:43:02] DEBUG: Employee schedule lookup | {"context":"ScheduleResolver","employeeId":66,"date":"2026-01-25","hasAnySchedule":false,"foundValidSchedule":false}
[2026-02-06 07:43:02] DEBUG: Department schedule lookup | {"context":"ScheduleResolver","employeeId":66,"departmentId":9,"date":"2026-01-25","hasAnySchedule":false,"foundValidSchedule":false}
[2026-02-06 07:43:02] DEBUG: Schedule for date | {"context":"ViolationCalculator","employeeId":66,"date":"2026-01-25","isWorkDay":false,"workStart":"09:00","workEnd":"18:00"}
[2026-02-06 07:43:02] DEBUG: Skipping non-work day | {"context":"ViolationCalculator","employeeId":66,"date":"2026-01-25"}
[2026-02-06 07:43:02] DEBUG: Resolving schedule | {"context":"ScheduleResolver","employeeId":66,"date":"2026-01-26","dayOfWeek":1}
[2026-02-06 07:43:02] DEBUG: Employee schedule lookup | {"context":"ScheduleResolver","employeeId":66,"date":"2026-01-26","hasAnySchedule":false,"foundValidSchedule":false}
[2026-02-06 07:43:02] DEBUG: Department schedule lookup | {"context":"ScheduleResolver","employeeId":66,"departmentId":9,"date":"2026-01-26","hasAnySchedule":false,"foundValidSchedule":false}
[2026-02-06 07:43:02] DEBUG: Schedule for date | {"context":"ViolationCalculator","employeeId":66,"date":"2026-01-26","isWorkDay":true,"workStart":"09:00","workEnd":"18:00"}
[2026-02-06 07:43:02] DEBUG: Both times present - calculated late/early | {"context":"ViolationCalculator","employeeId":66,"date":"2026-01-26","checkIn":"09:00","checkOut":"18:00","lateMinutes":0,"earlyMinutes":0}
[2026-02-06 07:43:02] DEBUG: Resolving schedule | {"context":"ScheduleResolver","employeeId":66,"date":"2026-01-27","dayOfWeek":2}
[2026-02-06 07:43:02] DEBUG: Employee schedule lookup | {"context":"ScheduleResolver","employeeId":66,"date":"2026-01-27","hasAnySchedule":false,"foundValidSchedule":false}
[2026-02-06 07:43:02] DEBUG: Department schedule lookup | {"context":"ScheduleResolver","employeeId":66,"departmentId":9,"date":"2026-01-27","hasAnySchedule":false,"foundValidSchedule":false}
[2026-02-06 07:43:02] DEBUG: Schedule for date | {"context":"ViolationCalculator","employeeId":66,"date":"2026-01-27","isWorkDay":true,"workStart":"09:00","workEnd":"18:00"}
[2026-02-06 07:43:02] DEBUG: Both times present - calculated late/early | {"context":"ViolationCalculator","employeeId":66,"date":"2026-01-27","checkIn":"09:00","checkOut":"18:00","lateMinutes":0,"earlyMinutes":0}
[2026-02-06 07:43:02] DEBUG: Resolving schedule | {"context":"ScheduleResolver","employeeId":66,"date":"2026-01-28","dayOfWeek":3}
[2026-02-06 07:43:02] DEBUG: Employee schedule lookup | {"context":"ScheduleResolver","employeeId":66,"date":"2026-01-28","hasAnySchedule":false,"foundValidSchedule":false}
[2026-02-06 07:43:02] DEBUG: Department schedule lookup | {"context":"ScheduleResolver","employeeId":66,"departmentId":9,"date":"2026-01-28","hasAnySchedule":false,"foundValidSchedule":false}
[2026-02-06 07:43:02] DEBUG: Schedule for date | {"context":"ViolationCalculator","employeeId":66,"date":"2026-01-28","isWorkDay":true,"workStart":"09:00","workEnd":"18:00"}
[2026-02-06 07:43:02] DEBUG: Both times present - calculated late/early | {"context":"ViolationCalculator","employeeId":66,"date":"2026-01-28","checkIn":"12:30","checkOut":"17:29","lateMinutes":205,"earlyMinutes":31}
[2026-02-06 07:43:02] DEBUG: Resolving schedule | {"context":"ScheduleResolver","employeeId":66,"date":"2026-01-29","dayOfWeek":4}
[2026-02-06 07:43:02] DEBUG: Employee schedule lookup | {"context":"ScheduleResolver","employeeId":66,"date":"2026-01-29","hasAnySchedule":false,"foundValidSchedule":false}
[2026-02-06 07:43:02] DEBUG: Department schedule lookup | {"context":"ScheduleResolver","employeeId":66,"departmentId":9,"date":"2026-01-29","hasAnySchedule":false,"foundValidSchedule":false}
[2026-02-06 07:43:02] DEBUG: Schedule for date | {"context":"ViolationCalculator","employeeId":66,"date":"2026-01-29","isWorkDay":true,"workStart":"09:00","workEnd":"18:00"}
[2026-02-06 07:43:02] DEBUG: Both times present - calculated late/early | {"context":"ViolationCalculator","employeeId":66,"date":"2026-01-29","checkIn":"09:00","checkOut":"18:00","lateMinutes":0,"earlyMinutes":0}
[2026-02-06 07:43:02] DEBUG: Resolving schedule | {"context":"ScheduleResolver","employeeId":66,"date":"2026-01-30","dayOfWeek":5}
[2026-02-06 07:43:02] DEBUG: Employee schedule lookup | {"context":"ScheduleResolver","employeeId":66,"date":"2026-01-30","hasAnySchedule":false,"foundValidSchedule":false}
[2026-02-06 07:43:02] DEBUG: Department schedule lookup | {"context":"ScheduleResolver","employeeId":66,"departmentId":9,"date":"2026-01-30","hasAnySchedule":false,"foundValidSchedule":false}
[2026-02-06 07:43:02] DEBUG: Schedule for date | {"context":"ViolationCalculator","employeeId":66,"date":"2026-01-30","isWorkDay":true,"workStart":"09:00","workEnd":"18:00"}
[2026-02-06 07:43:02] DEBUG: Both times present - calculated late/early | {"context":"ViolationCalculator","employeeId":66,"date":"2026-01-30","checkIn":"09:00","checkOut":"18:00","lateMinutes":0,"earlyMinutes":0}
[2026-02-06 07:43:02] DEBUG: Resolving schedule | {"context":"ScheduleResolver","employeeId":66,"date":"2026-01-31","dayOfWeek":6}
[2026-02-06 07:43:02] DEBUG: Employee schedule lookup | {"context":"ScheduleResolver","employeeId":66,"date":"2026-01-31","hasAnySchedule":false,"foundValidSchedule":false}
[2026-02-06 07:43:02] DEBUG: Department schedule lookup | {"context":"ScheduleResolver","employeeId":66,"departmentId":9,"date":"2026-01-31","hasAnySchedule":false,"foundValidSchedule":false}
[2026-02-06 07:43:02] DEBUG: Schedule for date | {"context":"ViolationCalculator","employeeId":66,"date":"2026-01-31","isWorkDay":false,"workStart":"09:00","workEnd":"18:00"}
[2026-02-06 07:43:02] DEBUG: Skipping non-work day | {"context":"ViolationCalculator","employeeId":66,"date":"2026-01-31"}
[2026-02-06 07:43:02] DEBUG: Resolving schedule | {"context":"ScheduleResolver","employeeId":67,"date":"2026-01-10","dayOfWeek":6}
[2026-02-06 07:43:02] DEBUG: Employee schedule lookup | {"context":"ScheduleResolver","employeeId":67,"date":"2026-01-10","hasAnySchedule":false,"foundValidSchedule":false}
[2026-02-06 07:43:02] DEBUG: Department schedule lookup | {"context":"ScheduleResolver","employeeId":67,"departmentId":8,"date":"2026-01-10","hasAnySchedule":false,"foundValidSchedule":false}
[2026-02-06 07:43:02] DEBUG: Schedule for date | {"context":"ViolationCalculator","employeeId":67,"date":"2026-01-10","isWorkDay":false,"workStart":"09:00","workEnd":"18:00"}
[2026-02-06 07:43:02] DEBUG: Skipping non-work day | {"context":"ViolationCalculator","employeeId":67,"date":"2026-01-10"}
[2026-02-06 07:43:02] DEBUG: Resolving schedule | {"context":"ScheduleResolver","employeeId":67,"date":"2026-01-11","dayOfWeek":7}
[2026-02-06 07:43:02] DEBUG: Employee schedule lookup | {"context":"ScheduleResolver","employeeId":67,"date":"2026-01-11","hasAnySchedule":false,"foundValidSchedule":false}
[2026-02-06 07:43:02] DEBUG: Department schedule lookup | {"context":"ScheduleResolver","employeeId":67,"departmentId":8,"date":"2026-01-11","hasAnySchedule":false,"foundValidSchedule":false}
[2026-02-06 07:43:02] DEBUG: Schedule for date | {"context":"ViolationCalculator","employeeId":67,"date":"2026-01-11","isWorkDay":false,"workStart":"09:00","workEnd":"18:00"}
[2026-02-06 07:43:02] DEBUG: Skipping non-work day | {"context":"ViolationCalculator","employeeId":67,"date":"2026-01-11"}
[2026-02-06 07:43:02] DEBUG: Resolving schedule | {"context":"ScheduleResolver","employeeId":67,"date":"2026-01-12","dayOfWeek":1}
[2026-02-06 07:43:02] DEBUG: Employee schedule lookup | {"context":"ScheduleResolver","employeeId":67,"date":"2026-01-12","hasAnySchedule":false,"foundValidSchedule":false}
[2026-02-06 07:43:02] DEBUG: Department schedule lookup | {"context":"ScheduleResolver","employeeId":67,"departmentId":8,"date":"2026-01-12","hasAnySchedule":false,"foundValidSchedule":false}
[2026-02-06 07:43:02] DEBUG: Schedule for date | {"context":"ViolationCalculator","employeeId":67,"date":"2026-01-12","isWorkDay":true,"workStart":"09:00","workEnd":"18:00"}
[2026-02-06 07:43:02] DEBUG: Both times present - calculated late/early | {"context":"ViolationCalculator","employeeId":67,"date":"2026-01-12","checkIn":"09:00","checkOut":"18:00","lateMinutes":0,"earlyMinutes":0}
[2026-02-06 07:43:02] DEBUG: Resolving schedule | {"context":"ScheduleResolver","employeeId":67,"date":"2026-01-13","dayOfWeek":2}
[2026-02-06 07:43:02] DEBUG: Employee schedule lookup | {"context":"ScheduleResolver","employeeId":67,"date":"2026-01-13","hasAnySchedule":false,"foundValidSchedule":false}
[2026-02-06 07:43:02] DEBUG: Department schedule lookup | {"context":"ScheduleResolver","employeeId":67,"departmentId":8,"date":"2026-01-13","hasAnySchedule":false,"foundValidSchedule":false}
[2026-02-06 07:43:02] DEBUG: Schedule for date | {"context":"ViolationCalculator","employeeId":67,"date":"2026-01-13","isWorkDay":true,"workStart":"09:00","workEnd":"18:00"}
[2026-02-06 07:43:02] DEBUG: Both times present - calculated late/early | {"context":"ViolationCalculator","employeeId":67,"date":"2026-01-13","checkIn":"09:00","checkOut":"18:00","lateMinutes":0,"earlyMinutes":0}
[2026-02-06 07:43:02] DEBUG: Resolving schedule | {"context":"ScheduleResolver","employeeId":67,"date":"2026-01-14","dayOfWeek":3}
[2026-02-06 07:43:02] DEBUG: Employee schedule lookup | {"context":"ScheduleResolver","employeeId":67,"date":"2026-01-14","hasAnySchedule":false,"foundValidSchedule":false}
[2026-02-06 07:43:02] DEBUG: Department schedule lookup | {"context":"ScheduleResolver","employeeId":67,"departmentId":8,"date":"2026-01-14","hasAnySchedule":false,"foundValidSchedule":false}
[2026-02-06 07:43:02] DEBUG: Schedule for date | {"context":"ViolationCalculator","employeeId":67,"date":"2026-01-14","isWorkDay":true,"workStart":"09:00","workEnd":"18:00"}
[2026-02-06 07:43:02] DEBUG: Both times present - calculated late/early | {"context":"ViolationCalculator","employeeId":67,"date":"2026-01-14","checkIn":"09:00","checkOut":"18:00","lateMinutes":0,"earlyMinutes":0}
[2026-02-06 07:43:02] DEBUG: Resolving schedule | {"context":"ScheduleResolver","employeeId":67,"date":"2026-01-15","dayOfWeek":4}
[2026-02-06 07:43:02] DEBUG: Employee schedule lookup | {"context":"ScheduleResolver","employeeId":67,"date":"2026-01-15","hasAnySchedule":false,"foundValidSchedule":false}
[2026-02-06 07:43:02] DEBUG: Department schedule lookup | {"context":"ScheduleResolver","employeeId":67,"departmentId":8,"date":"2026-01-15","hasAnySchedule":false,"foundValidSchedule":false}
[2026-02-06 07:43:02] DEBUG: Schedule for date | {"context":"ViolationCalculator","employeeId":67,"date":"2026-01-15","isWorkDay":true,"workStart":"09:00","workEnd":"18:00"}
[2026-02-06 07:43:02] DEBUG: Both times present - calculated late/early | {"context":"ViolationCalculator","employeeId":67,"date":"2026-01-15","checkIn":"09:00","checkOut":"18:00","lateMinutes":0,"earlyMinutes":0}
[2026-02-06 07:43:02] DEBUG: Resolving schedule | {"context":"ScheduleResolver","employeeId":67,"date":"2026-01-16","dayOfWeek":5}
[2026-02-06 07:43:02] DEBUG: Employee schedule lookup | {"context":"ScheduleResolver","employeeId":67,"date":"2026-01-16","hasAnySchedule":false,"foundValidSchedule":false}
[2026-02-06 07:43:02] DEBUG: Department schedule lookup | {"context":"ScheduleResolver","employeeId":67,"departmentId":8,"date":"2026-01-16","hasAnySchedule":false,"foundValidSchedule":false}
[2026-02-06 07:43:02] DEBUG: Schedule for date | {"context":"ViolationCalculator","employeeId":67,"date":"2026-01-16","isWorkDay":true,"workStart":"09:00","workEnd":"18:00"}
[2026-02-06 07:43:02] DEBUG: Both times present - calculated late/early | {"context":"ViolationCalculator","employeeId":67,"date":"2026-01-16","checkIn":"09:00","checkOut":"18:00","lateMinutes":0,"earlyMinutes":0}
[2026-02-06 07:43:02] DEBUG: Resolving schedule | {"context":"ScheduleResolver","employeeId":67,"date":"2026-01-17","dayOfWeek":6}
[2026-02-06 07:43:02] DEBUG: Employee schedule lookup | {"context":"ScheduleResolver","employeeId":67,"date":"2026-01-17","hasAnySchedule":false,"foundValidSchedule":false}
[2026-02-06 07:43:02] DEBUG: Department schedule lookup | {"context":"ScheduleResolver","employeeId":67,"departmentId":8,"date":"2026-01-17","hasAnySchedule":false,"foundValidSchedule":false}
[2026-02-06 07:43:02] DEBUG: Schedule for date | {"context":"ViolationCalculator","employeeId":67,"date":"2026-01-17","isWorkDay":false,"workStart":"09:00","workEnd":"18:00"}
[2026-02-06 07:43:02] DEBUG: Skipping non-work day | {"context":"ViolationCalculator","employeeId":67,"date":"2026-01-17"}
[2026-02-06 07:43:02] DEBUG: Resolving schedule | {"context":"ScheduleResolver","employeeId":67,"date":"2026-01-18","dayOfWeek":7}
[2026-02-06 07:43:02] DEBUG: Employee schedule lookup | {"context":"ScheduleResolver","employeeId":67,"date":"2026-01-18","hasAnySchedule":false,"foundValidSchedule":false}
[2026-02-06 07:43:02] DEBUG: Department schedule lookup | {"context":"ScheduleResolver","employeeId":67,"departmentId":8,"date":"2026-01-18","hasAnySchedule":false,"foundValidSchedule":false}
[2026-02-06 07:43:02] DEBUG: Schedule for date | {"context":"ViolationCalculator","employeeId":67,"date":"2026-01-18","isWorkDay":false,"workStart":"09:00","workEnd":"18:00"}
[2026-02-06 07:43:02] DEBUG: Skipping non-work day | {"context":"ViolationCalculator","employeeId":67,"date":"2026-01-18"}
[2026-02-06 07:43:02] DEBUG: Resolving schedule | {"context":"ScheduleResolver","employeeId":67,"date":"2026-01-19","dayOfWeek":1}
[2026-02-06 07:43:02] DEBUG: Employee schedule lookup | {"context":"ScheduleResolver","employeeId":67,"date":"2026-01-19","hasAnySchedule":false,"foundValidSchedule":false}
[2026-02-06 07:43:02] DEBUG: Department schedule lookup | {"context":"ScheduleResolver","employeeId":67,"departmentId":8,"date":"2026-01-19","hasAnySchedule":false,"foundValidSchedule":false}
[2026-02-06 07:43:02] DEBUG: Schedule for date | {"context":"ViolationCalculator","employeeId":67,"date":"2026-01-19","isWorkDay":true,"workStart":"09:00","workEnd":"18:00"}
[2026-02-06 07:43:02] DEBUG: Both times present - calculated late/early | {"context":"ViolationCalculator","employeeId":67,"date":"2026-01-19","checkIn":"09:00","checkOut":"18:00","lateMinutes":0,"earlyMinutes":0}
[2026-02-06 07:43:02] DEBUG: Resolving schedule | {"context":"ScheduleResolver","employeeId":67,"date":"2026-01-20","dayOfWeek":2}
[2026-02-06 07:43:02] DEBUG: Employee schedule lookup | {"context":"ScheduleResolver","employeeId":67,"date":"2026-01-20","hasAnySchedule":false,"foundValidSchedule":false}
[2026-02-06 07:43:02] DEBUG: Department schedule lookup | {"context":"ScheduleResolver","employeeId":67,"departmentId":8,"date":"2026-01-20","hasAnySchedule":false,"foundValidSchedule":false}
[2026-02-06 07:43:02] DEBUG: Schedule for date | {"context":"ViolationCalculator","employeeId":67,"date":"2026-01-20","isWorkDay":true,"workStart":"09:00","workEnd":"18:00"}
[2026-02-06 07:43:02] DEBUG: Both times present - calculated late/early | {"context":"ViolationCalculator","employeeId":67,"date":"2026-01-20","checkIn":"09:00","checkOut":"18:00","lateMinutes":0,"earlyMinutes":0}
[2026-02-06 07:43:02] DEBUG: Resolving schedule | {"context":"ScheduleResolver","employeeId":67,"date":"2026-01-21","dayOfWeek":3}
[2026-02-06 07:43:02] DEBUG: Employee schedule lookup | {"context":"ScheduleResolver","employeeId":67,"date":"2026-01-21","hasAnySchedule":false,"foundValidSchedule":false}
[2026-02-06 07:43:02] DEBUG: Department schedule lookup | {"context":"ScheduleResolver","employeeId":67,"departmentId":8,"date":"2026-01-21","hasAnySchedule":false,"foundValidSchedule":false}
[2026-02-06 07:43:02] DEBUG: Schedule for date | {"context":"ViolationCalculator","employeeId":67,"date":"2026-01-21","isWorkDay":true,"workStart":"09:00","workEnd":"18:00"}
[2026-02-06 07:43:02] DEBUG: Both times present - calculated late/early | {"context":"ViolationCalculator","employeeId":67,"date":"2026-01-21","checkIn":"09:00","checkOut":"18:00","lateMinutes":0,"earlyMinutes":0}
[2026-02-06 07:43:02] DEBUG: Resolving schedule | {"context":"ScheduleResolver","employeeId":67,"date":"2026-01-22","dayOfWeek":4}
[2026-02-06 07:43:02] DEBUG: Employee schedule lookup | {"context":"ScheduleResolver","employeeId":67,"date":"2026-01-22","hasAnySchedule":false,"foundValidSchedule":false}
[2026-02-06 07:43:02] DEBUG: Department schedule lookup | {"context":"ScheduleResolver","employeeId":67,"departmentId":8,"date":"2026-01-22","hasAnySchedule":false,"foundValidSchedule":false}
[2026-02-06 07:43:02] DEBUG: Schedule for date | {"context":"ViolationCalculator","employeeId":67,"date":"2026-01-22","isWorkDay":true,"workStart":"09:00","workEnd":"18:00"}
[2026-02-06 07:43:02] DEBUG: Both times present - calculated late/early | {"context":"ViolationCalculator","employeeId":67,"date":"2026-01-22","checkIn":"08:22","checkOut":"17:07","lateMinutes":0,"earlyMinutes":53}
[2026-02-06 07:43:02] DEBUG: Resolving schedule | {"context":"ScheduleResolver","employeeId":67,"date":"2026-01-23","dayOfWeek":5}
[2026-02-06 07:43:02] DEBUG: Employee schedule lookup | {"context":"ScheduleResolver","employeeId":67,"date":"2026-01-23","hasAnySchedule":false,"foundValidSchedule":false}
[2026-02-06 07:43:02] DEBUG: Department schedule lookup | {"context":"ScheduleResolver","employeeId":67,"departmentId":8,"date":"2026-01-23","hasAnySchedule":false,"foundValidSchedule":false}
[2026-02-06 07:43:02] DEBUG: Schedule for date | {"context":"ViolationCalculator","employeeId":67,"date":"2026-01-23","isWorkDay":true,"workStart":"09:00","workEnd":"18:00"}
[2026-02-06 07:43:02] DEBUG: Both times present - calculated late/early | {"context":"ViolationCalculator","employeeId":67,"date":"2026-01-23","checkIn":"09:00","checkOut":"18:00","lateMinutes":0,"earlyMinutes":0}
[2026-02-06 07:43:02] DEBUG: Resolving schedule | {"context":"ScheduleResolver","employeeId":67,"date":"2026-01-24","dayOfWeek":6}
[2026-02-06 07:43:02] DEBUG: Employee schedule lookup | {"context":"ScheduleResolver","employeeId":67,"date":"2026-01-24","hasAnySchedule":false,"foundValidSchedule":false}
[2026-02-06 07:43:02] DEBUG: Department schedule lookup | {"context":"ScheduleResolver","employeeId":67,"departmentId":8,"date":"2026-01-24","hasAnySchedule":false,"foundValidSchedule":false}
[2026-02-06 07:43:02] DEBUG: Schedule for date | {"context":"ViolationCalculator","employeeId":67,"date":"2026-01-24","isWorkDay":false,"workStart":"09:00","workEnd":"18:00"}
[2026-02-06 07:43:02] DEBUG: Skipping non-work day | {"context":"ViolationCalculator","employeeId":67,"date":"2026-01-24"}
[2026-02-06 07:43:02] DEBUG: Resolving schedule | {"context":"ScheduleResolver","employeeId":67,"date":"2026-01-25","dayOfWeek":7}
[2026-02-06 07:43:02] DEBUG: Employee schedule lookup | {"context":"ScheduleResolver","employeeId":67,"date":"2026-01-25","hasAnySchedule":false,"foundValidSchedule":false}
[2026-02-06 07:43:02] DEBUG: Department schedule lookup | {"context":"ScheduleResolver","employeeId":67,"departmentId":8,"date":"2026-01-25","hasAnySchedule":false,"foundValidSchedule":false}
[2026-02-06 07:43:02] DEBUG: Schedule for date | {"context":"ViolationCalculator","employeeId":67,"date":"2026-01-25","isWorkDay":false,"workStart":"09:00","workEnd":"18:00"}
[2026-02-06 07:43:02] DEBUG: Skipping non-work day | {"context":"ViolationCalculator","employeeId":67,"date":"2026-01-25"}
[2026-02-06 07:43:02] DEBUG: Resolving schedule | {"context":"ScheduleResolver","employeeId":67,"date":"2026-01-26","dayOfWeek":1}
[2026-02-06 07:43:02] DEBUG: Employee schedule lookup | {"context":"ScheduleResolver","employeeId":67,"date":"2026-01-26","hasAnySchedule":false,"foundValidSchedule":false}
[2026-02-06 07:43:02] DEBUG: Department schedule lookup | {"context":"ScheduleResolver","employeeId":67,"departmentId":8,"date":"2026-01-26","hasAnySchedule":false,"foundValidSchedule":false}
[2026-02-06 07:43:02] DEBUG: Schedule for date | {"context":"ViolationCalculator","employeeId":67,"date":"2026-01-26","isWorkDay":true,"workStart":"09:00","workEnd":"18:00"}
[2026-02-06 07:43:02] DEBUG: Both times present - calculated late/early | {"context":"ViolationCalculator","employeeId":67,"date":"2026-01-26","checkIn":"09:00","checkOut":"18:00","lateMinutes":0,"earlyMinutes":0}
[2026-02-06 07:43:02] DEBUG: Resolving schedule | {"context":"ScheduleResolver","employeeId":67,"date":"2026-01-27","dayOfWeek":2}
[2026-02-06 07:43:02] DEBUG: Employee schedule lookup | {"context":"ScheduleResolver","employeeId":67,"date":"2026-01-27","hasAnySchedule":false,"foundValidSchedule":false}
[2026-02-06 07:43:02] DEBUG: Department schedule lookup | {"context":"ScheduleResolver","employeeId":67,"departmentId":8,"date":"2026-01-27","hasAnySchedule":false,"foundValidSchedule":false}
[2026-02-06 07:43:02] DEBUG: Schedule for date | {"context":"ViolationCalculator","employeeId":67,"date":"2026-01-27","isWorkDay":true,"workStart":"09:00","workEnd":"18:00"}
[2026-02-06 07:43:02] DEBUG: Both times present - calculated late/early | {"context":"ViolationCalculator","employeeId":67,"date":"2026-01-27","checkIn":"09:00","checkOut":"18:00","lateMinutes":0,"earlyMinutes":0}
[2026-02-06 07:43:02] DEBUG: Resolving schedule | {"context":"ScheduleResolver","employeeId":67,"date":"2026-01-28","dayOfWeek":3}
[2026-02-06 07:43:02] DEBUG: Employee schedule lookup | {"context":"ScheduleResolver","employeeId":67,"date":"2026-01-28","hasAnySchedule":false,"foundValidSchedule":false}
[2026-02-06 07:43:02] DEBUG: Department schedule lookup | {"context":"ScheduleResolver","employeeId":67,"departmentId":8,"date":"2026-01-28","hasAnySchedule":false,"foundValidSchedule":false}
[2026-02-06 07:43:02] DEBUG: Schedule for date | {"context":"ViolationCalculator","employeeId":67,"date":"2026-01-28","isWorkDay":true,"workStart":"09:00","workEnd":"18:00"}
[2026-02-06 07:43:02] DEBUG: Both times present - calculated late/early | {"context":"ViolationCalculator","employeeId":67,"date":"2026-01-28","checkIn":"08:38","checkOut":"18:08","lateMinutes":0,"earlyMinutes":0}
[2026-02-06 07:43:02] DEBUG: Resolving schedule | {"context":"ScheduleResolver","employeeId":67,"date":"2026-01-29","dayOfWeek":4}
[2026-02-06 07:43:02] DEBUG: Employee schedule lookup | {"context":"ScheduleResolver","employeeId":67,"date":"2026-01-29","hasAnySchedule":false,"foundValidSchedule":false}
[2026-02-06 07:43:02] DEBUG: Department schedule lookup | {"context":"ScheduleResolver","employeeId":67,"departmentId":8,"date":"2026-01-29","hasAnySchedule":false,"foundValidSchedule":false}
[2026-02-06 07:43:02] DEBUG: Schedule for date | {"context":"ViolationCalculator","employeeId":67,"date":"2026-01-29","isWorkDay":true,"workStart":"09:00","workEnd":"18:00"}
[2026-02-06 07:43:02] DEBUG: Both times present - calculated late/early | {"context":"ViolationCalculator","employeeId":67,"date":"2026-01-29","checkIn":"09:00","checkOut":"18:00","lateMinutes":0,"earlyMinutes":0}
[2026-02-06 07:43:02] DEBUG: Resolving schedule | {"context":"ScheduleResolver","employeeId":67,"date":"2026-01-30","dayOfWeek":5}
[2026-02-06 07:43:02] DEBUG: Employee schedule lookup | {"context":"ScheduleResolver","employeeId":67,"date":"2026-01-30","hasAnySchedule":false,"foundValidSchedule":false}
[2026-02-06 07:43:02] DEBUG: Department schedule lookup | {"context":"ScheduleResolver","employeeId":67,"departmentId":8,"date":"2026-01-30","hasAnySchedule":false,"foundValidSchedule":false}
[2026-02-06 07:43:02] DEBUG: Schedule for date | {"context":"ViolationCalculator","employeeId":67,"date":"2026-01-30","isWorkDay":true,"workStart":"09:00","workEnd":"18:00"}
[2026-02-06 07:43:02] DEBUG: Both times present - calculated late/early | {"context":"ViolationCalculator","employeeId":67,"date":"2026-01-30","checkIn":"09:00","checkOut":"18:00","lateMinutes":0,"earlyMinutes":0}
[2026-02-06 07:43:02] DEBUG: Resolving schedule | {"context":"ScheduleResolver","employeeId":67,"date":"2026-01-31","dayOfWeek":6}
[2026-02-06 07:43:02] DEBUG: Employee schedule lookup | {"context":"ScheduleResolver","employeeId":67,"date":"2026-01-31","hasAnySchedule":false,"foundValidSchedule":false}
[2026-02-06 07:43:02] DEBUG: Department schedule lookup | {"context":"ScheduleResolver","employeeId":67,"departmentId":8,"date":"2026-01-31","hasAnySchedule":false,"foundValidSchedule":false}
[2026-02-06 07:43:02] DEBUG: Schedule for date | {"context":"ViolationCalculator","employeeId":67,"date":"2026-01-31","isWorkDay":false,"workStart":"09:00","workEnd":"18:00"}
[2026-02-06 07:43:02] DEBUG: Skipping non-work day | {"context":"ViolationCalculator","employeeId":67,"date":"2026-01-31"}
[2026-02-06 07:43:02] DEBUG: Resolving schedule | {"context":"ScheduleResolver","employeeId":68,"date":"2026-01-10","dayOfWeek":6}
[2026-02-06 07:43:02] DEBUG: Employee schedule lookup | {"context":"ScheduleResolver","employeeId":68,"date":"2026-01-10","hasAnySchedule":false,"foundValidSchedule":false}
[2026-02-06 07:43:02] DEBUG: Department schedule lookup | {"context":"ScheduleResolver","employeeId":68,"departmentId":11,"date":"2026-01-10","hasAnySchedule":false,"foundValidSchedule":false}
[2026-02-06 07:43:02] DEBUG: Schedule for date | {"context":"ViolationCalculator","employeeId":68,"date":"2026-01-10","isWorkDay":false,"workStart":"09:00","workEnd":"18:00"}
[2026-02-06 07:43:02] DEBUG: Skipping non-work day | {"context":"ViolationCalculator","employeeId":68,"date":"2026-01-10"}
[2026-02-06 07:43:02] DEBUG: Resolving schedule | {"context":"ScheduleResolver","employeeId":68,"date":"2026-01-11","dayOfWeek":7}
[2026-02-06 07:43:02] DEBUG: Employee schedule lookup | {"context":"ScheduleResolver","employeeId":68,"date":"2026-01-11","hasAnySchedule":false,"foundValidSchedule":false}
[2026-02-06 07:43:02] DEBUG: Department schedule lookup | {"context":"ScheduleResolver","employeeId":68,"departmentId":11,"date":"2026-01-11","hasAnySchedule":false,"foundValidSchedule":false}
[2026-02-06 07:43:02] DEBUG: Schedule for date | {"context":"ViolationCalculator","employeeId":68,"date":"2026-01-11","isWorkDay":false,"workStart":"09:00","workEnd":"18:00"}
[2026-02-06 07:43:02] DEBUG: Skipping non-work day | {"context":"ViolationCalculator","employeeId":68,"date":"2026-01-11"}
[2026-02-06 07:43:02] DEBUG: Resolving schedule | {"context":"ScheduleResolver","employeeId":68,"date":"2026-01-12","dayOfWeek":1}
[2026-02-06 07:43:02] DEBUG: Employee schedule lookup | {"context":"ScheduleResolver","employeeId":68,"date":"2026-01-12","hasAnySchedule":false,"foundValidSchedule":false}
[2026-02-06 07:43:02] DEBUG: Department schedule lookup | {"context":"ScheduleResolver","employeeId":68,"departmentId":11,"date":"2026-01-12","hasAnySchedule":false,"foundValidSchedule":false}
[2026-02-06 07:43:02] DEBUG: Schedule for date | {"context":"ViolationCalculator","employeeId":68,"date":"2026-01-12","isWorkDay":true,"workStart":"09:00","workEnd":"18:00"}
[2026-02-06 07:43:02] DEBUG: Missing time(s) - counted as absent | {"context":"ViolationCalculator","employeeId":68,"date":"2026-01-12","checkIn":null,"checkOut":null,"absentMinutes":540}
[2026-02-06 07:43:02] DEBUG: Resolving schedule | {"context":"ScheduleResolver","employeeId":68,"date":"2026-01-13","dayOfWeek":2}
[2026-02-06 07:43:02] DEBUG: Employee schedule lookup | {"context":"ScheduleResolver","employeeId":68,"date":"2026-01-13","hasAnySchedule":false,"foundValidSchedule":false}
[2026-02-06 07:43:02] DEBUG: Department schedule lookup | {"context":"ScheduleResolver","employeeId":68,"departmentId":11,"date":"2026-01-13","hasAnySchedule":false,"foundValidSchedule":false}
[2026-02-06 07:43:02] DEBUG: Schedule for date | {"context":"ViolationCalculator","employeeId":68,"date":"2026-01-13","isWorkDay":true,"workStart":"09:00","workEnd":"18:00"}
[2026-02-06 07:43:02] DEBUG: Missing time(s) - counted as absent | {"context":"ViolationCalculator","employeeId":68,"date":"2026-01-13","checkIn":null,"checkOut":null,"absentMinutes":540}
[2026-02-06 07:43:02] DEBUG: Resolving schedule | {"context":"ScheduleResolver","employeeId":68,"date":"2026-01-14","dayOfWeek":3}
[2026-02-06 07:43:02] DEBUG: Employee schedule lookup | {"context":"ScheduleResolver","employeeId":68,"date":"2026-01-14","hasAnySchedule":false,"foundValidSchedule":false}
[2026-02-06 07:43:02] DEBUG: Department schedule lookup | {"context":"ScheduleResolver","employeeId":68,"departmentId":11,"date":"2026-01-14","hasAnySchedule":false,"foundValidSchedule":false}
[2026-02-06 07:43:02] DEBUG: Schedule for date | {"context":"ViolationCalculator","employeeId":68,"date":"2026-01-14","isWorkDay":true,"workStart":"09:00","workEnd":"18:00"}
[2026-02-06 07:43:02] DEBUG: Missing time(s) - counted as absent | {"context":"ViolationCalculator","employeeId":68,"date":"2026-01-14","checkIn":null,"checkOut":null,"absentMinutes":540}
[2026-02-06 07:43:02] DEBUG: Resolving schedule | {"context":"ScheduleResolver","employeeId":68,"date":"2026-01-15","dayOfWeek":4}
[2026-02-06 07:43:02] DEBUG: Employee schedule lookup | {"context":"ScheduleResolver","employeeId":68,"date":"2026-01-15","hasAnySchedule":false,"foundValidSchedule":false}
[2026-02-06 07:43:02] DEBUG: Department schedule lookup | {"context":"ScheduleResolver","employeeId":68,"departmentId":11,"date":"2026-01-15","hasAnySchedule":false,"foundValidSchedule":false}
[2026-02-06 07:43:02] DEBUG: Schedule for date | {"context":"ViolationCalculator","employeeId":68,"date":"2026-01-15","isWorkDay":true,"workStart":"09:00","workEnd":"18:00"}
[2026-02-06 07:43:02] DEBUG: Missing time(s) - counted as absent | {"context":"ViolationCalculator","employeeId":68,"date":"2026-01-15","checkIn":null,"checkOut":null,"absentMinutes":540}
[2026-02-06 07:43:02] DEBUG: Resolving schedule | {"context":"ScheduleResolver","employeeId":68,"date":"2026-01-16","dayOfWeek":5}
[2026-02-06 07:43:02] DEBUG: Employee schedule lookup | {"context":"ScheduleResolver","employeeId":68,"date":"2026-01-16","hasAnySchedule":false,"foundValidSchedule":false}
[2026-02-06 07:43:02] DEBUG: Department schedule lookup | {"context":"ScheduleResolver","employeeId":68,"departmentId":11,"date":"2026-01-16","hasAnySchedule":false,"foundValidSchedule":false}
[2026-02-06 07:43:02] DEBUG: Schedule for date | {"context":"ViolationCalculator","employeeId":68,"date":"2026-01-16","isWorkDay":true,"workStart":"09:00","workEnd":"18:00"}
[2026-02-06 07:43:02] DEBUG: Missing time(s) - counted as absent | {"context":"ViolationCalculator","employeeId":68,"date":"2026-01-16","checkIn":null,"checkOut":null,"absentMinutes":540}
[2026-02-06 07:43:02] DEBUG: Resolving schedule | {"context":"ScheduleResolver","employeeId":68,"date":"2026-01-17","dayOfWeek":6}
[2026-02-06 07:43:02] DEBUG: Employee schedule lookup | {"context":"ScheduleResolver","employeeId":68,"date":"2026-01-17","hasAnySchedule":false,"foundValidSchedule":false}
[2026-02-06 07:43:02] DEBUG: Department schedule lookup | {"context":"ScheduleResolver","employeeId":68,"departmentId":11,"date":"2026-01-17","hasAnySchedule":false,"foundValidSchedule":false}
[2026-02-06 07:43:02] DEBUG: Schedule for date | {"context":"ViolationCalculator","employeeId":68,"date":"2026-01-17","isWorkDay":false,"workStart":"09:00","workEnd":"18:00"}
[2026-02-06 07:43:02] DEBUG: Skipping non-work day | {"context":"ViolationCalculator","employeeId":68,"date":"2026-01-17"}
[2026-02-06 07:43:02] DEBUG: Resolving schedule | {"context":"ScheduleResolver","employeeId":68,"date":"2026-01-18","dayOfWeek":7}
[2026-02-06 07:43:02] DEBUG: Employee schedule lookup | {"context":"ScheduleResolver","employeeId":68,"date":"2026-01-18","hasAnySchedule":false,"foundValidSchedule":false}
[2026-02-06 07:43:02] DEBUG: Department schedule lookup | {"context":"ScheduleResolver","employeeId":68,"departmentId":11,"date":"2026-01-18","hasAnySchedule":false,"foundValidSchedule":false}
[2026-02-06 07:43:02] DEBUG: Schedule for date | {"context":"ViolationCalculator","employeeId":68,"date":"2026-01-18","isWorkDay":false,"workStart":"09:00","workEnd":"18:00"}
[2026-02-06 07:43:02] DEBUG: Skipping non-work day | {"context":"ViolationCalculator","employeeId":68,"date":"2026-01-18"}
[2026-02-06 07:43:02] DEBUG: Resolving schedule | {"context":"ScheduleResolver","employeeId":68,"date":"2026-01-19","dayOfWeek":1}
[2026-02-06 07:43:02] DEBUG: Employee schedule lookup | {"context":"ScheduleResolver","employeeId":68,"date":"2026-01-19","hasAnySchedule":false,"foundValidSchedule":false}
[2026-02-06 07:43:02] DEBUG: Department schedule lookup | {"context":"ScheduleResolver","employeeId":68,"departmentId":11,"date":"2026-01-19","hasAnySchedule":false,"foundValidSchedule":false}
[2026-02-06 07:43:02] DEBUG: Schedule for date | {"context":"ViolationCalculator","employeeId":68,"date":"2026-01-19","isWorkDay":true,"workStart":"09:00","workEnd":"18:00"}
[2026-02-06 07:43:02] DEBUG: Missing time(s) - counted as absent | {"context":"ViolationCalculator","employeeId":68,"date":"2026-01-19","checkIn":null,"checkOut":null,"absentMinutes":540}
[2026-02-06 07:43:02] DEBUG: Resolving schedule | {"context":"ScheduleResolver","employeeId":68,"date":"2026-01-20","dayOfWeek":2}
[2026-02-06 07:43:02] DEBUG: Employee schedule lookup | {"context":"ScheduleResolver","employeeId":68,"date":"2026-01-20","hasAnySchedule":false,"foundValidSchedule":false}
[2026-02-06 07:43:02] DEBUG: Department schedule lookup | {"context":"ScheduleResolver","employeeId":68,"departmentId":11,"date":"2026-01-20","hasAnySchedule":false,"foundValidSchedule":false}
[2026-02-06 07:43:02] DEBUG: Schedule for date | {"context":"ViolationCalculator","employeeId":68,"date":"2026-01-20","isWorkDay":true,"workStart":"09:00","workEnd":"18:00"}
[2026-02-06 07:43:02] DEBUG: Missing time(s) - counted as absent | {"context":"ViolationCalculator","employeeId":68,"date":"2026-01-20","checkIn":null,"checkOut":null,"absentMinutes":540}
[2026-02-06 07:43:02] DEBUG: Resolving schedule | {"context":"ScheduleResolver","employeeId":68,"date":"2026-01-21","dayOfWeek":3}
[2026-02-06 07:43:02] DEBUG: Employee schedule lookup | {"context":"ScheduleResolver","employeeId":68,"date":"2026-01-21","hasAnySchedule":false,"foundValidSchedule":false}
[2026-02-06 07:43:02] DEBUG: Department schedule lookup | {"context":"ScheduleResolver","employeeId":68,"departmentId":11,"date":"2026-01-21","hasAnySchedule":false,"foundValidSchedule":false}
[2026-02-06 07:43:02] DEBUG: Schedule for date | {"context":"ViolationCalculator","employeeId":68,"date":"2026-01-21","isWorkDay":true,"workStart":"09:00","workEnd":"18:00"}
[2026-02-06 07:43:02] DEBUG: Missing time(s) - counted as absent | {"context":"ViolationCalculator","employeeId":68,"date":"2026-01-21","checkIn":null,"checkOut":null,"absentMinutes":540}
[2026-02-06 07:43:02] DEBUG: Resolving schedule | {"context":"ScheduleResolver","employeeId":68,"date":"2026-01-22","dayOfWeek":4}
[2026-02-06 07:43:02] DEBUG: Employee schedule lookup | {"context":"ScheduleResolver","employeeId":68,"date":"2026-01-22","hasAnySchedule":false,"foundValidSchedule":false}
[2026-02-06 07:43:02] DEBUG: Department schedule lookup | {"context":"ScheduleResolver","employeeId":68,"departmentId":11,"date":"2026-01-22","hasAnySchedule":false,"foundValidSchedule":false}
[2026-02-06 07:43:02] DEBUG: Schedule for date | {"context":"ViolationCalculator","employeeId":68,"date":"2026-01-22","isWorkDay":true,"workStart":"09:00","workEnd":"18:00"}
[2026-02-06 07:43:02] DEBUG: Missing time(s) - counted as absent | {"context":"ViolationCalculator","employeeId":68,"date":"2026-01-22","checkIn":null,"checkOut":null,"absentMinutes":540}
[2026-02-06 07:43:02] DEBUG: Resolving schedule | {"context":"ScheduleResolver","employeeId":68,"date":"2026-01-23","dayOfWeek":5}
[2026-02-06 07:43:02] DEBUG: Employee schedule lookup | {"context":"ScheduleResolver","employeeId":68,"date":"2026-01-23","hasAnySchedule":false,"foundValidSchedule":false}
[2026-02-06 07:43:02] DEBUG: Department schedule lookup | {"context":"ScheduleResolver","employeeId":68,"departmentId":11,"date":"2026-01-23","hasAnySchedule":false,"foundValidSchedule":false}
[2026-02-06 07:43:02] DEBUG: Schedule for date | {"context":"ViolationCalculator","employeeId":68,"date":"2026-01-23","isWorkDay":true,"workStart":"09:00","workEnd":"18:00"}
[2026-02-06 07:43:02] DEBUG: Missing time(s) - counted as absent | {"context":"ViolationCalculator","employeeId":68,"date":"2026-01-23","checkIn":null,"checkOut":null,"absentMinutes":540}
[2026-02-06 07:43:02] DEBUG: Resolving schedule | {"context":"ScheduleResolver","employeeId":68,"date":"2026-01-24","dayOfWeek":6}
[2026-02-06 07:43:02] DEBUG: Employee schedule lookup | {"context":"ScheduleResolver","employeeId":68,"date":"2026-01-24","hasAnySchedule":false,"foundValidSchedule":false}
[2026-02-06 07:43:02] DEBUG: Department schedule lookup | {"context":"ScheduleResolver","employeeId":68,"departmentId":11,"date":"2026-01-24","hasAnySchedule":false,"foundValidSchedule":false}
[2026-02-06 07:43:02] DEBUG: Schedule for date | {"context":"ViolationCalculator","employeeId":68,"date":"2026-01-24","isWorkDay":false,"workStart":"09:00","workEnd":"18:00"}
[2026-02-06 07:43:02] DEBUG: Skipping non-work day | {"context":"ViolationCalculator","employeeId":68,"date":"2026-01-24"}
[2026-02-06 07:43:02] DEBUG: Resolving schedule | {"context":"ScheduleResolver","employeeId":68,"date":"2026-01-25","dayOfWeek":7}
[2026-02-06 07:43:02] DEBUG: Employee schedule lookup | {"context":"ScheduleResolver","employeeId":68,"date":"2026-01-25","hasAnySchedule":false,"foundValidSchedule":false}
[2026-02-06 07:43:02] DEBUG: Department schedule lookup | {"context":"ScheduleResolver","employeeId":68,"departmentId":11,"date":"2026-01-25","hasAnySchedule":false,"foundValidSchedule":false}
[2026-02-06 07:43:02] DEBUG: Schedule for date | {"context":"ViolationCalculator","employeeId":68,"date":"2026-01-25","isWorkDay":false,"workStart":"09:00","workEnd":"18:00"}
[2026-02-06 07:43:02] DEBUG: Skipping non-work day | {"context":"ViolationCalculator","employeeId":68,"date":"2026-01-25"}
[2026-02-06 07:43:02] DEBUG: Resolving schedule | {"context":"ScheduleResolver","employeeId":68,"date":"2026-01-26","dayOfWeek":1}
[2026-02-06 07:43:02] DEBUG: Employee schedule lookup | {"context":"ScheduleResolver","employeeId":68,"date":"2026-01-26","hasAnySchedule":false,"foundValidSchedule":false}
[2026-02-06 07:43:02] DEBUG: Department schedule lookup | {"context":"ScheduleResolver","employeeId":68,"departmentId":11,"date":"2026-01-26","hasAnySchedule":false,"foundValidSchedule":false}
[2026-02-06 07:43:02] DEBUG: Schedule for date | {"context":"ViolationCalculator","employeeId":68,"date":"2026-01-26","isWorkDay":true,"workStart":"09:00","workEnd":"18:00"}
[2026-02-06 07:43:02] DEBUG: Missing time(s) - counted as absent | {"context":"ViolationCalculator","employeeId":68,"date":"2026-01-26","checkIn":null,"checkOut":null,"absentMinutes":540}
[2026-02-06 07:43:02] DEBUG: Resolving schedule | {"context":"ScheduleResolver","employeeId":68,"date":"2026-01-27","dayOfWeek":2}
[2026-02-06 07:43:02] DEBUG: Employee schedule lookup | {"context":"ScheduleResolver","employeeId":68,"date":"2026-01-27","hasAnySchedule":false,"foundValidSchedule":false}
[2026-02-06 07:43:02] DEBUG: Department schedule lookup | {"context":"ScheduleResolver","employeeId":68,"departmentId":11,"date":"2026-01-27","hasAnySchedule":false,"foundValidSchedule":false}
[2026-02-06 07:43:02] DEBUG: Schedule for date | {"context":"ViolationCalculator","employeeId":68,"date":"2026-01-27","isWorkDay":true,"workStart":"09:00","workEnd":"18:00"}
[2026-02-06 07:43:02] DEBUG: Missing time(s) - counted as absent | {"context":"ViolationCalculator","employeeId":68,"date":"2026-01-27","checkIn":null,"checkOut":null,"absentMinutes":540}
[2026-02-06 07:43:02] DEBUG: Resolving schedule | {"context":"ScheduleResolver","employeeId":68,"date":"2026-01-28","dayOfWeek":3}
[2026-02-06 07:43:02] DEBUG: Employee schedule lookup | {"context":"ScheduleResolver","employeeId":68,"date":"2026-01-28","hasAnySchedule":false,"foundValidSchedule":false}
[2026-02-06 07:43:02] DEBUG: Department schedule lookup | {"context":"ScheduleResolver","employeeId":68,"departmentId":11,"date":"2026-01-28","hasAnySchedule":false,"foundValidSchedule":false}
[2026-02-06 07:43:02] DEBUG: Schedule for date | {"context":"ViolationCalculator","employeeId":68,"date":"2026-01-28","isWorkDay":true,"workStart":"09:00","workEnd":"18:00"}
[2026-02-06 07:43:02] DEBUG: Missing time(s) - counted as absent | {"context":"ViolationCalculator","employeeId":68,"date":"2026-01-28","checkIn":null,"checkOut":null,"absentMinutes":540}
[2026-02-06 07:43:02] DEBUG: Resolving schedule | {"context":"ScheduleResolver","employeeId":68,"date":"2026-01-29","dayOfWeek":4}
[2026-02-06 07:43:02] DEBUG: Employee schedule lookup | {"context":"ScheduleResolver","employeeId":68,"date":"2026-01-29","hasAnySchedule":false,"foundValidSchedule":false}
[2026-02-06 07:43:02] DEBUG: Department schedule lookup | {"context":"ScheduleResolver","employeeId":68,"departmentId":11,"date":"2026-01-29","hasAnySchedule":false,"foundValidSchedule":false}
[2026-02-06 07:43:02] DEBUG: Schedule for date | {"context":"ViolationCalculator","employeeId":68,"date":"2026-01-29","isWorkDay":true,"workStart":"09:00","workEnd":"18:00"}
[2026-02-06 07:43:02] DEBUG: Missing time(s) - counted as absent | {"context":"ViolationCalculator","employeeId":68,"date":"2026-01-29","checkIn":null,"checkOut":null,"absentMinutes":540}
[2026-02-06 07:43:02] DEBUG: Resolving schedule | {"context":"ScheduleResolver","employeeId":68,"date":"2026-01-30","dayOfWeek":5}
[2026-02-06 07:43:02] DEBUG: Employee schedule lookup | {"context":"ScheduleResolver","employeeId":68,"date":"2026-01-30","hasAnySchedule":false,"foundValidSchedule":false}
[2026-02-06 07:43:02] DEBUG: Department schedule lookup | {"context":"ScheduleResolver","employeeId":68,"departmentId":11,"date":"2026-01-30","hasAnySchedule":false,"foundValidSchedule":false}
[2026-02-06 07:43:02] DEBUG: Schedule for date | {"context":"ViolationCalculator","employeeId":68,"date":"2026-01-30","isWorkDay":true,"workStart":"09:00","workEnd":"18:00"}
[2026-02-06 07:43:02] DEBUG: Missing time(s) - counted as absent | {"context":"ViolationCalculator","employeeId":68,"date":"2026-01-30","checkIn":null,"checkOut":null,"absentMinutes":540}
[2026-02-06 07:43:02] DEBUG: Resolving schedule | {"context":"ScheduleResolver","employeeId":68,"date":"2026-01-31","dayOfWeek":6}
[2026-02-06 07:43:02] DEBUG: Employee schedule lookup | {"context":"ScheduleResolver","employeeId":68,"date":"2026-01-31","hasAnySchedule":false,"foundValidSchedule":false}
[2026-02-06 07:43:02] DEBUG: Department schedule lookup | {"context":"ScheduleResolver","employeeId":68,"departmentId":11,"date":"2026-01-31","hasAnySchedule":false,"foundValidSchedule":false}
[2026-02-06 07:43:02] DEBUG: Schedule for date | {"context":"ViolationCalculator","employeeId":68,"date":"2026-01-31","isWorkDay":false,"workStart":"09:00","workEnd":"18:00"}
[2026-02-06 07:43:02] DEBUG: Skipping non-work day | {"context":"ViolationCalculator","employeeId":68,"date":"2026-01-31"}
[2026-02-06 07:43:02] DEBUG: Resolving schedule | {"context":"ScheduleResolver","employeeId":69,"date":"2026-01-10","dayOfWeek":6}
[2026-02-06 07:43:02] DEBUG: Employee schedule lookup | {"context":"ScheduleResolver","employeeId":69,"date":"2026-01-10","hasAnySchedule":false,"foundValidSchedule":false}
[2026-02-06 07:43:02] DEBUG: Department schedule lookup | {"context":"ScheduleResolver","employeeId":69,"departmentId":6,"date":"2026-01-10","hasAnySchedule":false,"foundValidSchedule":false}
[2026-02-06 07:43:02] DEBUG: Schedule for date | {"context":"ViolationCalculator","employeeId":69,"date":"2026-01-10","isWorkDay":false,"workStart":"09:00","workEnd":"18:00"}
[2026-02-06 07:43:02] DEBUG: Skipping non-work day | {"context":"ViolationCalculator","employeeId":69,"date":"2026-01-10"}
[2026-02-06 07:43:02] DEBUG: Resolving schedule | {"context":"ScheduleResolver","employeeId":69,"date":"2026-01-11","dayOfWeek":7}
[2026-02-06 07:43:02] DEBUG: Employee schedule lookup | {"context":"ScheduleResolver","employeeId":69,"date":"2026-01-11","hasAnySchedule":false,"foundValidSchedule":false}
[2026-02-06 07:43:02] DEBUG: Department schedule lookup | {"context":"ScheduleResolver","employeeId":69,"departmentId":6,"date":"2026-01-11","hasAnySchedule":false,"foundValidSchedule":false}
[2026-02-06 07:43:02] DEBUG: Schedule for date | {"context":"ViolationCalculator","employeeId":69,"date":"2026-01-11","isWorkDay":false,"workStart":"09:00","workEnd":"18:00"}
[2026-02-06 07:43:02] DEBUG: Skipping non-work day | {"context":"ViolationCalculator","employeeId":69,"date":"2026-01-11"}
[2026-02-06 07:43:02] DEBUG: Resolving schedule | {"context":"ScheduleResolver","employeeId":69,"date":"2026-01-12","dayOfWeek":1}
[2026-02-06 07:43:02] DEBUG: Employee schedule lookup | {"context":"ScheduleResolver","employeeId":69,"date":"2026-01-12","hasAnySchedule":false,"foundValidSchedule":false}
[2026-02-06 07:43:02] DEBUG: Department schedule lookup | {"context":"ScheduleResolver","employeeId":69,"departmentId":6,"date":"2026-01-12","hasAnySchedule":false,"foundValidSchedule":false}
[2026-02-06 07:43:02] DEBUG: Schedule for date | {"context":"ViolationCalculator","employeeId":69,"date":"2026-01-12","isWorkDay":true,"workStart":"09:00","workEnd":"18:00"}
[2026-02-06 07:43:02] DEBUG: Missing time(s) - counted as absent | {"context":"ViolationCalculator","employeeId":69,"date":"2026-01-12","checkIn":null,"checkOut":null,"absentMinutes":540}
[2026-02-06 07:43:02] DEBUG: Resolving schedule | {"context":"ScheduleResolver","employeeId":69,"date":"2026-01-13","dayOfWeek":2}
[2026-02-06 07:43:02] DEBUG: Employee schedule lookup | {"context":"ScheduleResolver","employeeId":69,"date":"2026-01-13","hasAnySchedule":false,"foundValidSchedule":false}
[2026-02-06 07:43:02] DEBUG: Department schedule lookup | {"context":"ScheduleResolver","employeeId":69,"departmentId":6,"date":"2026-01-13","hasAnySchedule":false,"foundValidSchedule":false}
[2026-02-06 07:43:02] DEBUG: Schedule for date | {"context":"ViolationCalculator","employeeId":69,"date":"2026-01-13","isWorkDay":true,"workStart":"09:00","workEnd":"18:00"}
[2026-02-06 07:43:02] DEBUG: Both times present - calculated late/early | {"context":"ViolationCalculator","employeeId":69,"date":"2026-01-13","checkIn":"18:15","checkOut":"08:30","lateMinutes":550,"earlyMinutes":570}
[2026-02-06 07:43:02] DEBUG: Resolving schedule | {"context":"ScheduleResolver","employeeId":69,"date":"2026-01-14","dayOfWeek":3}
[2026-02-06 07:43:02] DEBUG: Employee schedule lookup | {"context":"ScheduleResolver","employeeId":69,"date":"2026-01-14","hasAnySchedule":false,"foundValidSchedule":false}
[2026-02-06 07:43:02] DEBUG: Department schedule lookup | {"context":"ScheduleResolver","employeeId":69,"departmentId":6,"date":"2026-01-14","hasAnySchedule":false,"foundValidSchedule":false}
[2026-02-06 07:43:02] DEBUG: Schedule for date | {"context":"ViolationCalculator","employeeId":69,"date":"2026-01-14","isWorkDay":true,"workStart":"09:00","workEnd":"18:00"}
[2026-02-06 07:43:02] DEBUG: Missing time(s) - counted as absent | {"context":"ViolationCalculator","employeeId":69,"date":"2026-01-14","checkIn":null,"checkOut":null,"absentMinutes":540}
[2026-02-06 07:43:02] DEBUG: Resolving schedule | {"context":"ScheduleResolver","employeeId":69,"date":"2026-01-15","dayOfWeek":4}
[2026-02-06 07:43:02] DEBUG: Employee schedule lookup | {"context":"ScheduleResolver","employeeId":69,"date":"2026-01-15","hasAnySchedule":false,"foundValidSchedule":false}
[2026-02-06 07:43:02] DEBUG: Department schedule lookup | {"context":"ScheduleResolver","employeeId":69,"departmentId":6,"date":"2026-01-15","hasAnySchedule":false,"foundValidSchedule":false}
[2026-02-06 07:43:02] DEBUG: Schedule for date | {"context":"ViolationCalculator","employeeId":69,"date":"2026-01-15","isWorkDay":true,"workStart":"09:00","workEnd":"18:00"}
[2026-02-06 07:43:02] DEBUG: Both times present - calculated late/early | {"context":"ViolationCalculator","employeeId":69,"date":"2026-01-15","checkIn":"18:00","checkOut":"08:38","lateMinutes":535,"earlyMinutes":562}
[2026-02-06 07:43:02] DEBUG: Resolving schedule | {"context":"ScheduleResolver","employeeId":69,"date":"2026-01-16","dayOfWeek":5}
[2026-02-06 07:43:02] DEBUG: Employee schedule lookup | {"context":"ScheduleResolver","employeeId":69,"date":"2026-01-16","hasAnySchedule":false,"foundValidSchedule":false}
[2026-02-06 07:43:02] DEBUG: Department schedule lookup | {"context":"ScheduleResolver","employeeId":69,"departmentId":6,"date":"2026-01-16","hasAnySchedule":false,"foundValidSchedule":false}
[2026-02-06 07:43:02] DEBUG: Schedule for date | {"context":"ViolationCalculator","employeeId":69,"date":"2026-01-16","isWorkDay":true,"workStart":"09:00","workEnd":"18:00"}
[2026-02-06 07:43:02] DEBUG: Missing time(s) - counted as absent | {"context":"ViolationCalculator","employeeId":69,"date":"2026-01-16","checkIn":null,"checkOut":null,"absentMinutes":540}
[2026-02-06 07:43:02] DEBUG: Resolving schedule | {"context":"ScheduleResolver","employeeId":69,"date":"2026-01-17","dayOfWeek":6}
[2026-02-06 07:43:02] DEBUG: Employee schedule lookup | {"context":"ScheduleResolver","employeeId":69,"date":"2026-01-17","hasAnySchedule":false,"foundValidSchedule":false}
[2026-02-06 07:43:02] DEBUG: Department schedule lookup | {"context":"ScheduleResolver","employeeId":69,"departmentId":6,"date":"2026-01-17","hasAnySchedule":false,"foundValidSchedule":false}
[2026-02-06 07:43:02] DEBUG: Schedule for date | {"context":"ViolationCalculator","employeeId":69,"date":"2026-01-17","isWorkDay":false,"workStart":"09:00","workEnd":"18:00"}
[2026-02-06 07:43:02] DEBUG: Skipping non-work day | {"context":"ViolationCalculator","employeeId":69,"date":"2026-01-17"}
[2026-02-06 07:43:02] DEBUG: Resolving schedule | {"context":"ScheduleResolver","employeeId":69,"date":"2026-01-18","dayOfWeek":7}
[2026-02-06 07:43:02] DEBUG: Employee schedule lookup | {"context":"ScheduleResolver","employeeId":69,"date":"2026-01-18","hasAnySchedule":false,"foundValidSchedule":false}
[2026-02-06 07:43:02] DEBUG: Department schedule lookup | {"context":"ScheduleResolver","employeeId":69,"departmentId":6,"date":"2026-01-18","hasAnySchedule":false,"foundValidSchedule":false}
[2026-02-06 07:43:02] DEBUG: Schedule for date | {"context":"ViolationCalculator","employeeId":69,"date":"2026-01-18","isWorkDay":false,"workStart":"09:00","workEnd":"18:00"}
[2026-02-06 07:43:02] DEBUG: Skipping non-work day | {"context":"ViolationCalculator","employeeId":69,"date":"2026-01-18"}
[2026-02-06 07:43:02] DEBUG: Resolving schedule | {"context":"ScheduleResolver","employeeId":69,"date":"2026-01-19","dayOfWeek":1}
[2026-02-06 07:43:02] DEBUG: Employee schedule lookup | {"context":"ScheduleResolver","employeeId":69,"date":"2026-01-19","hasAnySchedule":false,"foundValidSchedule":false}
[2026-02-06 07:43:02] DEBUG: Department schedule lookup | {"context":"ScheduleResolver","employeeId":69,"departmentId":6,"date":"2026-01-19","hasAnySchedule":false,"foundValidSchedule":false}
[2026-02-06 07:43:02] DEBUG: Schedule for date | {"context":"ViolationCalculator","employeeId":69,"date":"2026-01-19","isWorkDay":true,"workStart":"09:00","workEnd":"18:00"}
[2026-02-06 07:43:02] DEBUG: Both times present - calculated late/early | {"context":"ViolationCalculator","employeeId":69,"date":"2026-01-19","checkIn":"18:00","checkOut":"08:51","lateMinutes":535,"earlyMinutes":549}
[2026-02-06 07:43:02] DEBUG: Resolving schedule | {"context":"ScheduleResolver","employeeId":69,"date":"2026-01-20","dayOfWeek":2}
[2026-02-06 07:43:02] DEBUG: Employee schedule lookup | {"context":"ScheduleResolver","employeeId":69,"date":"2026-01-20","hasAnySchedule":false,"foundValidSchedule":false}
[2026-02-06 07:43:02] DEBUG: Department schedule lookup | {"context":"ScheduleResolver","employeeId":69,"departmentId":6,"date":"2026-01-20","hasAnySchedule":false,"foundValidSchedule":false}
[2026-02-06 07:43:02] DEBUG: Schedule for date | {"context":"ViolationCalculator","employeeId":69,"date":"2026-01-20","isWorkDay":true,"workStart":"09:00","workEnd":"18:00"}
[2026-02-06 07:43:02] DEBUG: Missing time(s) - counted as absent | {"context":"ViolationCalculator","employeeId":69,"date":"2026-01-20","checkIn":null,"checkOut":null,"absentMinutes":540}
[2026-02-06 07:43:02] DEBUG: Resolving schedule | {"context":"ScheduleResolver","employeeId":69,"date":"2026-01-21","dayOfWeek":3}
[2026-02-06 07:43:02] DEBUG: Employee schedule lookup | {"context":"ScheduleResolver","employeeId":69,"date":"2026-01-21","hasAnySchedule":false,"foundValidSchedule":false}
[2026-02-06 07:43:02] DEBUG: Department schedule lookup | {"context":"ScheduleResolver","employeeId":69,"departmentId":6,"date":"2026-01-21","hasAnySchedule":false,"foundValidSchedule":false}
[2026-02-06 07:43:02] DEBUG: Schedule for date | {"context":"ViolationCalculator","employeeId":69,"date":"2026-01-21","isWorkDay":true,"workStart":"09:00","workEnd":"18:00"}
[2026-02-06 07:43:02] DEBUG: Missing time(s) - counted as absent | {"context":"ViolationCalculator","employeeId":69,"date":"2026-01-21","checkIn":null,"checkOut":null,"absentMinutes":540}
[2026-02-06 07:43:02] DEBUG: Resolving schedule | {"context":"ScheduleResolver","employeeId":69,"date":"2026-01-22","dayOfWeek":4}
[2026-02-06 07:43:02] DEBUG: Employee schedule lookup | {"context":"ScheduleResolver","employeeId":69,"date":"2026-01-22","hasAnySchedule":false,"foundValidSchedule":false}
[2026-02-06 07:43:02] DEBUG: Department schedule lookup | {"context":"ScheduleResolver","employeeId":69,"departmentId":6,"date":"2026-01-22","hasAnySchedule":false,"foundValidSchedule":false}
[2026-02-06 07:43:02] DEBUG: Schedule for date | {"context":"ViolationCalculator","employeeId":69,"date":"2026-01-22","isWorkDay":true,"workStart":"09:00","workEnd":"18:00"}
[2026-02-06 07:43:02] DEBUG: Missing time(s) - counted as absent | {"context":"ViolationCalculator","employeeId":69,"date":"2026-01-22","checkIn":null,"checkOut":null,"absentMinutes":540}
[2026-02-06 07:43:02] DEBUG: Resolving schedule | {"context":"ScheduleResolver","employeeId":69,"date":"2026-01-23","dayOfWeek":5}
[2026-02-06 07:43:02] DEBUG: Employee schedule lookup | {"context":"ScheduleResolver","employeeId":69,"date":"2026-01-23","hasAnySchedule":false,"foundValidSchedule":false}
[2026-02-06 07:43:02] DEBUG: Department schedule lookup | {"context":"ScheduleResolver","employeeId":69,"departmentId":6,"date":"2026-01-23","hasAnySchedule":false,"foundValidSchedule":false}
[2026-02-06 07:43:02] DEBUG: Schedule for date | {"context":"ViolationCalculator","employeeId":69,"date":"2026-01-23","isWorkDay":true,"workStart":"09:00","workEnd":"18:00"}
[2026-02-06 07:43:02] DEBUG: Both times present - calculated late/early | {"context":"ViolationCalculator","employeeId":69,"date":"2026-01-23","checkIn":"18:05","checkOut":"08:47","lateMinutes":540,"earlyMinutes":553}
[2026-02-06 07:43:02] DEBUG: Resolving schedule | {"context":"ScheduleResolver","employeeId":69,"date":"2026-01-24","dayOfWeek":6}
[2026-02-06 07:43:02] DEBUG: Employee schedule lookup | {"context":"ScheduleResolver","employeeId":69,"date":"2026-01-24","hasAnySchedule":false,"foundValidSchedule":false}
[2026-02-06 07:43:02] DEBUG: Department schedule lookup | {"context":"ScheduleResolver","employeeId":69,"departmentId":6,"date":"2026-01-24","hasAnySchedule":false,"foundValidSchedule":false}
[2026-02-06 07:43:02] DEBUG: Schedule for date | {"context":"ViolationCalculator","employeeId":69,"date":"2026-01-24","isWorkDay":false,"workStart":"09:00","workEnd":"18:00"}
[2026-02-06 07:43:02] DEBUG: Skipping non-work day | {"context":"ViolationCalculator","employeeId":69,"date":"2026-01-24"}
[2026-02-06 07:43:02] DEBUG: Resolving schedule | {"context":"ScheduleResolver","employeeId":69,"date":"2026-01-25","dayOfWeek":7}
[2026-02-06 07:43:02] DEBUG: Employee schedule lookup | {"context":"ScheduleResolver","employeeId":69,"date":"2026-01-25","hasAnySchedule":false,"foundValidSchedule":false}
[2026-02-06 07:43:02] DEBUG: Department schedule lookup | {"context":"ScheduleResolver","employeeId":69,"departmentId":6,"date":"2026-01-25","hasAnySchedule":false,"foundValidSchedule":false}
[2026-02-06 07:43:02] DEBUG: Schedule for date | {"context":"ViolationCalculator","employeeId":69,"date":"2026-01-25","isWorkDay":false,"workStart":"09:00","workEnd":"18:00"}
[2026-02-06 07:43:02] DEBUG: Skipping non-work day | {"context":"ViolationCalculator","employeeId":69,"date":"2026-01-25"}
[2026-02-06 07:43:02] DEBUG: Resolving schedule | {"context":"ScheduleResolver","employeeId":69,"date":"2026-01-26","dayOfWeek":1}
[2026-02-06 07:43:02] DEBUG: Employee schedule lookup | {"context":"ScheduleResolver","employeeId":69,"date":"2026-01-26","hasAnySchedule":false,"foundValidSchedule":false}
[2026-02-06 07:43:02] DEBUG: Department schedule lookup | {"context":"ScheduleResolver","employeeId":69,"departmentId":6,"date":"2026-01-26","hasAnySchedule":false,"foundValidSchedule":false}
[2026-02-06 07:43:02] DEBUG: Schedule for date | {"context":"ViolationCalculator","employeeId":69,"date":"2026-01-26","isWorkDay":true,"workStart":"09:00","workEnd":"18:00"}
[2026-02-06 07:43:02] DEBUG: Missing time(s) - counted as absent | {"context":"ViolationCalculator","employeeId":69,"date":"2026-01-26","checkIn":null,"checkOut":null,"absentMinutes":540}
[2026-02-06 07:43:02] DEBUG: Resolving schedule | {"context":"ScheduleResolver","employeeId":69,"date":"2026-01-27","dayOfWeek":2}
[2026-02-06 07:43:02] DEBUG: Employee schedule lookup | {"context":"ScheduleResolver","employeeId":69,"date":"2026-01-27","hasAnySchedule":false,"foundValidSchedule":false}
[2026-02-06 07:43:02] DEBUG: Department schedule lookup | {"context":"ScheduleResolver","employeeId":69,"departmentId":6,"date":"2026-01-27","hasAnySchedule":false,"foundValidSchedule":false}
[2026-02-06 07:43:02] DEBUG: Schedule for date | {"context":"ViolationCalculator","employeeId":69,"date":"2026-01-27","isWorkDay":true,"workStart":"09:00","workEnd":"18:00"}
[2026-02-06 07:43:02] DEBUG: Both times present - calculated late/early | {"context":"ViolationCalculator","employeeId":69,"date":"2026-01-27","checkIn":"18:13","checkOut":"08:37","lateMinutes":548,"earlyMinutes":563}
[2026-02-06 07:43:02] DEBUG: Resolving schedule | {"context":"ScheduleResolver","employeeId":69,"date":"2026-01-28","dayOfWeek":3}
[2026-02-06 07:43:02] DEBUG: Employee schedule lookup | {"context":"ScheduleResolver","employeeId":69,"date":"2026-01-28","hasAnySchedule":false,"foundValidSchedule":false}
[2026-02-06 07:43:02] DEBUG: Department schedule lookup | {"context":"ScheduleResolver","employeeId":69,"departmentId":6,"date":"2026-01-28","hasAnySchedule":false,"foundValidSchedule":false}
[2026-02-06 07:43:02] DEBUG: Schedule for date | {"context":"ViolationCalculator","employeeId":69,"date":"2026-01-28","isWorkDay":true,"workStart":"09:00","workEnd":"18:00"}
[2026-02-06 07:43:02] DEBUG: Missing time(s) - counted as absent | {"context":"ViolationCalculator","employeeId":69,"date":"2026-01-28","checkIn":"08:37","checkOut":null,"absentMinutes":540}
[2026-02-06 07:43:02] DEBUG: Resolving schedule | {"context":"ScheduleResolver","employeeId":69,"date":"2026-01-29","dayOfWeek":4}
[2026-02-06 07:43:02] DEBUG: Employee schedule lookup | {"context":"ScheduleResolver","employeeId":69,"date":"2026-01-29","hasAnySchedule":false,"foundValidSchedule":false}
[2026-02-06 07:43:02] DEBUG: Department schedule lookup | {"context":"ScheduleResolver","employeeId":69,"departmentId":6,"date":"2026-01-29","hasAnySchedule":false,"foundValidSchedule":false}
[2026-02-06 07:43:02] DEBUG: Schedule for date | {"context":"ViolationCalculator","employeeId":69,"date":"2026-01-29","isWorkDay":true,"workStart":"09:00","workEnd":"18:00"}
[2026-02-06 07:43:02] DEBUG: Both times present - calculated late/early | {"context":"ViolationCalculator","employeeId":69,"date":"2026-01-29","checkIn":"18:02","checkOut":"08:50","lateMinutes":537,"earlyMinutes":550}
[2026-02-06 07:43:02] DEBUG: Resolving schedule | {"context":"ScheduleResolver","employeeId":69,"date":"2026-01-30","dayOfWeek":5}
[2026-02-06 07:43:02] DEBUG: Employee schedule lookup | {"context":"ScheduleResolver","employeeId":69,"date":"2026-01-30","hasAnySchedule":false,"foundValidSchedule":false}
[2026-02-06 07:43:02] DEBUG: Department schedule lookup | {"context":"ScheduleResolver","employeeId":69,"departmentId":6,"date":"2026-01-30","hasAnySchedule":false,"foundValidSchedule":false}
[2026-02-06 07:43:02] DEBUG: Schedule for date | {"context":"ViolationCalculator","employeeId":69,"date":"2026-01-30","isWorkDay":true,"workStart":"09:00","workEnd":"18:00"}
[2026-02-06 07:43:02] DEBUG: Missing time(s) - counted as absent | {"context":"ViolationCalculator","employeeId":69,"date":"2026-01-30","checkIn":null,"checkOut":null,"absentMinutes":540}
[2026-02-06 07:43:02] DEBUG: Resolving schedule | {"context":"ScheduleResolver","employeeId":69,"date":"2026-01-31","dayOfWeek":6}
[2026-02-06 07:43:02] DEBUG: Employee schedule lookup | {"context":"ScheduleResolver","employeeId":69,"date":"2026-01-31","hasAnySchedule":false,"foundValidSchedule":false}
[2026-02-06 07:43:02] DEBUG: Department schedule lookup | {"context":"ScheduleResolver","employeeId":69,"departmentId":6,"date":"2026-01-31","hasAnySchedule":false,"foundValidSchedule":false}
[2026-02-06 07:43:02] DEBUG: Schedule for date | {"context":"ViolationCalculator","employeeId":69,"date":"2026-01-31","isWorkDay":false,"workStart":"09:00","workEnd":"18:00"}
[2026-02-06 07:43:02] DEBUG: Skipping non-work day | {"context":"ViolationCalculator","employeeId":69,"date":"2026-01-31"}
[2026-02-06 07:43:02] DEBUG: Resolving schedule | {"context":"ScheduleResolver","employeeId":70,"date":"2026-01-10","dayOfWeek":6}
[2026-02-06 07:43:02] DEBUG: Employee schedule lookup | {"context":"ScheduleResolver","employeeId":70,"date":"2026-01-10","hasAnySchedule":false,"foundValidSchedule":false}
[2026-02-06 07:43:02] DEBUG: Department schedule lookup | {"context":"ScheduleResolver","employeeId":70,"departmentId":2,"date":"2026-01-10","hasAnySchedule":false,"foundValidSchedule":false}
[2026-02-06 07:43:02] DEBUG: Schedule for date | {"context":"ViolationCalculator","employeeId":70,"date":"2026-01-10","isWorkDay":false,"workStart":"09:00","workEnd":"18:00"}
[2026-02-06 07:43:02] DEBUG: Skipping non-work day | {"context":"ViolationCalculator","employeeId":70,"date":"2026-01-10"}
[2026-02-06 07:43:02] DEBUG: Resolving schedule | {"context":"ScheduleResolver","employeeId":70,"date":"2026-01-11","dayOfWeek":7}
[2026-02-06 07:43:02] DEBUG: Employee schedule lookup | {"context":"ScheduleResolver","employeeId":70,"date":"2026-01-11","hasAnySchedule":false,"foundValidSchedule":false}
[2026-02-06 07:43:02] DEBUG: Department schedule lookup | {"context":"ScheduleResolver","employeeId":70,"departmentId":2,"date":"2026-01-11","hasAnySchedule":false,"foundValidSchedule":false}
[2026-02-06 07:43:02] DEBUG: Schedule for date | {"context":"ViolationCalculator","employeeId":70,"date":"2026-01-11","isWorkDay":false,"workStart":"09:00","workEnd":"18:00"}
[2026-02-06 07:43:02] DEBUG: Skipping non-work day | {"context":"ViolationCalculator","employeeId":70,"date":"2026-01-11"}
[2026-02-06 07:43:02] DEBUG: Resolving schedule | {"context":"ScheduleResolver","employeeId":70,"date":"2026-01-12","dayOfWeek":1}
[2026-02-06 07:43:02] DEBUG: Employee schedule lookup | {"context":"ScheduleResolver","employeeId":70,"date":"2026-01-12","hasAnySchedule":false,"foundValidSchedule":false}
[2026-02-06 07:43:02] DEBUG: Department schedule lookup | {"context":"ScheduleResolver","employeeId":70,"departmentId":2,"date":"2026-01-12","hasAnySchedule":false,"foundValidSchedule":false}
[2026-02-06 07:43:02] DEBUG: Schedule for date | {"context":"ViolationCalculator","employeeId":70,"date":"2026-01-12","isWorkDay":true,"workStart":"09:00","workEnd":"18:00"}
[2026-02-06 07:43:02] DEBUG: Both times present - calculated late/early | {"context":"ViolationCalculator","employeeId":70,"date":"2026-01-12","checkIn":"09:00","checkOut":"16:00","lateMinutes":0,"earlyMinutes":120}
[2026-02-06 07:43:02] DEBUG: Resolving schedule | {"context":"ScheduleResolver","employeeId":70,"date":"2026-01-13","dayOfWeek":2}
[2026-02-06 07:43:02] DEBUG: Employee schedule lookup | {"context":"ScheduleResolver","employeeId":70,"date":"2026-01-13","hasAnySchedule":false,"foundValidSchedule":false}
[2026-02-06 07:43:02] DEBUG: Department schedule lookup | {"context":"ScheduleResolver","employeeId":70,"departmentId":2,"date":"2026-01-13","hasAnySchedule":false,"foundValidSchedule":false}
[2026-02-06 07:43:02] DEBUG: Schedule for date | {"context":"ViolationCalculator","employeeId":70,"date":"2026-01-13","isWorkDay":true,"workStart":"09:00","workEnd":"18:00"}
[2026-02-06 07:43:02] DEBUG: Both times present - calculated late/early | {"context":"ViolationCalculator","employeeId":70,"date":"2026-01-13","checkIn":"09:00","checkOut":"16:10","lateMinutes":0,"earlyMinutes":110}
[2026-02-06 07:43:02] DEBUG: Resolving schedule | {"context":"ScheduleResolver","employeeId":70,"date":"2026-01-14","dayOfWeek":3}
[2026-02-06 07:43:02] DEBUG: Employee schedule lookup | {"context":"ScheduleResolver","employeeId":70,"date":"2026-01-14","hasAnySchedule":false,"foundValidSchedule":false}
[2026-02-06 07:43:02] DEBUG: Department schedule lookup | {"context":"ScheduleResolver","employeeId":70,"departmentId":2,"date":"2026-01-14","hasAnySchedule":false,"foundValidSchedule":false}
[2026-02-06 07:43:02] DEBUG: Schedule for date | {"context":"ViolationCalculator","employeeId":70,"date":"2026-01-14","isWorkDay":true,"workStart":"09:00","workEnd":"18:00"}
[2026-02-06 07:43:02] DEBUG: Both times present - calculated late/early | {"context":"ViolationCalculator","employeeId":70,"date":"2026-01-14","checkIn":"09:00","checkOut":"16:30","lateMinutes":0,"earlyMinutes":90}
[2026-02-06 07:43:02] DEBUG: Resolving schedule | {"context":"ScheduleResolver","employeeId":70,"date":"2026-01-15","dayOfWeek":4}
[2026-02-06 07:43:02] DEBUG: Employee schedule lookup | {"context":"ScheduleResolver","employeeId":70,"date":"2026-01-15","hasAnySchedule":false,"foundValidSchedule":false}
[2026-02-06 07:43:02] DEBUG: Department schedule lookup | {"context":"ScheduleResolver","employeeId":70,"departmentId":2,"date":"2026-01-15","hasAnySchedule":false,"foundValidSchedule":false}
[2026-02-06 07:43:02] DEBUG: Schedule for date | {"context":"ViolationCalculator","employeeId":70,"date":"2026-01-15","isWorkDay":true,"workStart":"09:00","workEnd":"18:00"}
[2026-02-06 07:43:02] DEBUG: Both times present - calculated late/early | {"context":"ViolationCalculator","employeeId":70,"date":"2026-01-15","checkIn":"09:00","checkOut":"16:00","lateMinutes":0,"earlyMinutes":120}
[2026-02-06 07:43:02] DEBUG: Resolving schedule | {"context":"ScheduleResolver","employeeId":70,"date":"2026-01-16","dayOfWeek":5}
[2026-02-06 07:43:02] DEBUG: Employee schedule lookup | {"context":"ScheduleResolver","employeeId":70,"date":"2026-01-16","hasAnySchedule":false,"foundValidSchedule":false}
[2026-02-06 07:43:02] DEBUG: Department schedule lookup | {"context":"ScheduleResolver","employeeId":70,"departmentId":2,"date":"2026-01-16","hasAnySchedule":false,"foundValidSchedule":false}
[2026-02-06 07:43:02] DEBUG: Schedule for date | {"context":"ViolationCalculator","employeeId":70,"date":"2026-01-16","isWorkDay":true,"workStart":"09:00","workEnd":"18:00"}
[2026-02-06 07:43:02] DEBUG: Both times present - calculated late/early | {"context":"ViolationCalculator","employeeId":70,"date":"2026-01-16","checkIn":"09:00","checkOut":"15:57","lateMinutes":0,"earlyMinutes":123}
[2026-02-06 07:43:02] DEBUG: Resolving schedule | {"context":"ScheduleResolver","employeeId":70,"date":"2026-01-17","dayOfWeek":6}
[2026-02-06 07:43:02] DEBUG: Employee schedule lookup | {"context":"ScheduleResolver","employeeId":70,"date":"2026-01-17","hasAnySchedule":false,"foundValidSchedule":false}
[2026-02-06 07:43:02] DEBUG: Department schedule lookup | {"context":"ScheduleResolver","employeeId":70,"departmentId":2,"date":"2026-01-17","hasAnySchedule":false,"foundValidSchedule":false}
[2026-02-06 07:43:02] DEBUG: Schedule for date | {"context":"ViolationCalculator","employeeId":70,"date":"2026-01-17","isWorkDay":false,"workStart":"09:00","workEnd":"18:00"}
[2026-02-06 07:43:02] DEBUG: Skipping non-work day | {"context":"ViolationCalculator","employeeId":70,"date":"2026-01-17"}
[2026-02-06 07:43:02] DEBUG: Resolving schedule | {"context":"ScheduleResolver","employeeId":70,"date":"2026-01-18","dayOfWeek":7}
[2026-02-06 07:43:02] DEBUG: Employee schedule lookup | {"context":"ScheduleResolver","employeeId":70,"date":"2026-01-18","hasAnySchedule":false,"foundValidSchedule":false}
[2026-02-06 07:43:02] DEBUG: Department schedule lookup | {"context":"ScheduleResolver","employeeId":70,"departmentId":2,"date":"2026-01-18","hasAnySchedule":false,"foundValidSchedule":false}
[2026-02-06 07:43:02] DEBUG: Schedule for date | {"context":"ViolationCalculator","employeeId":70,"date":"2026-01-18","isWorkDay":false,"workStart":"09:00","workEnd":"18:00"}
[2026-02-06 07:43:02] DEBUG: Skipping non-work day | {"context":"ViolationCalculator","employeeId":70,"date":"2026-01-18"}
[2026-02-06 07:43:02] DEBUG: Resolving schedule | {"context":"ScheduleResolver","employeeId":70,"date":"2026-01-19","dayOfWeek":1}
[2026-02-06 07:43:02] DEBUG: Employee schedule lookup | {"context":"ScheduleResolver","employeeId":70,"date":"2026-01-19","hasAnySchedule":false,"foundValidSchedule":false}
[2026-02-06 07:43:02] DEBUG: Department schedule lookup | {"context":"ScheduleResolver","employeeId":70,"departmentId":2,"date":"2026-01-19","hasAnySchedule":false,"foundValidSchedule":false}
[2026-02-06 07:43:02] DEBUG: Schedule for date | {"context":"ViolationCalculator","employeeId":70,"date":"2026-01-19","isWorkDay":true,"workStart":"09:00","workEnd":"18:00"}
[2026-02-06 07:43:02] DEBUG: Both times present - calculated late/early | {"context":"ViolationCalculator","employeeId":70,"date":"2026-01-19","checkIn":"09:00","checkOut":"16:00","lateMinutes":0,"earlyMinutes":120}
[2026-02-06 07:43:02] DEBUG: Resolving schedule | {"context":"ScheduleResolver","employeeId":70,"date":"2026-01-20","dayOfWeek":2}
[2026-02-06 07:43:02] DEBUG: Employee schedule lookup | {"context":"ScheduleResolver","employeeId":70,"date":"2026-01-20","hasAnySchedule":false,"foundValidSchedule":false}
[2026-02-06 07:43:02] DEBUG: Department schedule lookup | {"context":"ScheduleResolver","employeeId":70,"departmentId":2,"date":"2026-01-20","hasAnySchedule":false,"foundValidSchedule":false}
[2026-02-06 07:43:02] DEBUG: Schedule for date | {"context":"ViolationCalculator","employeeId":70,"date":"2026-01-20","isWorkDay":true,"workStart":"09:00","workEnd":"18:00"}
[2026-02-06 07:43:02] DEBUG: Both times present - calculated late/early | {"context":"ViolationCalculator","employeeId":70,"date":"2026-01-20","checkIn":"09:00","checkOut":"17:01","lateMinutes":0,"earlyMinutes":59}
[2026-02-06 07:43:02] DEBUG: Resolving schedule | {"context":"ScheduleResolver","employeeId":70,"date":"2026-01-21","dayOfWeek":3}
[2026-02-06 07:43:02] DEBUG: Employee schedule lookup | {"context":"ScheduleResolver","employeeId":70,"date":"2026-01-21","hasAnySchedule":false,"foundValidSchedule":false}
[2026-02-06 07:43:02] DEBUG: Department schedule lookup | {"context":"ScheduleResolver","employeeId":70,"departmentId":2,"date":"2026-01-21","hasAnySchedule":false,"foundValidSchedule":false}
[2026-02-06 07:43:02] DEBUG: Schedule for date | {"context":"ViolationCalculator","employeeId":70,"date":"2026-01-21","isWorkDay":true,"workStart":"09:00","workEnd":"18:00"}
[2026-02-06 07:43:02] DEBUG: Both times present - calculated late/early | {"context":"ViolationCalculator","employeeId":70,"date":"2026-01-21","checkIn":"09:55","checkOut":"17:09","lateMinutes":50,"earlyMinutes":51}
[2026-02-06 07:43:02] DEBUG: Resolving schedule | {"context":"ScheduleResolver","employeeId":70,"date":"2026-01-22","dayOfWeek":4}
[2026-02-06 07:43:02] DEBUG: Employee schedule lookup | {"context":"ScheduleResolver","employeeId":70,"date":"2026-01-22","hasAnySchedule":false,"foundValidSchedule":false}
[2026-02-06 07:43:02] DEBUG: Department schedule lookup | {"context":"ScheduleResolver","employeeId":70,"departmentId":2,"date":"2026-01-22","hasAnySchedule":false,"foundValidSchedule":false}
[2026-02-06 07:43:02] DEBUG: Schedule for date | {"context":"ViolationCalculator","employeeId":70,"date":"2026-01-22","isWorkDay":true,"workStart":"09:00","workEnd":"18:00"}
[2026-02-06 07:43:02] DEBUG: Both times present - calculated late/early | {"context":"ViolationCalculator","employeeId":70,"date":"2026-01-22","checkIn":"08:43","checkOut":"16:12","lateMinutes":0,"earlyMinutes":108}
[2026-02-06 07:43:02] DEBUG: Resolving schedule | {"context":"ScheduleResolver","employeeId":70,"date":"2026-01-23","dayOfWeek":5}
[2026-02-06 07:43:02] DEBUG: Employee schedule lookup | {"context":"ScheduleResolver","employeeId":70,"date":"2026-01-23","hasAnySchedule":false,"foundValidSchedule":false}
[2026-02-06 07:43:02] DEBUG: Department schedule lookup | {"context":"ScheduleResolver","employeeId":70,"departmentId":2,"date":"2026-01-23","hasAnySchedule":false,"foundValidSchedule":false}
[2026-02-06 07:43:02] DEBUG: Schedule for date | {"context":"ViolationCalculator","employeeId":70,"date":"2026-01-23","isWorkDay":true,"workStart":"09:00","workEnd":"18:00"}
[2026-02-06 07:43:02] DEBUG: Both times present - calculated late/early | {"context":"ViolationCalculator","employeeId":70,"date":"2026-01-23","checkIn":"09:00","checkOut":"17:02","lateMinutes":0,"earlyMinutes":58}
[2026-02-06 07:43:02] DEBUG: Resolving schedule | {"context":"ScheduleResolver","employeeId":70,"date":"2026-01-24","dayOfWeek":6}
[2026-02-06 07:43:02] DEBUG: Employee schedule lookup | {"context":"ScheduleResolver","employeeId":70,"date":"2026-01-24","hasAnySchedule":false,"foundValidSchedule":false}
[2026-02-06 07:43:02] DEBUG: Department schedule lookup | {"context":"ScheduleResolver","employeeId":70,"departmentId":2,"date":"2026-01-24","hasAnySchedule":false,"foundValidSchedule":false}
[2026-02-06 07:43:02] DEBUG: Schedule for date | {"context":"ViolationCalculator","employeeId":70,"date":"2026-01-24","isWorkDay":false,"workStart":"09:00","workEnd":"18:00"}
[2026-02-06 07:43:02] DEBUG: Skipping non-work day | {"context":"ViolationCalculator","employeeId":70,"date":"2026-01-24"}
[2026-02-06 07:43:02] DEBUG: Resolving schedule | {"context":"ScheduleResolver","employeeId":70,"date":"2026-01-25","dayOfWeek":7}
[2026-02-06 07:43:02] DEBUG: Employee schedule lookup | {"context":"ScheduleResolver","employeeId":70,"date":"2026-01-25","hasAnySchedule":false,"foundValidSchedule":false}
[2026-02-06 07:43:02] DEBUG: Department schedule lookup | {"context":"ScheduleResolver","employeeId":70,"departmentId":2,"date":"2026-01-25","hasAnySchedule":false,"foundValidSchedule":false}
[2026-02-06 07:43:02] DEBUG: Schedule for date | {"context":"ViolationCalculator","employeeId":70,"date":"2026-01-25","isWorkDay":false,"workStart":"09:00","workEnd":"18:00"}
[2026-02-06 07:43:02] DEBUG: Skipping non-work day | {"context":"ViolationCalculator","employeeId":70,"date":"2026-01-25"}
[2026-02-06 07:43:02] DEBUG: Resolving schedule | {"context":"ScheduleResolver","employeeId":70,"date":"2026-01-26","dayOfWeek":1}
[2026-02-06 07:43:02] DEBUG: Employee schedule lookup | {"context":"ScheduleResolver","employeeId":70,"date":"2026-01-26","hasAnySchedule":false,"foundValidSchedule":false}
[2026-02-06 07:43:02] DEBUG: Department schedule lookup | {"context":"ScheduleResolver","employeeId":70,"departmentId":2,"date":"2026-01-26","hasAnySchedule":false,"foundValidSchedule":false}
[2026-02-06 07:43:02] DEBUG: Schedule for date | {"context":"ViolationCalculator","employeeId":70,"date":"2026-01-26","isWorkDay":true,"workStart":"09:00","workEnd":"18:00"}
[2026-02-06 07:43:02] DEBUG: Both times present - calculated late/early | {"context":"ViolationCalculator","employeeId":70,"date":"2026-01-26","checkIn":"09:00","checkOut":"16:00","lateMinutes":0,"earlyMinutes":120}
[2026-02-06 07:43:02] DEBUG: Resolving schedule | {"context":"ScheduleResolver","employeeId":70,"date":"2026-01-27","dayOfWeek":2}
[2026-02-06 07:43:02] DEBUG: Employee schedule lookup | {"context":"ScheduleResolver","employeeId":70,"date":"2026-01-27","hasAnySchedule":false,"foundValidSchedule":false}
[2026-02-06 07:43:02] DEBUG: Department schedule lookup | {"context":"ScheduleResolver","employeeId":70,"departmentId":2,"date":"2026-01-27","hasAnySchedule":false,"foundValidSchedule":false}
[2026-02-06 07:43:02] DEBUG: Schedule for date | {"context":"ViolationCalculator","employeeId":70,"date":"2026-01-27","isWorkDay":true,"workStart":"09:00","workEnd":"18:00"}
[2026-02-06 07:43:02] DEBUG: Both times present - calculated late/early | {"context":"ViolationCalculator","employeeId":70,"date":"2026-01-27","checkIn":"09:00","checkOut":"17:58","lateMinutes":0,"earlyMinutes":2}
[2026-02-06 07:43:02] DEBUG: Resolving schedule | {"context":"ScheduleResolver","employeeId":70,"date":"2026-01-28","dayOfWeek":3}
[2026-02-06 07:43:02] DEBUG: Employee schedule lookup | {"context":"ScheduleResolver","employeeId":70,"date":"2026-01-28","hasAnySchedule":false,"foundValidSchedule":false}
[2026-02-06 07:43:02] DEBUG: Department schedule lookup | {"context":"ScheduleResolver","employeeId":70,"departmentId":2,"date":"2026-01-28","hasAnySchedule":false,"foundValidSchedule":false}
[2026-02-06 07:43:02] DEBUG: Schedule for date | {"context":"ViolationCalculator","employeeId":70,"date":"2026-01-28","isWorkDay":true,"workStart":"09:00","workEnd":"18:00"}
[2026-02-06 07:43:02] DEBUG: Both times present - calculated late/early | {"context":"ViolationCalculator","employeeId":70,"date":"2026-01-28","checkIn":"08:36","checkOut":"16:14","lateMinutes":0,"earlyMinutes":106}
[2026-02-06 07:43:02] DEBUG: Resolving schedule | {"context":"ScheduleResolver","employeeId":70,"date":"2026-01-29","dayOfWeek":4}
[2026-02-06 07:43:02] DEBUG: Employee schedule lookup | {"context":"ScheduleResolver","employeeId":70,"date":"2026-01-29","hasAnySchedule":false,"foundValidSchedule":false}
[2026-02-06 07:43:02] DEBUG: Department schedule lookup | {"context":"ScheduleResolver","employeeId":70,"departmentId":2,"date":"2026-01-29","hasAnySchedule":false,"foundValidSchedule":false}
[2026-02-06 07:43:02] DEBUG: Schedule for date | {"context":"ViolationCalculator","employeeId":70,"date":"2026-01-29","isWorkDay":true,"workStart":"09:00","workEnd":"18:00"}
[2026-02-06 07:43:02] DEBUG: Both times present - calculated late/early | {"context":"ViolationCalculator","employeeId":70,"date":"2026-01-29","checkIn":"09:00","checkOut":"16:00","lateMinutes":0,"earlyMinutes":120}
[2026-02-06 07:43:02] DEBUG: Resolving schedule | {"context":"ScheduleResolver","employeeId":70,"date":"2026-01-30","dayOfWeek":5}
[2026-02-06 07:43:02] DEBUG: Employee schedule lookup | {"context":"ScheduleResolver","employeeId":70,"date":"2026-01-30","hasAnySchedule":false,"foundValidSchedule":false}
[2026-02-06 07:43:02] DEBUG: Department schedule lookup | {"context":"ScheduleResolver","employeeId":70,"departmentId":2,"date":"2026-01-30","hasAnySchedule":false,"foundValidSchedule":false}
[2026-02-06 07:43:02] DEBUG: Schedule for date | {"context":"ViolationCalculator","employeeId":70,"date":"2026-01-30","isWorkDay":true,"workStart":"09:00","workEnd":"18:00"}
[2026-02-06 07:43:02] DEBUG: Both times present - calculated late/early | {"context":"ViolationCalculator","employeeId":70,"date":"2026-01-30","checkIn":"09:00","checkOut":"16:28","lateMinutes":0,"earlyMinutes":92}
[2026-02-06 07:43:02] DEBUG: Resolving schedule | {"context":"ScheduleResolver","employeeId":70,"date":"2026-01-31","dayOfWeek":6}
[2026-02-06 07:43:02] DEBUG: Employee schedule lookup | {"context":"ScheduleResolver","employeeId":70,"date":"2026-01-31","hasAnySchedule":false,"foundValidSchedule":false}
[2026-02-06 07:43:02] DEBUG: Department schedule lookup | {"context":"ScheduleResolver","employeeId":70,"departmentId":2,"date":"2026-01-31","hasAnySchedule":false,"foundValidSchedule":false}
[2026-02-06 07:43:02] DEBUG: Schedule for date | {"context":"ViolationCalculator","employeeId":70,"date":"2026-01-31","isWorkDay":false,"workStart":"09:00","workEnd":"18:00"}
[2026-02-06 07:43:02] DEBUG: Skipping non-work day | {"context":"ViolationCalculator","employeeId":70,"date":"2026-01-31"}
[2026-02-06 07:43:02] DEBUG: Resolving schedule | {"context":"ScheduleResolver","employeeId":71,"date":"2026-01-10","dayOfWeek":6}
[2026-02-06 07:43:02] DEBUG: Employee schedule lookup | {"context":"ScheduleResolver","employeeId":71,"date":"2026-01-10","hasAnySchedule":false,"foundValidSchedule":false}
[2026-02-06 07:43:02] DEBUG: Department schedule lookup | {"context":"ScheduleResolver","employeeId":71,"departmentId":3,"date":"2026-01-10","hasAnySchedule":false,"foundValidSchedule":false}
[2026-02-06 07:43:02] DEBUG: Schedule for date | {"context":"ViolationCalculator","employeeId":71,"date":"2026-01-10","isWorkDay":false,"workStart":"09:00","workEnd":"18:00"}
[2026-02-06 07:43:02] DEBUG: Skipping non-work day | {"context":"ViolationCalculator","employeeId":71,"date":"2026-01-10"}
[2026-02-06 07:43:02] DEBUG: Resolving schedule | {"context":"ScheduleResolver","employeeId":71,"date":"2026-01-11","dayOfWeek":7}
[2026-02-06 07:43:02] DEBUG: Employee schedule lookup | {"context":"ScheduleResolver","employeeId":71,"date":"2026-01-11","hasAnySchedule":false,"foundValidSchedule":false}
[2026-02-06 07:43:02] DEBUG: Department schedule lookup | {"context":"ScheduleResolver","employeeId":71,"departmentId":3,"date":"2026-01-11","hasAnySchedule":false,"foundValidSchedule":false}
[2026-02-06 07:43:02] DEBUG: Schedule for date | {"context":"ViolationCalculator","employeeId":71,"date":"2026-01-11","isWorkDay":false,"workStart":"09:00","workEnd":"18:00"}
[2026-02-06 07:43:02] DEBUG: Skipping non-work day | {"context":"ViolationCalculator","employeeId":71,"date":"2026-01-11"}
[2026-02-06 07:43:02] DEBUG: Resolving schedule | {"context":"ScheduleResolver","employeeId":71,"date":"2026-01-12","dayOfWeek":1}
[2026-02-06 07:43:02] DEBUG: Employee schedule lookup | {"context":"ScheduleResolver","employeeId":71,"date":"2026-01-12","hasAnySchedule":false,"foundValidSchedule":false}
[2026-02-06 07:43:02] DEBUG: Department schedule lookup | {"context":"ScheduleResolver","employeeId":71,"departmentId":3,"date":"2026-01-12","hasAnySchedule":false,"foundValidSchedule":false}
[2026-02-06 07:43:02] DEBUG: Schedule for date | {"context":"ViolationCalculator","employeeId":71,"date":"2026-01-12","isWorkDay":true,"workStart":"09:00","workEnd":"18:00"}
[2026-02-06 07:43:02] DEBUG: Both times present - calculated late/early | {"context":"ViolationCalculator","employeeId":71,"date":"2026-01-12","checkIn":"09:00","checkOut":"18:00","lateMinutes":0,"earlyMinutes":0}
[2026-02-06 07:43:02] DEBUG: Resolving schedule | {"context":"ScheduleResolver","employeeId":71,"date":"2026-01-13","dayOfWeek":2}
[2026-02-06 07:43:02] DEBUG: Employee schedule lookup | {"context":"ScheduleResolver","employeeId":71,"date":"2026-01-13","hasAnySchedule":false,"foundValidSchedule":false}
[2026-02-06 07:43:02] DEBUG: Department schedule lookup | {"context":"ScheduleResolver","employeeId":71,"departmentId":3,"date":"2026-01-13","hasAnySchedule":false,"foundValidSchedule":false}
[2026-02-06 07:43:02] DEBUG: Schedule for date | {"context":"ViolationCalculator","employeeId":71,"date":"2026-01-13","isWorkDay":true,"workStart":"09:00","workEnd":"18:00"}
[2026-02-06 07:43:02] DEBUG: Both times present - calculated late/early | {"context":"ViolationCalculator","employeeId":71,"date":"2026-01-13","checkIn":"09:00","checkOut":"18:00","lateMinutes":0,"earlyMinutes":0}
[2026-02-06 07:43:02] DEBUG: Resolving schedule | {"context":"ScheduleResolver","employeeId":71,"date":"2026-01-14","dayOfWeek":3}
[2026-02-06 07:43:02] DEBUG: Employee schedule lookup | {"context":"ScheduleResolver","employeeId":71,"date":"2026-01-14","hasAnySchedule":false,"foundValidSchedule":false}
[2026-02-06 07:43:02] DEBUG: Department schedule lookup | {"context":"ScheduleResolver","employeeId":71,"departmentId":3,"date":"2026-01-14","hasAnySchedule":false,"foundValidSchedule":false}
[2026-02-06 07:43:02] DEBUG: Schedule for date | {"context":"ViolationCalculator","employeeId":71,"date":"2026-01-14","isWorkDay":true,"workStart":"09:00","workEnd":"18:00"}
[2026-02-06 07:43:02] DEBUG: Both times present - calculated late/early | {"context":"ViolationCalculator","employeeId":71,"date":"2026-01-14","checkIn":"09:05","checkOut":"18:00","lateMinutes":0,"earlyMinutes":0}
[2026-02-06 07:43:02] DEBUG: Resolving schedule | {"context":"ScheduleResolver","employeeId":71,"date":"2026-01-15","dayOfWeek":4}
[2026-02-06 07:43:02] DEBUG: Employee schedule lookup | {"context":"ScheduleResolver","employeeId":71,"date":"2026-01-15","hasAnySchedule":false,"foundValidSchedule":false}
[2026-02-06 07:43:02] DEBUG: Department schedule lookup | {"context":"ScheduleResolver","employeeId":71,"departmentId":3,"date":"2026-01-15","hasAnySchedule":false,"foundValidSchedule":false}
[2026-02-06 07:43:02] DEBUG: Schedule for date | {"context":"ViolationCalculator","employeeId":71,"date":"2026-01-15","isWorkDay":true,"workStart":"09:00","workEnd":"18:00"}
[2026-02-06 07:43:02] DEBUG: Both times present - calculated late/early | {"context":"ViolationCalculator","employeeId":71,"date":"2026-01-15","checkIn":"09:00","checkOut":"18:00","lateMinutes":0,"earlyMinutes":0}
[2026-02-06 07:43:02] DEBUG: Resolving schedule | {"context":"ScheduleResolver","employeeId":71,"date":"2026-01-16","dayOfWeek":5}
[2026-02-06 07:43:02] DEBUG: Employee schedule lookup | {"context":"ScheduleResolver","employeeId":71,"date":"2026-01-16","hasAnySchedule":false,"foundValidSchedule":false}
[2026-02-06 07:43:02] DEBUG: Department schedule lookup | {"context":"ScheduleResolver","employeeId":71,"departmentId":3,"date":"2026-01-16","hasAnySchedule":false,"foundValidSchedule":false}
[2026-02-06 07:43:02] DEBUG: Schedule for date | {"context":"ViolationCalculator","employeeId":71,"date":"2026-01-16","isWorkDay":true,"workStart":"09:00","workEnd":"18:00"}
[2026-02-06 07:43:02] DEBUG: Both times present - calculated late/early | {"context":"ViolationCalculator","employeeId":71,"date":"2026-01-16","checkIn":"11:30","checkOut":"18:00","lateMinutes":145,"earlyMinutes":0}
[2026-02-06 07:43:02] DEBUG: Resolving schedule | {"context":"ScheduleResolver","employeeId":71,"date":"2026-01-17","dayOfWeek":6}
[2026-02-06 07:43:02] DEBUG: Employee schedule lookup | {"context":"ScheduleResolver","employeeId":71,"date":"2026-01-17","hasAnySchedule":false,"foundValidSchedule":false}
[2026-02-06 07:43:02] DEBUG: Department schedule lookup | {"context":"ScheduleResolver","employeeId":71,"departmentId":3,"date":"2026-01-17","hasAnySchedule":false,"foundValidSchedule":false}
[2026-02-06 07:43:02] DEBUG: Schedule for date | {"context":"ViolationCalculator","employeeId":71,"date":"2026-01-17","isWorkDay":false,"workStart":"09:00","workEnd":"18:00"}
[2026-02-06 07:43:02] DEBUG: Skipping non-work day | {"context":"ViolationCalculator","employeeId":71,"date":"2026-01-17"}
[2026-02-06 07:43:02] DEBUG: Resolving schedule | {"context":"ScheduleResolver","employeeId":71,"date":"2026-01-18","dayOfWeek":7}
[2026-02-06 07:43:02] DEBUG: Employee schedule lookup | {"context":"ScheduleResolver","employeeId":71,"date":"2026-01-18","hasAnySchedule":false,"foundValidSchedule":false}
[2026-02-06 07:43:02] DEBUG: Department schedule lookup | {"context":"ScheduleResolver","employeeId":71,"departmentId":3,"date":"2026-01-18","hasAnySchedule":false,"foundValidSchedule":false}
[2026-02-06 07:43:02] DEBUG: Schedule for date | {"context":"ViolationCalculator","employeeId":71,"date":"2026-01-18","isWorkDay":false,"workStart":"09:00","workEnd":"18:00"}
[2026-02-06 07:43:02] DEBUG: Skipping non-work day | {"context":"ViolationCalculator","employeeId":71,"date":"2026-01-18"}
[2026-02-06 07:43:02] DEBUG: Resolving schedule | {"context":"ScheduleResolver","employeeId":71,"date":"2026-01-19","dayOfWeek":1}
[2026-02-06 07:43:02] DEBUG: Employee schedule lookup | {"context":"ScheduleResolver","employeeId":71,"date":"2026-01-19","hasAnySchedule":false,"foundValidSchedule":false}
[2026-02-06 07:43:02] DEBUG: Department schedule lookup | {"context":"ScheduleResolver","employeeId":71,"departmentId":3,"date":"2026-01-19","hasAnySchedule":false,"foundValidSchedule":false}
[2026-02-06 07:43:02] DEBUG: Schedule for date | {"context":"ViolationCalculator","employeeId":71,"date":"2026-01-19","isWorkDay":true,"workStart":"09:00","workEnd":"18:00"}
[2026-02-06 07:43:02] DEBUG: Both times present - calculated late/early | {"context":"ViolationCalculator","employeeId":71,"date":"2026-01-19","checkIn":"09:03","checkOut":"18:00","lateMinutes":0,"earlyMinutes":0}
[2026-02-06 07:43:02] DEBUG: Resolving schedule | {"context":"ScheduleResolver","employeeId":71,"date":"2026-01-20","dayOfWeek":2}
[2026-02-06 07:43:02] DEBUG: Employee schedule lookup | {"context":"ScheduleResolver","employeeId":71,"date":"2026-01-20","hasAnySchedule":false,"foundValidSchedule":false}
[2026-02-06 07:43:02] DEBUG: Department schedule lookup | {"context":"ScheduleResolver","employeeId":71,"departmentId":3,"date":"2026-01-20","hasAnySchedule":false,"foundValidSchedule":false}
[2026-02-06 07:43:02] DEBUG: Schedule for date | {"context":"ViolationCalculator","employeeId":71,"date":"2026-01-20","isWorkDay":true,"workStart":"09:00","workEnd":"18:00"}
[2026-02-06 07:43:02] DEBUG: Both times present - calculated late/early | {"context":"ViolationCalculator","employeeId":71,"date":"2026-01-20","checkIn":"09:07","checkOut":"18:00","lateMinutes":2,"earlyMinutes":0}
[2026-02-06 07:43:02] DEBUG: Resolving schedule | {"context":"ScheduleResolver","employeeId":71,"date":"2026-01-21","dayOfWeek":3}
[2026-02-06 07:43:02] DEBUG: Employee schedule lookup | {"context":"ScheduleResolver","employeeId":71,"date":"2026-01-21","hasAnySchedule":false,"foundValidSchedule":false}
[2026-02-06 07:43:02] DEBUG: Department schedule lookup | {"context":"ScheduleResolver","employeeId":71,"departmentId":3,"date":"2026-01-21","hasAnySchedule":false,"foundValidSchedule":false}
[2026-02-06 07:43:02] DEBUG: Schedule for date | {"context":"ViolationCalculator","employeeId":71,"date":"2026-01-21","isWorkDay":true,"workStart":"09:00","workEnd":"18:00"}
[2026-02-06 07:43:02] DEBUG: Both times present - calculated late/early | {"context":"ViolationCalculator","employeeId":71,"date":"2026-01-21","checkIn":"09:11","checkOut":"17:59","lateMinutes":6,"earlyMinutes":1}
[2026-02-06 07:43:02] DEBUG: Resolving schedule | {"context":"ScheduleResolver","employeeId":71,"date":"2026-01-22","dayOfWeek":4}
[2026-02-06 07:43:02] DEBUG: Employee schedule lookup | {"context":"ScheduleResolver","employeeId":71,"date":"2026-01-22","hasAnySchedule":false,"foundValidSchedule":false}
[2026-02-06 07:43:02] DEBUG: Department schedule lookup | {"context":"ScheduleResolver","employeeId":71,"departmentId":3,"date":"2026-01-22","hasAnySchedule":false,"foundValidSchedule":false}
[2026-02-06 07:43:02] DEBUG: Schedule for date | {"context":"ViolationCalculator","employeeId":71,"date":"2026-01-22","isWorkDay":true,"workStart":"09:00","workEnd":"18:00"}
[2026-02-06 07:43:02] DEBUG: Both times present - calculated late/early | {"context":"ViolationCalculator","employeeId":71,"date":"2026-01-22","checkIn":"09:10","checkOut":"17:07","lateMinutes":5,"earlyMinutes":53}
[2026-02-06 07:43:02] DEBUG: Resolving schedule | {"context":"ScheduleResolver","employeeId":71,"date":"2026-01-23","dayOfWeek":5}
[2026-02-06 07:43:02] DEBUG: Employee schedule lookup | {"context":"ScheduleResolver","employeeId":71,"date":"2026-01-23","hasAnySchedule":false,"foundValidSchedule":false}
[2026-02-06 07:43:02] DEBUG: Department schedule lookup | {"context":"ScheduleResolver","employeeId":71,"departmentId":3,"date":"2026-01-23","hasAnySchedule":false,"foundValidSchedule":false}
[2026-02-06 07:43:02] DEBUG: Schedule for date | {"context":"ViolationCalculator","employeeId":71,"date":"2026-01-23","isWorkDay":true,"workStart":"09:00","workEnd":"18:00"}
[2026-02-06 07:43:02] DEBUG: Both times present - calculated late/early | {"context":"ViolationCalculator","employeeId":71,"date":"2026-01-23","checkIn":"09:13","checkOut":"18:00","lateMinutes":8,"earlyMinutes":0}
[2026-02-06 07:43:02] DEBUG: Resolving schedule | {"context":"ScheduleResolver","employeeId":71,"date":"2026-01-24","dayOfWeek":6}
[2026-02-06 07:43:02] DEBUG: Employee schedule lookup | {"context":"ScheduleResolver","employeeId":71,"date":"2026-01-24","hasAnySchedule":false,"foundValidSchedule":false}
[2026-02-06 07:43:02] DEBUG: Department schedule lookup | {"context":"ScheduleResolver","employeeId":71,"departmentId":3,"date":"2026-01-24","hasAnySchedule":false,"foundValidSchedule":false}
[2026-02-06 07:43:02] DEBUG: Schedule for date | {"context":"ViolationCalculator","employeeId":71,"date":"2026-01-24","isWorkDay":false,"workStart":"09:00","workEnd":"18:00"}
[2026-02-06 07:43:02] DEBUG: Skipping non-work day | {"context":"ViolationCalculator","employeeId":71,"date":"2026-01-24"}
[2026-02-06 07:43:02] DEBUG: Resolving schedule | {"context":"ScheduleResolver","employeeId":71,"date":"2026-01-25","dayOfWeek":7}
[2026-02-06 07:43:02] DEBUG: Employee schedule lookup | {"context":"ScheduleResolver","employeeId":71,"date":"2026-01-25","hasAnySchedule":false,"foundValidSchedule":false}
[2026-02-06 07:43:02] DEBUG: Department schedule lookup | {"context":"ScheduleResolver","employeeId":71,"departmentId":3,"date":"2026-01-25","hasAnySchedule":false,"foundValidSchedule":false}
[2026-02-06 07:43:02] DEBUG: Schedule for date | {"context":"ViolationCalculator","employeeId":71,"date":"2026-01-25","isWorkDay":false,"workStart":"09:00","workEnd":"18:00"}
[2026-02-06 07:43:02] DEBUG: Skipping non-work day | {"context":"ViolationCalculator","employeeId":71,"date":"2026-01-25"}
[2026-02-06 07:43:02] DEBUG: Resolving schedule | {"context":"ScheduleResolver","employeeId":71,"date":"2026-01-26","dayOfWeek":1}
[2026-02-06 07:43:02] DEBUG: Employee schedule lookup | {"context":"ScheduleResolver","employeeId":71,"date":"2026-01-26","hasAnySchedule":false,"foundValidSchedule":false}
[2026-02-06 07:43:02] DEBUG: Department schedule lookup | {"context":"ScheduleResolver","employeeId":71,"departmentId":3,"date":"2026-01-26","hasAnySchedule":false,"foundValidSchedule":false}
[2026-02-06 07:43:02] DEBUG: Schedule for date | {"context":"ViolationCalculator","employeeId":71,"date":"2026-01-26","isWorkDay":true,"workStart":"09:00","workEnd":"18:00"}
[2026-02-06 07:43:02] DEBUG: Both times present - calculated late/early | {"context":"ViolationCalculator","employeeId":71,"date":"2026-01-26","checkIn":"09:05","checkOut":"18:00","lateMinutes":0,"earlyMinutes":0}
[2026-02-06 07:43:02] DEBUG: Resolving schedule | {"context":"ScheduleResolver","employeeId":71,"date":"2026-01-27","dayOfWeek":2}
[2026-02-06 07:43:02] DEBUG: Employee schedule lookup | {"context":"ScheduleResolver","employeeId":71,"date":"2026-01-27","hasAnySchedule":false,"foundValidSchedule":false}
[2026-02-06 07:43:02] DEBUG: Department schedule lookup | {"context":"ScheduleResolver","employeeId":71,"departmentId":3,"date":"2026-01-27","hasAnySchedule":false,"foundValidSchedule":false}
[2026-02-06 07:43:02] DEBUG: Schedule for date | {"context":"ViolationCalculator","employeeId":71,"date":"2026-01-27","isWorkDay":true,"workStart":"09:00","workEnd":"18:00"}
[2026-02-06 07:43:02] DEBUG: Both times present - calculated late/early | {"context":"ViolationCalculator","employeeId":71,"date":"2026-01-27","checkIn":"09:11","checkOut":"17:58","lateMinutes":6,"earlyMinutes":2}
[2026-02-06 07:43:02] DEBUG: Resolving schedule | {"context":"ScheduleResolver","employeeId":71,"date":"2026-01-28","dayOfWeek":3}
[2026-02-06 07:43:02] DEBUG: Employee schedule lookup | {"context":"ScheduleResolver","employeeId":71,"date":"2026-01-28","hasAnySchedule":false,"foundValidSchedule":false}
[2026-02-06 07:43:02] DEBUG: Department schedule lookup | {"context":"ScheduleResolver","employeeId":71,"departmentId":3,"date":"2026-01-28","hasAnySchedule":false,"foundValidSchedule":false}
[2026-02-06 07:43:02] DEBUG: Schedule for date | {"context":"ViolationCalculator","employeeId":71,"date":"2026-01-28","isWorkDay":true,"workStart":"09:00","workEnd":"18:00"}
[2026-02-06 07:43:02] DEBUG: Missing time(s) - counted as absent | {"context":"ViolationCalculator","employeeId":71,"date":"2026-01-28","checkIn":null,"checkOut":"17:52","absentMinutes":540}
[2026-02-06 07:43:02] DEBUG: Resolving schedule | {"context":"ScheduleResolver","employeeId":71,"date":"2026-01-29","dayOfWeek":4}
[2026-02-06 07:43:02] DEBUG: Employee schedule lookup | {"context":"ScheduleResolver","employeeId":71,"date":"2026-01-29","hasAnySchedule":false,"foundValidSchedule":false}
[2026-02-06 07:43:02] DEBUG: Department schedule lookup | {"context":"ScheduleResolver","employeeId":71,"departmentId":3,"date":"2026-01-29","hasAnySchedule":false,"foundValidSchedule":false}
[2026-02-06 07:43:02] DEBUG: Schedule for date | {"context":"ViolationCalculator","employeeId":71,"date":"2026-01-29","isWorkDay":true,"workStart":"09:00","workEnd":"18:00"}
[2026-02-06 07:43:02] DEBUG: Missing time(s) - counted as absent | {"context":"ViolationCalculator","employeeId":71,"date":"2026-01-29","checkIn":null,"checkOut":"15:40","absentMinutes":540}
[2026-02-06 07:43:02] DEBUG: Resolving schedule | {"context":"ScheduleResolver","employeeId":71,"date":"2026-01-30","dayOfWeek":5}
[2026-02-06 07:43:02] DEBUG: Employee schedule lookup | {"context":"ScheduleResolver","employeeId":71,"date":"2026-01-30","hasAnySchedule":false,"foundValidSchedule":false}
[2026-02-06 07:43:02] DEBUG: Department schedule lookup | {"context":"ScheduleResolver","employeeId":71,"departmentId":3,"date":"2026-01-30","hasAnySchedule":false,"foundValidSchedule":false}
[2026-02-06 07:43:02] DEBUG: Schedule for date | {"context":"ViolationCalculator","employeeId":71,"date":"2026-01-30","isWorkDay":true,"workStart":"09:00","workEnd":"18:00"}
[2026-02-06 07:43:02] DEBUG: Both times present - calculated late/early | {"context":"ViolationCalculator","employeeId":71,"date":"2026-01-30","checkIn":"09:15","checkOut":"18:00","lateMinutes":10,"earlyMinutes":0}
[2026-02-06 07:43:02] DEBUG: Resolving schedule | {"context":"ScheduleResolver","employeeId":71,"date":"2026-01-31","dayOfWeek":6}
[2026-02-06 07:43:02] DEBUG: Employee schedule lookup | {"context":"ScheduleResolver","employeeId":71,"date":"2026-01-31","hasAnySchedule":false,"foundValidSchedule":false}
[2026-02-06 07:43:02] DEBUG: Department schedule lookup | {"context":"ScheduleResolver","employeeId":71,"departmentId":3,"date":"2026-01-31","hasAnySchedule":false,"foundValidSchedule":false}
[2026-02-06 07:43:02] DEBUG: Schedule for date | {"context":"ViolationCalculator","employeeId":71,"date":"2026-01-31","isWorkDay":false,"workStart":"09:00","workEnd":"18:00"}
[2026-02-06 07:43:02] DEBUG: Skipping non-work day | {"context":"ViolationCalculator","employeeId":71,"date":"2026-01-31"}
[2026-02-06 07:43:02] DEBUG: Resolving schedule | {"context":"ScheduleResolver","employeeId":72,"date":"2026-01-10","dayOfWeek":6}
[2026-02-06 07:43:02] DEBUG: Employee schedule lookup | {"context":"ScheduleResolver","employeeId":72,"date":"2026-01-10","hasAnySchedule":false,"foundValidSchedule":false}
[2026-02-06 07:43:02] DEBUG: Department schedule lookup | {"context":"ScheduleResolver","employeeId":72,"departmentId":3,"date":"2026-01-10","hasAnySchedule":false,"foundValidSchedule":false}
[2026-02-06 07:43:02] DEBUG: Schedule for date | {"context":"ViolationCalculator","employeeId":72,"date":"2026-01-10","isWorkDay":false,"workStart":"09:00","workEnd":"18:00"}
[2026-02-06 07:43:02] DEBUG: Skipping non-work day | {"context":"ViolationCalculator","employeeId":72,"date":"2026-01-10"}
[2026-02-06 07:43:02] DEBUG: Resolving schedule | {"context":"ScheduleResolver","employeeId":72,"date":"2026-01-11","dayOfWeek":7}
[2026-02-06 07:43:02] DEBUG: Employee schedule lookup | {"context":"ScheduleResolver","employeeId":72,"date":"2026-01-11","hasAnySchedule":false,"foundValidSchedule":false}
[2026-02-06 07:43:02] DEBUG: Department schedule lookup | {"context":"ScheduleResolver","employeeId":72,"departmentId":3,"date":"2026-01-11","hasAnySchedule":false,"foundValidSchedule":false}
[2026-02-06 07:43:02] DEBUG: Schedule for date | {"context":"ViolationCalculator","employeeId":72,"date":"2026-01-11","isWorkDay":false,"workStart":"09:00","workEnd":"18:00"}
[2026-02-06 07:43:02] DEBUG: Skipping non-work day | {"context":"ViolationCalculator","employeeId":72,"date":"2026-01-11"}
[2026-02-06 07:43:02] DEBUG: Resolving schedule | {"context":"ScheduleResolver","employeeId":72,"date":"2026-01-12","dayOfWeek":1}
[2026-02-06 07:43:02] DEBUG: Employee schedule lookup | {"context":"ScheduleResolver","employeeId":72,"date":"2026-01-12","hasAnySchedule":false,"foundValidSchedule":false}
[2026-02-06 07:43:02] DEBUG: Department schedule lookup | {"context":"ScheduleResolver","employeeId":72,"departmentId":3,"date":"2026-01-12","hasAnySchedule":false,"foundValidSchedule":false}
[2026-02-06 07:43:02] DEBUG: Schedule for date | {"context":"ViolationCalculator","employeeId":72,"date":"2026-01-12","isWorkDay":true,"workStart":"09:00","workEnd":"18:00"}
[2026-02-06 07:43:02] DEBUG: Both times present - calculated late/early | {"context":"ViolationCalculator","employeeId":72,"date":"2026-01-12","checkIn":"09:00","checkOut":"17:41","lateMinutes":0,"earlyMinutes":19}
[2026-02-06 07:43:02] DEBUG: Resolving schedule | {"context":"ScheduleResolver","employeeId":72,"date":"2026-01-13","dayOfWeek":2}
[2026-02-06 07:43:02] DEBUG: Employee schedule lookup | {"context":"ScheduleResolver","employeeId":72,"date":"2026-01-13","hasAnySchedule":false,"foundValidSchedule":false}
[2026-02-06 07:43:02] DEBUG: Department schedule lookup | {"context":"ScheduleResolver","employeeId":72,"departmentId":3,"date":"2026-01-13","hasAnySchedule":false,"foundValidSchedule":false}
[2026-02-06 07:43:02] DEBUG: Schedule for date | {"context":"ViolationCalculator","employeeId":72,"date":"2026-01-13","isWorkDay":true,"workStart":"09:00","workEnd":"18:00"}
[2026-02-06 07:43:02] DEBUG: Both times present - calculated late/early | {"context":"ViolationCalculator","employeeId":72,"date":"2026-01-13","checkIn":"09:00","checkOut":"15:36","lateMinutes":0,"earlyMinutes":144}
[2026-02-06 07:43:02] DEBUG: Resolving schedule | {"context":"ScheduleResolver","employeeId":72,"date":"2026-01-14","dayOfWeek":3}
[2026-02-06 07:43:02] DEBUG: Employee schedule lookup | {"context":"ScheduleResolver","employeeId":72,"date":"2026-01-14","hasAnySchedule":false,"foundValidSchedule":false}
[2026-02-06 07:43:02] DEBUG: Department schedule lookup | {"context":"ScheduleResolver","employeeId":72,"departmentId":3,"date":"2026-01-14","hasAnySchedule":false,"foundValidSchedule":false}
[2026-02-06 07:43:02] DEBUG: Schedule for date | {"context":"ViolationCalculator","employeeId":72,"date":"2026-01-14","isWorkDay":true,"workStart":"09:00","workEnd":"18:00"}
[2026-02-06 07:43:02] DEBUG: Both times present - calculated late/early | {"context":"ViolationCalculator","employeeId":72,"date":"2026-01-14","checkIn":"09:00","checkOut":"14:04","lateMinutes":0,"earlyMinutes":236}
[2026-02-06 07:43:02] DEBUG: Resolving schedule | {"context":"ScheduleResolver","employeeId":72,"date":"2026-01-15","dayOfWeek":4}
[2026-02-06 07:43:02] DEBUG: Employee schedule lookup | {"context":"ScheduleResolver","employeeId":72,"date":"2026-01-15","hasAnySchedule":false,"foundValidSchedule":false}
[2026-02-06 07:43:02] DEBUG: Department schedule lookup | {"context":"ScheduleResolver","employeeId":72,"departmentId":3,"date":"2026-01-15","hasAnySchedule":false,"foundValidSchedule":false}
[2026-02-06 07:43:02] DEBUG: Schedule for date | {"context":"ViolationCalculator","employeeId":72,"date":"2026-01-15","isWorkDay":true,"workStart":"09:00","workEnd":"18:00"}
[2026-02-06 07:43:02] DEBUG: Both times present - calculated late/early | {"context":"ViolationCalculator","employeeId":72,"date":"2026-01-15","checkIn":"09:00","checkOut":"16:02","lateMinutes":0,"earlyMinutes":118}
[2026-02-06 07:43:02] DEBUG: Resolving schedule | {"context":"ScheduleResolver","employeeId":72,"date":"2026-01-16","dayOfWeek":5}
[2026-02-06 07:43:02] DEBUG: Employee schedule lookup | {"context":"ScheduleResolver","employeeId":72,"date":"2026-01-16","hasAnySchedule":false,"foundValidSchedule":false}
[2026-02-06 07:43:02] DEBUG: Department schedule lookup | {"context":"ScheduleResolver","employeeId":72,"departmentId":3,"date":"2026-01-16","hasAnySchedule":false,"foundValidSchedule":false}
[2026-02-06 07:43:02] DEBUG: Schedule for date | {"context":"ViolationCalculator","employeeId":72,"date":"2026-01-16","isWorkDay":true,"workStart":"09:00","workEnd":"18:00"}
[2026-02-06 07:43:02] DEBUG: Both times present - calculated late/early | {"context":"ViolationCalculator","employeeId":72,"date":"2026-01-16","checkIn":"09:00","checkOut":"17:54","lateMinutes":0,"earlyMinutes":6}
[2026-02-06 07:43:02] DEBUG: Resolving schedule | {"context":"ScheduleResolver","employeeId":72,"date":"2026-01-17","dayOfWeek":6}
[2026-02-06 07:43:02] DEBUG: Employee schedule lookup | {"context":"ScheduleResolver","employeeId":72,"date":"2026-01-17","hasAnySchedule":false,"foundValidSchedule":false}
[2026-02-06 07:43:02] DEBUG: Department schedule lookup | {"context":"ScheduleResolver","employeeId":72,"departmentId":3,"date":"2026-01-17","hasAnySchedule":false,"foundValidSchedule":false}
[2026-02-06 07:43:02] DEBUG: Schedule for date | {"context":"ViolationCalculator","employeeId":72,"date":"2026-01-17","isWorkDay":false,"workStart":"09:00","workEnd":"18:00"}
[2026-02-06 07:43:02] DEBUG: Skipping non-work day | {"context":"ViolationCalculator","employeeId":72,"date":"2026-01-17"}
[2026-02-06 07:43:02] DEBUG: Resolving schedule | {"context":"ScheduleResolver","employeeId":72,"date":"2026-01-18","dayOfWeek":7}
[2026-02-06 07:43:02] DEBUG: Employee schedule lookup | {"context":"ScheduleResolver","employeeId":72,"date":"2026-01-18","hasAnySchedule":false,"foundValidSchedule":false}
[2026-02-06 07:43:02] DEBUG: Department schedule lookup | {"context":"ScheduleResolver","employeeId":72,"departmentId":3,"date":"2026-01-18","hasAnySchedule":false,"foundValidSchedule":false}
[2026-02-06 07:43:02] DEBUG: Schedule for date | {"context":"ViolationCalculator","employeeId":72,"date":"2026-01-18","isWorkDay":false,"workStart":"09:00","workEnd":"18:00"}
[2026-02-06 07:43:02] DEBUG: Skipping non-work day | {"context":"ViolationCalculator","employeeId":72,"date":"2026-01-18"}
[2026-02-06 07:43:02] DEBUG: Resolving schedule | {"context":"ScheduleResolver","employeeId":72,"date":"2026-01-19","dayOfWeek":1}
[2026-02-06 07:43:02] DEBUG: Employee schedule lookup | {"context":"ScheduleResolver","employeeId":72,"date":"2026-01-19","hasAnySchedule":false,"foundValidSchedule":false}
[2026-02-06 07:43:02] DEBUG: Department schedule lookup | {"context":"ScheduleResolver","employeeId":72,"departmentId":3,"date":"2026-01-19","hasAnySchedule":false,"foundValidSchedule":false}
[2026-02-06 07:43:02] DEBUG: Schedule for date | {"context":"ViolationCalculator","employeeId":72,"date":"2026-01-19","isWorkDay":true,"workStart":"09:00","workEnd":"18:00"}
[2026-02-06 07:43:02] DEBUG: Both times present - calculated late/early | {"context":"ViolationCalculator","employeeId":72,"date":"2026-01-19","checkIn":"10:32","checkOut":"17:07","lateMinutes":87,"earlyMinutes":53}
[2026-02-06 07:43:02] DEBUG: Resolving schedule | {"context":"ScheduleResolver","employeeId":72,"date":"2026-01-20","dayOfWeek":2}
[2026-02-06 07:43:02] DEBUG: Employee schedule lookup | {"context":"ScheduleResolver","employeeId":72,"date":"2026-01-20","hasAnySchedule":false,"foundValidSchedule":false}
[2026-02-06 07:43:02] DEBUG: Department schedule lookup | {"context":"ScheduleResolver","employeeId":72,"departmentId":3,"date":"2026-01-20","hasAnySchedule":false,"foundValidSchedule":false}
[2026-02-06 07:43:02] DEBUG: Schedule for date | {"context":"ViolationCalculator","employeeId":72,"date":"2026-01-20","isWorkDay":true,"workStart":"09:00","workEnd":"18:00"}
[2026-02-06 07:43:02] DEBUG: Both times present - calculated late/early | {"context":"ViolationCalculator","employeeId":72,"date":"2026-01-20","checkIn":"09:00","checkOut":"17:22","lateMinutes":0,"earlyMinutes":38}
[2026-02-06 07:43:02] DEBUG: Resolving schedule | {"context":"ScheduleResolver","employeeId":72,"date":"2026-01-21","dayOfWeek":3}
[2026-02-06 07:43:02] DEBUG: Employee schedule lookup | {"context":"ScheduleResolver","employeeId":72,"date":"2026-01-21","hasAnySchedule":false,"foundValidSchedule":false}
[2026-02-06 07:43:02] DEBUG: Department schedule lookup | {"context":"ScheduleResolver","employeeId":72,"departmentId":3,"date":"2026-01-21","hasAnySchedule":false,"foundValidSchedule":false}
[2026-02-06 07:43:02] DEBUG: Schedule for date | {"context":"ViolationCalculator","employeeId":72,"date":"2026-01-21","isWorkDay":true,"workStart":"09:00","workEnd":"18:00"}
[2026-02-06 07:43:02] DEBUG: Both times present - calculated late/early | {"context":"ViolationCalculator","employeeId":72,"date":"2026-01-21","checkIn":"09:00","checkOut":"17:46","lateMinutes":0,"earlyMinutes":14}
[2026-02-06 07:43:02] DEBUG: Resolving schedule | {"context":"ScheduleResolver","employeeId":72,"date":"2026-01-22","dayOfWeek":4}
[2026-02-06 07:43:02] DEBUG: Employee schedule lookup | {"context":"ScheduleResolver","employeeId":72,"date":"2026-01-22","hasAnySchedule":false,"foundValidSchedule":false}
[2026-02-06 07:43:02] DEBUG: Department schedule lookup | {"context":"ScheduleResolver","employeeId":72,"departmentId":3,"date":"2026-01-22","hasAnySchedule":false,"foundValidSchedule":false}
[2026-02-06 07:43:02] DEBUG: Schedule for date | {"context":"ViolationCalculator","employeeId":72,"date":"2026-01-22","isWorkDay":true,"workStart":"09:00","workEnd":"18:00"}
[2026-02-06 07:43:02] DEBUG: Both times present - calculated late/early | {"context":"ViolationCalculator","employeeId":72,"date":"2026-01-22","checkIn":"08:49","checkOut":"14:19","lateMinutes":0,"earlyMinutes":221}
[2026-02-06 07:43:02] DEBUG: Resolving schedule | {"context":"ScheduleResolver","employeeId":72,"date":"2026-01-23","dayOfWeek":5}
[2026-02-06 07:43:02] DEBUG: Employee schedule lookup | {"context":"ScheduleResolver","employeeId":72,"date":"2026-01-23","hasAnySchedule":false,"foundValidSchedule":false}
[2026-02-06 07:43:02] DEBUG: Department schedule lookup | {"context":"ScheduleResolver","employeeId":72,"departmentId":3,"date":"2026-01-23","hasAnySchedule":false,"foundValidSchedule":false}
[2026-02-06 07:43:02] DEBUG: Schedule for date | {"context":"ViolationCalculator","employeeId":72,"date":"2026-01-23","isWorkDay":true,"workStart":"09:00","workEnd":"18:00"}
[2026-02-06 07:43:02] DEBUG: Both times present - calculated late/early | {"context":"ViolationCalculator","employeeId":72,"date":"2026-01-23","checkIn":"09:00","checkOut":"16:05","lateMinutes":0,"earlyMinutes":115}
[2026-02-06 07:43:02] DEBUG: Resolving schedule | {"context":"ScheduleResolver","employeeId":72,"date":"2026-01-24","dayOfWeek":6}
[2026-02-06 07:43:02] DEBUG: Employee schedule lookup | {"context":"ScheduleResolver","employeeId":72,"date":"2026-01-24","hasAnySchedule":false,"foundValidSchedule":false}
[2026-02-06 07:43:02] DEBUG: Department schedule lookup | {"context":"ScheduleResolver","employeeId":72,"departmentId":3,"date":"2026-01-24","hasAnySchedule":false,"foundValidSchedule":false}
[2026-02-06 07:43:02] DEBUG: Schedule for date | {"context":"ViolationCalculator","employeeId":72,"date":"2026-01-24","isWorkDay":false,"workStart":"09:00","workEnd":"18:00"}
[2026-02-06 07:43:02] DEBUG: Skipping non-work day | {"context":"ViolationCalculator","employeeId":72,"date":"2026-01-24"}
[2026-02-06 07:43:02] DEBUG: Resolving schedule | {"context":"ScheduleResolver","employeeId":72,"date":"2026-01-25","dayOfWeek":7}
[2026-02-06 07:43:02] DEBUG: Employee schedule lookup | {"context":"ScheduleResolver","employeeId":72,"date":"2026-01-25","hasAnySchedule":false,"foundValidSchedule":false}
[2026-02-06 07:43:02] DEBUG: Department schedule lookup | {"context":"ScheduleResolver","employeeId":72,"departmentId":3,"date":"2026-01-25","hasAnySchedule":false,"foundValidSchedule":false}
[2026-02-06 07:43:02] DEBUG: Schedule for date | {"context":"ViolationCalculator","employeeId":72,"date":"2026-01-25","isWorkDay":false,"workStart":"09:00","workEnd":"18:00"}
[2026-02-06 07:43:02] DEBUG: Skipping non-work day | {"context":"ViolationCalculator","employeeId":72,"date":"2026-01-25"}
[2026-02-06 07:43:02] DEBUG: Resolving schedule | {"context":"ScheduleResolver","employeeId":72,"date":"2026-01-26","dayOfWeek":1}
[2026-02-06 07:43:02] DEBUG: Employee schedule lookup | {"context":"ScheduleResolver","employeeId":72,"date":"2026-01-26","hasAnySchedule":false,"foundValidSchedule":false}
[2026-02-06 07:43:02] DEBUG: Department schedule lookup | {"context":"ScheduleResolver","employeeId":72,"departmentId":3,"date":"2026-01-26","hasAnySchedule":false,"foundValidSchedule":false}
[2026-02-06 07:43:02] DEBUG: Schedule for date | {"context":"ViolationCalculator","employeeId":72,"date":"2026-01-26","isWorkDay":true,"workStart":"09:00","workEnd":"18:00"}
[2026-02-06 07:43:02] DEBUG: Both times present - calculated late/early | {"context":"ViolationCalculator","employeeId":72,"date":"2026-01-26","checkIn":"09:00","checkOut":"15:12","lateMinutes":0,"earlyMinutes":168}
[2026-02-06 07:43:02] DEBUG: Resolving schedule | {"context":"ScheduleResolver","employeeId":72,"date":"2026-01-27","dayOfWeek":2}
[2026-02-06 07:43:02] DEBUG: Employee schedule lookup | {"context":"ScheduleResolver","employeeId":72,"date":"2026-01-27","hasAnySchedule":false,"foundValidSchedule":false}
[2026-02-06 07:43:02] DEBUG: Department schedule lookup | {"context":"ScheduleResolver","employeeId":72,"departmentId":3,"date":"2026-01-27","hasAnySchedule":false,"foundValidSchedule":false}
[2026-02-06 07:43:02] DEBUG: Schedule for date | {"context":"ViolationCalculator","employeeId":72,"date":"2026-01-27","isWorkDay":true,"workStart":"09:00","workEnd":"18:00"}
[2026-02-06 07:43:02] DEBUG: Both times present - calculated late/early | {"context":"ViolationCalculator","employeeId":72,"date":"2026-01-27","checkIn":"09:09","checkOut":"14:15","lateMinutes":4,"earlyMinutes":225}
[2026-02-06 07:43:02] DEBUG: Resolving schedule | {"context":"ScheduleResolver","employeeId":72,"date":"2026-01-28","dayOfWeek":3}
[2026-02-06 07:43:02] DEBUG: Employee schedule lookup | {"context":"ScheduleResolver","employeeId":72,"date":"2026-01-28","hasAnySchedule":false,"foundValidSchedule":false}
[2026-02-06 07:43:02] DEBUG: Department schedule lookup | {"context":"ScheduleResolver","employeeId":72,"departmentId":3,"date":"2026-01-28","hasAnySchedule":false,"foundValidSchedule":false}
[2026-02-06 07:43:02] DEBUG: Schedule for date | {"context":"ViolationCalculator","employeeId":72,"date":"2026-01-28","isWorkDay":true,"workStart":"09:00","workEnd":"18:00"}
[2026-02-06 07:43:02] DEBUG: Both times present - calculated late/early | {"context":"ViolationCalculator","employeeId":72,"date":"2026-01-28","checkIn":"08:59","checkOut":"14:50","lateMinutes":0,"earlyMinutes":190}
[2026-02-06 07:43:02] DEBUG: Resolving schedule | {"context":"ScheduleResolver","employeeId":72,"date":"2026-01-29","dayOfWeek":4}
[2026-02-06 07:43:02] DEBUG: Employee schedule lookup | {"context":"ScheduleResolver","employeeId":72,"date":"2026-01-29","hasAnySchedule":false,"foundValidSchedule":false}
[2026-02-06 07:43:02] DEBUG: Department schedule lookup | {"context":"ScheduleResolver","employeeId":72,"departmentId":3,"date":"2026-01-29","hasAnySchedule":false,"foundValidSchedule":false}
[2026-02-06 07:43:02] DEBUG: Schedule for date | {"context":"ViolationCalculator","employeeId":72,"date":"2026-01-29","isWorkDay":true,"workStart":"09:00","workEnd":"18:00"}
[2026-02-06 07:43:02] DEBUG: Both times present - calculated late/early | {"context":"ViolationCalculator","employeeId":72,"date":"2026-01-29","checkIn":"09:00","checkOut":"14:56","lateMinutes":0,"earlyMinutes":184}
[2026-02-06 07:43:02] DEBUG: Resolving schedule | {"context":"ScheduleResolver","employeeId":72,"date":"2026-01-30","dayOfWeek":5}
[2026-02-06 07:43:02] DEBUG: Employee schedule lookup | {"context":"ScheduleResolver","employeeId":72,"date":"2026-01-30","hasAnySchedule":false,"foundValidSchedule":false}
[2026-02-06 07:43:02] DEBUG: Department schedule lookup | {"context":"ScheduleResolver","employeeId":72,"departmentId":3,"date":"2026-01-30","hasAnySchedule":false,"foundValidSchedule":false}
[2026-02-06 07:43:02] DEBUG: Schedule for date | {"context":"ViolationCalculator","employeeId":72,"date":"2026-01-30","isWorkDay":true,"workStart":"09:00","workEnd":"18:00"}
[2026-02-06 07:43:02] DEBUG: Missing time(s) - counted as absent | {"context":"ViolationCalculator","employeeId":72,"date":"2026-01-30","checkIn":"09:00","checkOut":null,"absentMinutes":540}
[2026-02-06 07:43:02] DEBUG: Resolving schedule | {"context":"ScheduleResolver","employeeId":72,"date":"2026-01-31","dayOfWeek":6}
[2026-02-06 07:43:02] DEBUG: Employee schedule lookup | {"context":"ScheduleResolver","employeeId":72,"date":"2026-01-31","hasAnySchedule":false,"foundValidSchedule":false}
[2026-02-06 07:43:02] DEBUG: Department schedule lookup | {"context":"ScheduleResolver","employeeId":72,"departmentId":3,"date":"2026-01-31","hasAnySchedule":false,"foundValidSchedule":false}
[2026-02-06 07:43:02] DEBUG: Schedule for date | {"context":"ViolationCalculator","employeeId":72,"date":"2026-01-31","isWorkDay":false,"workStart":"09:00","workEnd":"18:00"}
[2026-02-06 07:43:02] DEBUG: Skipping non-work day | {"context":"ViolationCalculator","employeeId":72,"date":"2026-01-31"}
[2026-02-06 07:43:02] DEBUG: Resolving schedule | {"context":"ScheduleResolver","employeeId":73,"date":"2026-01-10","dayOfWeek":6}
[2026-02-06 07:43:02] DEBUG: Employee schedule lookup | {"context":"ScheduleResolver","employeeId":73,"date":"2026-01-10","hasAnySchedule":false,"foundValidSchedule":false}
[2026-02-06 07:43:02] DEBUG: Department schedule lookup | {"context":"ScheduleResolver","employeeId":73,"departmentId":3,"date":"2026-01-10","hasAnySchedule":false,"foundValidSchedule":false}
[2026-02-06 07:43:02] DEBUG: Schedule for date | {"context":"ViolationCalculator","employeeId":73,"date":"2026-01-10","isWorkDay":false,"workStart":"09:00","workEnd":"18:00"}
[2026-02-06 07:43:02] DEBUG: Skipping non-work day | {"context":"ViolationCalculator","employeeId":73,"date":"2026-01-10"}
[2026-02-06 07:43:02] DEBUG: Resolving schedule | {"context":"ScheduleResolver","employeeId":73,"date":"2026-01-11","dayOfWeek":7}
[2026-02-06 07:43:02] DEBUG: Employee schedule lookup | {"context":"ScheduleResolver","employeeId":73,"date":"2026-01-11","hasAnySchedule":false,"foundValidSchedule":false}
[2026-02-06 07:43:02] DEBUG: Department schedule lookup | {"context":"ScheduleResolver","employeeId":73,"departmentId":3,"date":"2026-01-11","hasAnySchedule":false,"foundValidSchedule":false}
[2026-02-06 07:43:02] DEBUG: Schedule for date | {"context":"ViolationCalculator","employeeId":73,"date":"2026-01-11","isWorkDay":false,"workStart":"09:00","workEnd":"18:00"}
[2026-02-06 07:43:02] DEBUG: Skipping non-work day | {"context":"ViolationCalculator","employeeId":73,"date":"2026-01-11"}
[2026-02-06 07:43:02] DEBUG: Resolving schedule | {"context":"ScheduleResolver","employeeId":73,"date":"2026-01-12","dayOfWeek":1}
[2026-02-06 07:43:02] DEBUG: Employee schedule lookup | {"context":"ScheduleResolver","employeeId":73,"date":"2026-01-12","hasAnySchedule":false,"foundValidSchedule":false}
[2026-02-06 07:43:02] DEBUG: Department schedule lookup | {"context":"ScheduleResolver","employeeId":73,"departmentId":3,"date":"2026-01-12","hasAnySchedule":false,"foundValidSchedule":false}
[2026-02-06 07:43:02] DEBUG: Schedule for date | {"context":"ViolationCalculator","employeeId":73,"date":"2026-01-12","isWorkDay":true,"workStart":"09:00","workEnd":"18:00"}
[2026-02-06 07:43:02] DEBUG: Missing time(s) - counted as absent | {"context":"ViolationCalculator","employeeId":73,"date":"2026-01-12","checkIn":null,"checkOut":null,"absentMinutes":540}
[2026-02-06 07:43:02] DEBUG: Resolving schedule | {"context":"ScheduleResolver","employeeId":73,"date":"2026-01-13","dayOfWeek":2}
[2026-02-06 07:43:02] DEBUG: Employee schedule lookup | {"context":"ScheduleResolver","employeeId":73,"date":"2026-01-13","hasAnySchedule":false,"foundValidSchedule":false}
[2026-02-06 07:43:02] DEBUG: Department schedule lookup | {"context":"ScheduleResolver","employeeId":73,"departmentId":3,"date":"2026-01-13","hasAnySchedule":false,"foundValidSchedule":false}
[2026-02-06 07:43:02] DEBUG: Schedule for date | {"context":"ViolationCalculator","employeeId":73,"date":"2026-01-13","isWorkDay":true,"workStart":"09:00","workEnd":"18:00"}
[2026-02-06 07:43:02] DEBUG: Missing time(s) - counted as absent | {"context":"ViolationCalculator","employeeId":73,"date":"2026-01-13","checkIn":null,"checkOut":null,"absentMinutes":540}
[2026-02-06 07:43:02] DEBUG: Resolving schedule | {"context":"ScheduleResolver","employeeId":73,"date":"2026-01-14","dayOfWeek":3}
[2026-02-06 07:43:02] DEBUG: Employee schedule lookup | {"context":"ScheduleResolver","employeeId":73,"date":"2026-01-14","hasAnySchedule":false,"foundValidSchedule":false}
[2026-02-06 07:43:02] DEBUG: Department schedule lookup | {"context":"ScheduleResolver","employeeId":73,"departmentId":3,"date":"2026-01-14","hasAnySchedule":false,"foundValidSchedule":false}
[2026-02-06 07:43:02] DEBUG: Schedule for date | {"context":"ViolationCalculator","employeeId":73,"date":"2026-01-14","isWorkDay":true,"workStart":"09:00","workEnd":"18:00"}
[2026-02-06 07:43:02] DEBUG: Missing time(s) - counted as absent | {"context":"ViolationCalculator","employeeId":73,"date":"2026-01-14","checkIn":null,"checkOut":null,"absentMinutes":540}
[2026-02-06 07:43:02] DEBUG: Resolving schedule | {"context":"ScheduleResolver","employeeId":73,"date":"2026-01-15","dayOfWeek":4}
[2026-02-06 07:43:02] DEBUG: Employee schedule lookup | {"context":"ScheduleResolver","employeeId":73,"date":"2026-01-15","hasAnySchedule":false,"foundValidSchedule":false}
[2026-02-06 07:43:02] DEBUG: Department schedule lookup | {"context":"ScheduleResolver","employeeId":73,"departmentId":3,"date":"2026-01-15","hasAnySchedule":false,"foundValidSchedule":false}
[2026-02-06 07:43:02] DEBUG: Schedule for date | {"context":"ViolationCalculator","employeeId":73,"date":"2026-01-15","isWorkDay":true,"workStart":"09:00","workEnd":"18:00"}
[2026-02-06 07:43:02] DEBUG: Missing time(s) - counted as absent | {"context":"ViolationCalculator","employeeId":73,"date":"2026-01-15","checkIn":null,"checkOut":null,"absentMinutes":540}
[2026-02-06 07:43:02] DEBUG: Resolving schedule | {"context":"ScheduleResolver","employeeId":73,"date":"2026-01-16","dayOfWeek":5}
[2026-02-06 07:43:02] DEBUG: Employee schedule lookup | {"context":"ScheduleResolver","employeeId":73,"date":"2026-01-16","hasAnySchedule":false,"foundValidSchedule":false}
[2026-02-06 07:43:02] DEBUG: Department schedule lookup | {"context":"ScheduleResolver","employeeId":73,"departmentId":3,"date":"2026-01-16","hasAnySchedule":false,"foundValidSchedule":false}
[2026-02-06 07:43:02] DEBUG: Schedule for date | {"context":"ViolationCalculator","employeeId":73,"date":"2026-01-16","isWorkDay":true,"workStart":"09:00","workEnd":"18:00"}
[2026-02-06 07:43:02] DEBUG: Missing time(s) - counted as absent | {"context":"ViolationCalculator","employeeId":73,"date":"2026-01-16","checkIn":null,"checkOut":null,"absentMinutes":540}
[2026-02-06 07:43:02] DEBUG: Resolving schedule | {"context":"ScheduleResolver","employeeId":73,"date":"2026-01-17","dayOfWeek":6}
[2026-02-06 07:43:02] DEBUG: Employee schedule lookup | {"context":"ScheduleResolver","employeeId":73,"date":"2026-01-17","hasAnySchedule":false,"foundValidSchedule":false}
[2026-02-06 07:43:02] DEBUG: Department schedule lookup | {"context":"ScheduleResolver","employeeId":73,"departmentId":3,"date":"2026-01-17","hasAnySchedule":false,"foundValidSchedule":false}
[2026-02-06 07:43:02] DEBUG: Schedule for date | {"context":"ViolationCalculator","employeeId":73,"date":"2026-01-17","isWorkDay":false,"workStart":"09:00","workEnd":"18:00"}
[2026-02-06 07:43:02] DEBUG: Skipping non-work day | {"context":"ViolationCalculator","employeeId":73,"date":"2026-01-17"}
[2026-02-06 07:43:02] DEBUG: Resolving schedule | {"context":"ScheduleResolver","employeeId":73,"date":"2026-01-18","dayOfWeek":7}
[2026-02-06 07:43:02] DEBUG: Employee schedule lookup | {"context":"ScheduleResolver","employeeId":73,"date":"2026-01-18","hasAnySchedule":false,"foundValidSchedule":false}
[2026-02-06 07:43:02] DEBUG: Department schedule lookup | {"context":"ScheduleResolver","employeeId":73,"departmentId":3,"date":"2026-01-18","hasAnySchedule":false,"foundValidSchedule":false}
[2026-02-06 07:43:02] DEBUG: Schedule for date | {"context":"ViolationCalculator","employeeId":73,"date":"2026-01-18","isWorkDay":false,"workStart":"09:00","workEnd":"18:00"}
[2026-02-06 07:43:02] DEBUG: Skipping non-work day | {"context":"ViolationCalculator","employeeId":73,"date":"2026-01-18"}
[2026-02-06 07:43:02] DEBUG: Resolving schedule | {"context":"ScheduleResolver","employeeId":73,"date":"2026-01-19","dayOfWeek":1}
[2026-02-06 07:43:02] DEBUG: Employee schedule lookup | {"context":"ScheduleResolver","employeeId":73,"date":"2026-01-19","hasAnySchedule":false,"foundValidSchedule":false}
[2026-02-06 07:43:02] DEBUG: Department schedule lookup | {"context":"ScheduleResolver","employeeId":73,"departmentId":3,"date":"2026-01-19","hasAnySchedule":false,"foundValidSchedule":false}
[2026-02-06 07:43:02] DEBUG: Schedule for date | {"context":"ViolationCalculator","employeeId":73,"date":"2026-01-19","isWorkDay":true,"workStart":"09:00","workEnd":"18:00"}
[2026-02-06 07:43:02] DEBUG: Missing time(s) - counted as absent | {"context":"ViolationCalculator","employeeId":73,"date":"2026-01-19","checkIn":null,"checkOut":null,"absentMinutes":540}
[2026-02-06 07:43:02] DEBUG: Resolving schedule | {"context":"ScheduleResolver","employeeId":73,"date":"2026-01-20","dayOfWeek":2}
[2026-02-06 07:43:02] DEBUG: Employee schedule lookup | {"context":"ScheduleResolver","employeeId":73,"date":"2026-01-20","hasAnySchedule":false,"foundValidSchedule":false}
[2026-02-06 07:43:02] DEBUG: Department schedule lookup | {"context":"ScheduleResolver","employeeId":73,"departmentId":3,"date":"2026-01-20","hasAnySchedule":false,"foundValidSchedule":false}
[2026-02-06 07:43:02] DEBUG: Schedule for date | {"context":"ViolationCalculator","employeeId":73,"date":"2026-01-20","isWorkDay":true,"workStart":"09:00","workEnd":"18:00"}
[2026-02-06 07:43:02] DEBUG: Missing time(s) - counted as absent | {"context":"ViolationCalculator","employeeId":73,"date":"2026-01-20","checkIn":null,"checkOut":null,"absentMinutes":540}
[2026-02-06 07:43:02] DEBUG: Resolving schedule | {"context":"ScheduleResolver","employeeId":73,"date":"2026-01-21","dayOfWeek":3}
[2026-02-06 07:43:02] DEBUG: Employee schedule lookup | {"context":"ScheduleResolver","employeeId":73,"date":"2026-01-21","hasAnySchedule":false,"foundValidSchedule":false}
[2026-02-06 07:43:02] DEBUG: Department schedule lookup | {"context":"ScheduleResolver","employeeId":73,"departmentId":3,"date":"2026-01-21","hasAnySchedule":false,"foundValidSchedule":false}
[2026-02-06 07:43:02] DEBUG: Schedule for date | {"context":"ViolationCalculator","employeeId":73,"date":"2026-01-21","isWorkDay":true,"workStart":"09:00","workEnd":"18:00"}
[2026-02-06 07:43:02] DEBUG: Missing time(s) - counted as absent | {"context":"ViolationCalculator","employeeId":73,"date":"2026-01-21","checkIn":null,"checkOut":null,"absentMinutes":540}
[2026-02-06 07:43:02] DEBUG: Resolving schedule | {"context":"ScheduleResolver","employeeId":73,"date":"2026-01-22","dayOfWeek":4}
[2026-02-06 07:43:02] DEBUG: Employee schedule lookup | {"context":"ScheduleResolver","employeeId":73,"date":"2026-01-22","hasAnySchedule":false,"foundValidSchedule":false}
[2026-02-06 07:43:02] DEBUG: Department schedule lookup | {"context":"ScheduleResolver","employeeId":73,"departmentId":3,"date":"2026-01-22","hasAnySchedule":false,"foundValidSchedule":false}
[2026-02-06 07:43:02] DEBUG: Schedule for date | {"context":"ViolationCalculator","employeeId":73,"date":"2026-01-22","isWorkDay":true,"workStart":"09:00","workEnd":"18:00"}
[2026-02-06 07:43:02] DEBUG: Missing time(s) - counted as absent | {"context":"ViolationCalculator","employeeId":73,"date":"2026-01-22","checkIn":null,"checkOut":null,"absentMinutes":540}
[2026-02-06 07:43:02] DEBUG: Resolving schedule | {"context":"ScheduleResolver","employeeId":73,"date":"2026-01-23","dayOfWeek":5}
[2026-02-06 07:43:02] DEBUG: Employee schedule lookup | {"context":"ScheduleResolver","employeeId":73,"date":"2026-01-23","hasAnySchedule":false,"foundValidSchedule":false}
[2026-02-06 07:43:02] DEBUG: Department schedule lookup | {"context":"ScheduleResolver","employeeId":73,"departmentId":3,"date":"2026-01-23","hasAnySchedule":false,"foundValidSchedule":false}
[2026-02-06 07:43:02] DEBUG: Schedule for date | {"context":"ViolationCalculator","employeeId":73,"date":"2026-01-23","isWorkDay":true,"workStart":"09:00","workEnd":"18:00"}
[2026-02-06 07:43:02] DEBUG: Missing time(s) - counted as absent | {"context":"ViolationCalculator","employeeId":73,"date":"2026-01-23","checkIn":null,"checkOut":null,"absentMinutes":540}
[2026-02-06 07:43:02] DEBUG: Resolving schedule | {"context":"ScheduleResolver","employeeId":73,"date":"2026-01-24","dayOfWeek":6}
[2026-02-06 07:43:02] DEBUG: Employee schedule lookup | {"context":"ScheduleResolver","employeeId":73,"date":"2026-01-24","hasAnySchedule":false,"foundValidSchedule":false}
[2026-02-06 07:43:02] DEBUG: Department schedule lookup | {"context":"ScheduleResolver","employeeId":73,"departmentId":3,"date":"2026-01-24","hasAnySchedule":false,"foundValidSchedule":false}
[2026-02-06 07:43:02] DEBUG: Schedule for date | {"context":"ViolationCalculator","employeeId":73,"date":"2026-01-24","isWorkDay":false,"workStart":"09:00","workEnd":"18:00"}
[2026-02-06 07:43:02] DEBUG: Skipping non-work day | {"context":"ViolationCalculator","employeeId":73,"date":"2026-01-24"}
[2026-02-06 07:43:02] DEBUG: Resolving schedule | {"context":"ScheduleResolver","employeeId":73,"date":"2026-01-25","dayOfWeek":7}
[2026-02-06 07:43:02] DEBUG: Employee schedule lookup | {"context":"ScheduleResolver","employeeId":73,"date":"2026-01-25","hasAnySchedule":false,"foundValidSchedule":false}
[2026-02-06 07:43:02] DEBUG: Department schedule lookup | {"context":"ScheduleResolver","employeeId":73,"departmentId":3,"date":"2026-01-25","hasAnySchedule":false,"foundValidSchedule":false}
[2026-02-06 07:43:02] DEBUG: Schedule for date | {"context":"ViolationCalculator","employeeId":73,"date":"2026-01-25","isWorkDay":false,"workStart":"09:00","workEnd":"18:00"}
[2026-02-06 07:43:02] DEBUG: Skipping non-work day | {"context":"ViolationCalculator","employeeId":73,"date":"2026-01-25"}
[2026-02-06 07:43:02] DEBUG: Resolving schedule | {"context":"ScheduleResolver","employeeId":73,"date":"2026-01-26","dayOfWeek":1}
[2026-02-06 07:43:02] DEBUG: Employee schedule lookup | {"context":"ScheduleResolver","employeeId":73,"date":"2026-01-26","hasAnySchedule":false,"foundValidSchedule":false}
[2026-02-06 07:43:02] DEBUG: Department schedule lookup | {"context":"ScheduleResolver","employeeId":73,"departmentId":3,"date":"2026-01-26","hasAnySchedule":false,"foundValidSchedule":false}
[2026-02-06 07:43:02] DEBUG: Schedule for date | {"context":"ViolationCalculator","employeeId":73,"date":"2026-01-26","isWorkDay":true,"workStart":"09:00","workEnd":"18:00"}
[2026-02-06 07:43:02] DEBUG: Missing time(s) - counted as absent | {"context":"ViolationCalculator","employeeId":73,"date":"2026-01-26","checkIn":null,"checkOut":null,"absentMinutes":540}
[2026-02-06 07:43:02] DEBUG: Resolving schedule | {"context":"ScheduleResolver","employeeId":73,"date":"2026-01-27","dayOfWeek":2}
[2026-02-06 07:43:02] DEBUG: Employee schedule lookup | {"context":"ScheduleResolver","employeeId":73,"date":"2026-01-27","hasAnySchedule":false,"foundValidSchedule":false}
[2026-02-06 07:43:02] DEBUG: Department schedule lookup | {"context":"ScheduleResolver","employeeId":73,"departmentId":3,"date":"2026-01-27","hasAnySchedule":false,"foundValidSchedule":false}
[2026-02-06 07:43:02] DEBUG: Schedule for date | {"context":"ViolationCalculator","employeeId":73,"date":"2026-01-27","isWorkDay":true,"workStart":"09:00","workEnd":"18:00"}
[2026-02-06 07:43:02] DEBUG: Missing time(s) - counted as absent | {"context":"ViolationCalculator","employeeId":73,"date":"2026-01-27","checkIn":null,"checkOut":null,"absentMinutes":540}
[2026-02-06 07:43:02] DEBUG: Resolving schedule | {"context":"ScheduleResolver","employeeId":73,"date":"2026-01-28","dayOfWeek":3}
[2026-02-06 07:43:02] DEBUG: Employee schedule lookup | {"context":"ScheduleResolver","employeeId":73,"date":"2026-01-28","hasAnySchedule":false,"foundValidSchedule":false}
[2026-02-06 07:43:02] DEBUG: Department schedule lookup | {"context":"ScheduleResolver","employeeId":73,"departmentId":3,"date":"2026-01-28","hasAnySchedule":false,"foundValidSchedule":false}
[2026-02-06 07:43:02] DEBUG: Schedule for date | {"context":"ViolationCalculator","employeeId":73,"date":"2026-01-28","isWorkDay":true,"workStart":"09:00","workEnd":"18:00"}
[2026-02-06 07:43:02] DEBUG: Missing time(s) - counted as absent | {"context":"ViolationCalculator","employeeId":73,"date":"2026-01-28","checkIn":null,"checkOut":null,"absentMinutes":540}
[2026-02-06 07:43:02] DEBUG: Resolving schedule | {"context":"ScheduleResolver","employeeId":73,"date":"2026-01-29","dayOfWeek":4}
[2026-02-06 07:43:02] DEBUG: Employee schedule lookup | {"context":"ScheduleResolver","employeeId":73,"date":"2026-01-29","hasAnySchedule":false,"foundValidSchedule":false}
[2026-02-06 07:43:02] DEBUG: Department schedule lookup | {"context":"ScheduleResolver","employeeId":73,"departmentId":3,"date":"2026-01-29","hasAnySchedule":false,"foundValidSchedule":false}
[2026-02-06 07:43:02] DEBUG: Schedule for date | {"context":"ViolationCalculator","employeeId":73,"date":"2026-01-29","isWorkDay":true,"workStart":"09:00","workEnd":"18:00"}
[2026-02-06 07:43:02] DEBUG: Missing time(s) - counted as absent | {"context":"ViolationCalculator","employeeId":73,"date":"2026-01-29","checkIn":null,"checkOut":null,"absentMinutes":540}
[2026-02-06 07:43:02] DEBUG: Resolving schedule | {"context":"ScheduleResolver","employeeId":73,"date":"2026-01-30","dayOfWeek":5}
[2026-02-06 07:43:02] DEBUG: Employee schedule lookup | {"context":"ScheduleResolver","employeeId":73,"date":"2026-01-30","hasAnySchedule":false,"foundValidSchedule":false}
[2026-02-06 07:43:02] DEBUG: Department schedule lookup | {"context":"ScheduleResolver","employeeId":73,"departmentId":3,"date":"2026-01-30","hasAnySchedule":false,"foundValidSchedule":false}
[2026-02-06 07:43:02] DEBUG: Schedule for date | {"context":"ViolationCalculator","employeeId":73,"date":"2026-01-30","isWorkDay":true,"workStart":"09:00","workEnd":"18:00"}
[2026-02-06 07:43:02] DEBUG: Missing time(s) - counted as absent | {"context":"ViolationCalculator","employeeId":73,"date":"2026-01-30","checkIn":null,"checkOut":null,"absentMinutes":540}
[2026-02-06 07:43:02] DEBUG: Resolving schedule | {"context":"ScheduleResolver","employeeId":73,"date":"2026-01-31","dayOfWeek":6}
[2026-02-06 07:43:02] DEBUG: Employee schedule lookup | {"context":"ScheduleResolver","employeeId":73,"date":"2026-01-31","hasAnySchedule":false,"foundValidSchedule":false}
[2026-02-06 07:43:02] DEBUG: Department schedule lookup | {"context":"ScheduleResolver","employeeId":73,"departmentId":3,"date":"2026-01-31","hasAnySchedule":false,"foundValidSchedule":false}
[2026-02-06 07:43:02] DEBUG: Schedule for date | {"context":"ViolationCalculator","employeeId":73,"date":"2026-01-31","isWorkDay":false,"workStart":"09:00","workEnd":"18:00"}
[2026-02-06 07:43:02] DEBUG: Skipping non-work day | {"context":"ViolationCalculator","employeeId":73,"date":"2026-01-31"}
[2026-02-06 07:43:02] DEBUG: Resolving schedule | {"context":"ScheduleResolver","employeeId":74,"date":"2026-01-10","dayOfWeek":6}
[2026-02-06 07:43:02] DEBUG: Employee schedule lookup | {"context":"ScheduleResolver","employeeId":74,"date":"2026-01-10","hasAnySchedule":false,"foundValidSchedule":false}
[2026-02-06 07:43:02] DEBUG: Department schedule lookup | {"context":"ScheduleResolver","employeeId":74,"departmentId":8,"date":"2026-01-10","hasAnySchedule":false,"foundValidSchedule":false}
[2026-02-06 07:43:02] DEBUG: Schedule for date | {"context":"ViolationCalculator","employeeId":74,"date":"2026-01-10","isWorkDay":false,"workStart":"09:00","workEnd":"18:00"}
[2026-02-06 07:43:02] DEBUG: Skipping non-work day | {"context":"ViolationCalculator","employeeId":74,"date":"2026-01-10"}
[2026-02-06 07:43:02] DEBUG: Resolving schedule | {"context":"ScheduleResolver","employeeId":74,"date":"2026-01-11","dayOfWeek":7}
[2026-02-06 07:43:02] DEBUG: Employee schedule lookup | {"context":"ScheduleResolver","employeeId":74,"date":"2026-01-11","hasAnySchedule":false,"foundValidSchedule":false}
[2026-02-06 07:43:02] DEBUG: Department schedule lookup | {"context":"ScheduleResolver","employeeId":74,"departmentId":8,"date":"2026-01-11","hasAnySchedule":false,"foundValidSchedule":false}
[2026-02-06 07:43:02] DEBUG: Schedule for date | {"context":"ViolationCalculator","employeeId":74,"date":"2026-01-11","isWorkDay":false,"workStart":"09:00","workEnd":"18:00"}
[2026-02-06 07:43:02] DEBUG: Skipping non-work day | {"context":"ViolationCalculator","employeeId":74,"date":"2026-01-11"}
[2026-02-06 07:43:02] DEBUG: Resolving schedule | {"context":"ScheduleResolver","employeeId":74,"date":"2026-01-12","dayOfWeek":1}
[2026-02-06 07:43:02] DEBUG: Employee schedule lookup | {"context":"ScheduleResolver","employeeId":74,"date":"2026-01-12","hasAnySchedule":false,"foundValidSchedule":false}
[2026-02-06 07:43:02] DEBUG: Department schedule lookup | {"context":"ScheduleResolver","employeeId":74,"departmentId":8,"date":"2026-01-12","hasAnySchedule":false,"foundValidSchedule":false}
[2026-02-06 07:43:02] DEBUG: Schedule for date | {"context":"ViolationCalculator","employeeId":74,"date":"2026-01-12","isWorkDay":true,"workStart":"09:00","workEnd":"18:00"}
[2026-02-06 07:43:02] DEBUG: Both times present - calculated late/early | {"context":"ViolationCalculator","employeeId":74,"date":"2026-01-12","checkIn":"09:00","checkOut":"18:00","lateMinutes":0,"earlyMinutes":0}
[2026-02-06 07:43:02] DEBUG: Resolving schedule | {"context":"ScheduleResolver","employeeId":74,"date":"2026-01-13","dayOfWeek":2}
[2026-02-06 07:43:02] DEBUG: Employee schedule lookup | {"context":"ScheduleResolver","employeeId":74,"date":"2026-01-13","hasAnySchedule":false,"foundValidSchedule":false}
[2026-02-06 07:43:02] DEBUG: Department schedule lookup | {"context":"ScheduleResolver","employeeId":74,"departmentId":8,"date":"2026-01-13","hasAnySchedule":false,"foundValidSchedule":false}
[2026-02-06 07:43:02] DEBUG: Schedule for date | {"context":"ViolationCalculator","employeeId":74,"date":"2026-01-13","isWorkDay":true,"workStart":"09:00","workEnd":"18:00"}
[2026-02-06 07:43:02] DEBUG: Both times present - calculated late/early | {"context":"ViolationCalculator","employeeId":74,"date":"2026-01-13","checkIn":"09:00","checkOut":"18:00","lateMinutes":0,"earlyMinutes":0}
[2026-02-06 07:43:02] DEBUG: Resolving schedule | {"context":"ScheduleResolver","employeeId":74,"date":"2026-01-14","dayOfWeek":3}
[2026-02-06 07:43:02] DEBUG: Employee schedule lookup | {"context":"ScheduleResolver","employeeId":74,"date":"2026-01-14","hasAnySchedule":false,"foundValidSchedule":false}
[2026-02-06 07:43:02] DEBUG: Department schedule lookup | {"context":"ScheduleResolver","employeeId":74,"departmentId":8,"date":"2026-01-14","hasAnySchedule":false,"foundValidSchedule":false}
[2026-02-06 07:43:02] DEBUG: Schedule for date | {"context":"ViolationCalculator","employeeId":74,"date":"2026-01-14","isWorkDay":true,"workStart":"09:00","workEnd":"18:00"}
[2026-02-06 07:43:02] DEBUG: Both times present - calculated late/early | {"context":"ViolationCalculator","employeeId":74,"date":"2026-01-14","checkIn":"09:00","checkOut":"18:00","lateMinutes":0,"earlyMinutes":0}
[2026-02-06 07:43:02] DEBUG: Resolving schedule | {"context":"ScheduleResolver","employeeId":74,"date":"2026-01-15","dayOfWeek":4}
[2026-02-06 07:43:02] DEBUG: Employee schedule lookup | {"context":"ScheduleResolver","employeeId":74,"date":"2026-01-15","hasAnySchedule":false,"foundValidSchedule":false}
[2026-02-06 07:43:02] DEBUG: Department schedule lookup | {"context":"ScheduleResolver","employeeId":74,"departmentId":8,"date":"2026-01-15","hasAnySchedule":false,"foundValidSchedule":false}
[2026-02-06 07:43:02] DEBUG: Schedule for date | {"context":"ViolationCalculator","employeeId":74,"date":"2026-01-15","isWorkDay":true,"workStart":"09:00","workEnd":"18:00"}
[2026-02-06 07:43:02] DEBUG: Both times present - calculated late/early | {"context":"ViolationCalculator","employeeId":74,"date":"2026-01-15","checkIn":"09:00","checkOut":"18:00","lateMinutes":0,"earlyMinutes":0}
[2026-02-06 07:43:02] DEBUG: Resolving schedule | {"context":"ScheduleResolver","employeeId":74,"date":"2026-01-16","dayOfWeek":5}
[2026-02-06 07:43:02] DEBUG: Employee schedule lookup | {"context":"ScheduleResolver","employeeId":74,"date":"2026-01-16","hasAnySchedule":false,"foundValidSchedule":false}
[2026-02-06 07:43:02] DEBUG: Department schedule lookup | {"context":"ScheduleResolver","employeeId":74,"departmentId":8,"date":"2026-01-16","hasAnySchedule":false,"foundValidSchedule":false}
[2026-02-06 07:43:02] DEBUG: Schedule for date | {"context":"ViolationCalculator","employeeId":74,"date":"2026-01-16","isWorkDay":true,"workStart":"09:00","workEnd":"18:00"}
[2026-02-06 07:43:02] DEBUG: Both times present - calculated late/early | {"context":"ViolationCalculator","employeeId":74,"date":"2026-01-16","checkIn":"09:00","checkOut":"18:00","lateMinutes":0,"earlyMinutes":0}
[2026-02-06 07:43:02] DEBUG: Resolving schedule | {"context":"ScheduleResolver","employeeId":74,"date":"2026-01-17","dayOfWeek":6}
[2026-02-06 07:43:02] DEBUG: Employee schedule lookup | {"context":"ScheduleResolver","employeeId":74,"date":"2026-01-17","hasAnySchedule":false,"foundValidSchedule":false}
[2026-02-06 07:43:02] DEBUG: Department schedule lookup | {"context":"ScheduleResolver","employeeId":74,"departmentId":8,"date":"2026-01-17","hasAnySchedule":false,"foundValidSchedule":false}
[2026-02-06 07:43:02] DEBUG: Schedule for date | {"context":"ViolationCalculator","employeeId":74,"date":"2026-01-17","isWorkDay":false,"workStart":"09:00","workEnd":"18:00"}
[2026-02-06 07:43:02] DEBUG: Skipping non-work day | {"context":"ViolationCalculator","employeeId":74,"date":"2026-01-17"}
[2026-02-06 07:43:02] DEBUG: Resolving schedule | {"context":"ScheduleResolver","employeeId":74,"date":"2026-01-18","dayOfWeek":7}
[2026-02-06 07:43:02] DEBUG: Employee schedule lookup | {"context":"ScheduleResolver","employeeId":74,"date":"2026-01-18","hasAnySchedule":false,"foundValidSchedule":false}
[2026-02-06 07:43:02] DEBUG: Department schedule lookup | {"context":"ScheduleResolver","employeeId":74,"departmentId":8,"date":"2026-01-18","hasAnySchedule":false,"foundValidSchedule":false}
[2026-02-06 07:43:02] DEBUG: Schedule for date | {"context":"ViolationCalculator","employeeId":74,"date":"2026-01-18","isWorkDay":false,"workStart":"09:00","workEnd":"18:00"}
[2026-02-06 07:43:02] DEBUG: Skipping non-work day | {"context":"ViolationCalculator","employeeId":74,"date":"2026-01-18"}
[2026-02-06 07:43:02] DEBUG: Resolving schedule | {"context":"ScheduleResolver","employeeId":74,"date":"2026-01-19","dayOfWeek":1}
[2026-02-06 07:43:02] DEBUG: Employee schedule lookup | {"context":"ScheduleResolver","employeeId":74,"date":"2026-01-19","hasAnySchedule":false,"foundValidSchedule":false}
[2026-02-06 07:43:02] DEBUG: Department schedule lookup | {"context":"ScheduleResolver","employeeId":74,"departmentId":8,"date":"2026-01-19","hasAnySchedule":false,"foundValidSchedule":false}
[2026-02-06 07:43:02] DEBUG: Schedule for date | {"context":"ViolationCalculator","employeeId":74,"date":"2026-01-19","isWorkDay":true,"workStart":"09:00","workEnd":"18:00"}
[2026-02-06 07:43:02] DEBUG: Both times present - calculated late/early | {"context":"ViolationCalculator","employeeId":74,"date":"2026-01-19","checkIn":"09:00","checkOut":"18:00","lateMinutes":0,"earlyMinutes":0}
[2026-02-06 07:43:02] DEBUG: Resolving schedule | {"context":"ScheduleResolver","employeeId":74,"date":"2026-01-20","dayOfWeek":2}
[2026-02-06 07:43:02] DEBUG: Employee schedule lookup | {"context":"ScheduleResolver","employeeId":74,"date":"2026-01-20","hasAnySchedule":false,"foundValidSchedule":false}
[2026-02-06 07:43:02] DEBUG: Department schedule lookup | {"context":"ScheduleResolver","employeeId":74,"departmentId":8,"date":"2026-01-20","hasAnySchedule":false,"foundValidSchedule":false}
[2026-02-06 07:43:02] DEBUG: Schedule for date | {"context":"ViolationCalculator","employeeId":74,"date":"2026-01-20","isWorkDay":true,"workStart":"09:00","workEnd":"18:00"}
[2026-02-06 07:43:02] DEBUG: Both times present - calculated late/early | {"context":"ViolationCalculator","employeeId":74,"date":"2026-01-20","checkIn":"09:00","checkOut":"18:00","lateMinutes":0,"earlyMinutes":0}
[2026-02-06 07:43:02] DEBUG: Resolving schedule | {"context":"ScheduleResolver","employeeId":74,"date":"2026-01-21","dayOfWeek":3}
[2026-02-06 07:43:02] DEBUG: Employee schedule lookup | {"context":"ScheduleResolver","employeeId":74,"date":"2026-01-21","hasAnySchedule":false,"foundValidSchedule":false}
[2026-02-06 07:43:02] DEBUG: Department schedule lookup | {"context":"ScheduleResolver","employeeId":74,"departmentId":8,"date":"2026-01-21","hasAnySchedule":false,"foundValidSchedule":false}
[2026-02-06 07:43:02] DEBUG: Schedule for date | {"context":"ViolationCalculator","employeeId":74,"date":"2026-01-21","isWorkDay":true,"workStart":"09:00","workEnd":"18:00"}
[2026-02-06 07:43:02] DEBUG: Both times present - calculated late/early | {"context":"ViolationCalculator","employeeId":74,"date":"2026-01-21","checkIn":"09:00","checkOut":"18:00","lateMinutes":0,"earlyMinutes":0}
[2026-02-06 07:43:02] DEBUG: Resolving schedule | {"context":"ScheduleResolver","employeeId":74,"date":"2026-01-22","dayOfWeek":4}
[2026-02-06 07:43:02] DEBUG: Employee schedule lookup | {"context":"ScheduleResolver","employeeId":74,"date":"2026-01-22","hasAnySchedule":false,"foundValidSchedule":false}
[2026-02-06 07:43:02] DEBUG: Department schedule lookup | {"context":"ScheduleResolver","employeeId":74,"departmentId":8,"date":"2026-01-22","hasAnySchedule":false,"foundValidSchedule":false}
[2026-02-06 07:43:02] DEBUG: Schedule for date | {"context":"ViolationCalculator","employeeId":74,"date":"2026-01-22","isWorkDay":true,"workStart":"09:00","workEnd":"18:00"}
[2026-02-06 07:43:02] DEBUG: Both times present - calculated late/early | {"context":"ViolationCalculator","employeeId":74,"date":"2026-01-22","checkIn":"08:46","checkOut":"17:07","lateMinutes":0,"earlyMinutes":53}
[2026-02-06 07:43:02] DEBUG: Resolving schedule | {"context":"ScheduleResolver","employeeId":74,"date":"2026-01-23","dayOfWeek":5}
[2026-02-06 07:43:02] DEBUG: Employee schedule lookup | {"context":"ScheduleResolver","employeeId":74,"date":"2026-01-23","hasAnySchedule":false,"foundValidSchedule":false}
[2026-02-06 07:43:02] DEBUG: Department schedule lookup | {"context":"ScheduleResolver","employeeId":74,"departmentId":8,"date":"2026-01-23","hasAnySchedule":false,"foundValidSchedule":false}
[2026-02-06 07:43:02] DEBUG: Schedule for date | {"context":"ViolationCalculator","employeeId":74,"date":"2026-01-23","isWorkDay":true,"workStart":"09:00","workEnd":"18:00"}
[2026-02-06 07:43:02] DEBUG: Both times present - calculated late/early | {"context":"ViolationCalculator","employeeId":74,"date":"2026-01-23","checkIn":"09:00","checkOut":"18:00","lateMinutes":0,"earlyMinutes":0}
[2026-02-06 07:43:02] DEBUG: Resolving schedule | {"context":"ScheduleResolver","employeeId":74,"date":"2026-01-24","dayOfWeek":6}
[2026-02-06 07:43:02] DEBUG: Employee schedule lookup | {"context":"ScheduleResolver","employeeId":74,"date":"2026-01-24","hasAnySchedule":false,"foundValidSchedule":false}
[2026-02-06 07:43:02] DEBUG: Department schedule lookup | {"context":"ScheduleResolver","employeeId":74,"departmentId":8,"date":"2026-01-24","hasAnySchedule":false,"foundValidSchedule":false}
[2026-02-06 07:43:02] DEBUG: Schedule for date | {"context":"ViolationCalculator","employeeId":74,"date":"2026-01-24","isWorkDay":false,"workStart":"09:00","workEnd":"18:00"}
[2026-02-06 07:43:02] DEBUG: Skipping non-work day | {"context":"ViolationCalculator","employeeId":74,"date":"2026-01-24"}
[2026-02-06 07:43:02] DEBUG: Resolving schedule | {"context":"ScheduleResolver","employeeId":74,"date":"2026-01-25","dayOfWeek":7}
[2026-02-06 07:43:02] DEBUG: Employee schedule lookup | {"context":"ScheduleResolver","employeeId":74,"date":"2026-01-25","hasAnySchedule":false,"foundValidSchedule":false}
[2026-02-06 07:43:02] DEBUG: Department schedule lookup | {"context":"ScheduleResolver","employeeId":74,"departmentId":8,"date":"2026-01-25","hasAnySchedule":false,"foundValidSchedule":false}
[2026-02-06 07:43:02] DEBUG: Schedule for date | {"context":"ViolationCalculator","employeeId":74,"date":"2026-01-25","isWorkDay":false,"workStart":"09:00","workEnd":"18:00"}
[2026-02-06 07:43:02] DEBUG: Skipping non-work day | {"context":"ViolationCalculator","employeeId":74,"date":"2026-01-25"}
[2026-02-06 07:43:02] DEBUG: Resolving schedule | {"context":"ScheduleResolver","employeeId":74,"date":"2026-01-26","dayOfWeek":1}
[2026-02-06 07:43:02] DEBUG: Employee schedule lookup | {"context":"ScheduleResolver","employeeId":74,"date":"2026-01-26","hasAnySchedule":false,"foundValidSchedule":false}
[2026-02-06 07:43:02] DEBUG: Department schedule lookup | {"context":"ScheduleResolver","employeeId":74,"departmentId":8,"date":"2026-01-26","hasAnySchedule":false,"foundValidSchedule":false}
[2026-02-06 07:43:02] DEBUG: Schedule for date | {"context":"ViolationCalculator","employeeId":74,"date":"2026-01-26","isWorkDay":true,"workStart":"09:00","workEnd":"18:00"}
[2026-02-06 07:43:02] DEBUG: Both times present - calculated late/early | {"context":"ViolationCalculator","employeeId":74,"date":"2026-01-26","checkIn":"09:00","checkOut":"18:00","lateMinutes":0,"earlyMinutes":0}
[2026-02-06 07:43:02] DEBUG: Resolving schedule | {"context":"ScheduleResolver","employeeId":74,"date":"2026-01-27","dayOfWeek":2}
[2026-02-06 07:43:02] DEBUG: Employee schedule lookup | {"context":"ScheduleResolver","employeeId":74,"date":"2026-01-27","hasAnySchedule":false,"foundValidSchedule":false}
[2026-02-06 07:43:02] DEBUG: Department schedule lookup | {"context":"ScheduleResolver","employeeId":74,"departmentId":8,"date":"2026-01-27","hasAnySchedule":false,"foundValidSchedule":false}
[2026-02-06 07:43:02] DEBUG: Schedule for date | {"context":"ViolationCalculator","employeeId":74,"date":"2026-01-27","isWorkDay":true,"workStart":"09:00","workEnd":"18:00"}
[2026-02-06 07:43:02] DEBUG: Both times present - calculated late/early | {"context":"ViolationCalculator","employeeId":74,"date":"2026-01-27","checkIn":"09:00","checkOut":"18:00","lateMinutes":0,"earlyMinutes":0}
[2026-02-06 07:43:02] DEBUG: Resolving schedule | {"context":"ScheduleResolver","employeeId":74,"date":"2026-01-28","dayOfWeek":3}
[2026-02-06 07:43:02] DEBUG: Employee schedule lookup | {"context":"ScheduleResolver","employeeId":74,"date":"2026-01-28","hasAnySchedule":false,"foundValidSchedule":false}
[2026-02-06 07:43:02] DEBUG: Department schedule lookup | {"context":"ScheduleResolver","employeeId":74,"departmentId":8,"date":"2026-01-28","hasAnySchedule":false,"foundValidSchedule":false}
[2026-02-06 07:43:02] DEBUG: Schedule for date | {"context":"ViolationCalculator","employeeId":74,"date":"2026-01-28","isWorkDay":true,"workStart":"09:00","workEnd":"18:00"}
[2026-02-06 07:43:02] DEBUG: Both times present - calculated late/early | {"context":"ViolationCalculator","employeeId":74,"date":"2026-01-28","checkIn":"08:55","checkOut":"18:08","lateMinutes":0,"earlyMinutes":0}
[2026-02-06 07:43:02] DEBUG: Resolving schedule | {"context":"ScheduleResolver","employeeId":74,"date":"2026-01-29","dayOfWeek":4}
[2026-02-06 07:43:02] DEBUG: Employee schedule lookup | {"context":"ScheduleResolver","employeeId":74,"date":"2026-01-29","hasAnySchedule":false,"foundValidSchedule":false}
[2026-02-06 07:43:02] DEBUG: Department schedule lookup | {"context":"ScheduleResolver","employeeId":74,"departmentId":8,"date":"2026-01-29","hasAnySchedule":false,"foundValidSchedule":false}
[2026-02-06 07:43:02] DEBUG: Schedule for date | {"context":"ViolationCalculator","employeeId":74,"date":"2026-01-29","isWorkDay":true,"workStart":"09:00","workEnd":"18:00"}
[2026-02-06 07:43:02] DEBUG: Both times present - calculated late/early | {"context":"ViolationCalculator","employeeId":74,"date":"2026-01-29","checkIn":"09:00","checkOut":"18:00","lateMinutes":0,"earlyMinutes":0}
[2026-02-06 07:43:02] DEBUG: Resolving schedule | {"context":"ScheduleResolver","employeeId":74,"date":"2026-01-30","dayOfWeek":5}
[2026-02-06 07:43:02] DEBUG: Employee schedule lookup | {"context":"ScheduleResolver","employeeId":74,"date":"2026-01-30","hasAnySchedule":false,"foundValidSchedule":false}
[2026-02-06 07:43:02] DEBUG: Department schedule lookup | {"context":"ScheduleResolver","employeeId":74,"departmentId":8,"date":"2026-01-30","hasAnySchedule":false,"foundValidSchedule":false}
[2026-02-06 07:43:02] DEBUG: Schedule for date | {"context":"ViolationCalculator","employeeId":74,"date":"2026-01-30","isWorkDay":true,"workStart":"09:00","workEnd":"18:00"}
[2026-02-06 07:43:02] DEBUG: Both times present - calculated late/early | {"context":"ViolationCalculator","employeeId":74,"date":"2026-01-30","checkIn":"09:00","checkOut":"18:00","lateMinutes":0,"earlyMinutes":0}
[2026-02-06 07:43:02] DEBUG: Resolving schedule | {"context":"ScheduleResolver","employeeId":74,"date":"2026-01-31","dayOfWeek":6}
[2026-02-06 07:43:02] DEBUG: Employee schedule lookup | {"context":"ScheduleResolver","employeeId":74,"date":"2026-01-31","hasAnySchedule":false,"foundValidSchedule":false}
[2026-02-06 07:43:02] DEBUG: Department schedule lookup | {"context":"ScheduleResolver","employeeId":74,"departmentId":8,"date":"2026-01-31","hasAnySchedule":false,"foundValidSchedule":false}
[2026-02-06 07:43:02] DEBUG: Schedule for date | {"context":"ViolationCalculator","employeeId":74,"date":"2026-01-31","isWorkDay":false,"workStart":"09:00","workEnd":"18:00"}
[2026-02-06 07:43:02] DEBUG: Skipping non-work day | {"context":"ViolationCalculator","employeeId":74,"date":"2026-01-31"}
[2026-02-06 07:43:02] INFO: Monthly violation calculation completed | {"context":"ViolationCalculator","year":2026,"month":1,"processedCount":74}
[2026-02-06 07:43:02] INFO: POST /calculate | {"status":200,"duration":"1348ms"}
[2026-02-06 07:43:02] INFO: GET /report | {"status":200,"duration":"4ms","query":{"year":"2026","month":"1","sortBy":"violation_count","sortOrder":"desc"}}
[2026-02-06 07:43:02] INFO: Penalty rules fetched | {"context":"PenaltyAPI","year":2026,"month":2,"count":6}
[2026-02-06 07:43:02] INFO: GET /rules | {"status":304,"duration":"3ms","query":{"year":"2026","month":"2"}}
[2026-02-06 07:43:02] INFO: Penalty rules fetched | {"context":"PenaltyAPI","year":2026,"month":2,"count":6}
[2026-02-06 07:43:02] INFO: GET /rules | {"status":304,"duration":"1ms","query":{"year":"2026","month":"2"}}
[2026-02-06 07:43:02] INFO: Applied penalties fetched | {"context":"PenaltyAPI","year":"2026","month":"2","count":0}
[2026-02-06 07:43:02] INFO: GET / | {"status":304,"duration":"2ms","query":{"year":"2026","month":"2"}}
[2026-02-06 07:43:02] INFO: Penalty summary fetched | {"context":"PenaltyAPI","year":"2026","month":"2","totalEmployees":0,"employeesWithFines":0,"totalFineAmount":0,"kpiZeroedCount":0,"terminationCount":0}
[2026-02-06 07:43:02] INFO: GET /summary | {"status":304,"duration":"1ms","query":{"year":"2026","month":"2"}}
[2026-02-06 07:43:03] INFO: Applied penalties fetched | {"context":"PenaltyAPI","year":"2026","month":"1","count":74}
[2026-02-06 07:43:03] INFO: GET / | {"status":304,"duration":"8ms","query":{"year":"2026","month":"1"}}
[2026-02-06 07:43:03] INFO: Penalty summary fetched | {"context":"PenaltyAPI","year":"2026","month":"1","totalEmployees":74,"employeesWithFines":74,"totalFineAmount":30850000,"kpiZeroedCount":61,"terminationCount":53}
[2026-02-06 07:43:03] INFO: GET /summary | {"status":304,"duration":"2ms","query":{"year":"2026","month":"1"}}
[2026-02-06 07:43:05] INFO: Starting bulk penalty calculation | {"context":"PenaltyService","year":2026,"month":1}
[2026-02-06 07:43:05] DEBUG: Penalty calculated | {"context":"PenaltyService","employeeId":1,"employeeName":"ABDULHAY JUMANALIYEV","totalViolations":16,"totalFine":450000,"kpiZeroed":true,"kpiZeroedMonths":2,"carriedKpiMonths":0,"kpiAmount":10929226,"kpiResult":0,"terminationRecommended":true}
[2026-02-06 07:43:05] INFO: Penalty applied | {"context":"PenaltyService","penaltyId":1,"employeeId":1,"totalFine":450000,"kpiZeroed":true}
[2026-02-06 07:43:05] DEBUG: Penalty calculated | {"context":"PenaltyService","employeeId":2,"employeeName":"XUSNIDDIN GANIYEV","totalViolations":16,"totalFine":450000,"kpiZeroed":true,"kpiZeroedMonths":2,"carriedKpiMonths":0,"kpiAmount":13350463,"kpiResult":0,"terminationRecommended":true}
[2026-02-06 07:43:05] INFO: Penalty applied | {"context":"PenaltyService","penaltyId":2,"employeeId":2,"totalFine":450000,"kpiZeroed":true}
[2026-02-06 07:43:05] DEBUG: Penalty calculated | {"context":"PenaltyService","employeeId":3,"employeeName":"VALENTINA ATAXANOVA","totalViolations":6,"totalFine":450000,"kpiZeroed":true,"kpiZeroedMonths":2,"carriedKpiMonths":0,"kpiAmount":13534418,"kpiResult":0,"terminationRecommended":true}
[2026-02-06 07:43:05] INFO: Penalty applied | {"context":"PenaltyService","penaltyId":3,"employeeId":3,"totalFine":450000,"kpiZeroed":true}
[2026-02-06 07:43:05] DEBUG: Penalty calculated | {"context":"PenaltyService","employeeId":4,"employeeName":"MURODJON  VAXOBOVICH DJALILOV","totalViolations":15,"totalFine":450000,"kpiZeroed":true,"kpiZeroedMonths":2,"carriedKpiMonths":0,"kpiAmount":14484865,"kpiResult":0,"terminationRecommended":true}
[2026-02-06 07:43:05] INFO: Penalty applied | {"context":"PenaltyService","penaltyId":4,"employeeId":4,"totalFine":450000,"kpiZeroed":true}
[2026-02-06 07:43:05] DEBUG: Penalty calculated | {"context":"PenaltyService","employeeId":5,"employeeName":"RUSTAMJON MUXSIMOV","totalViolations":11,"totalFine":450000,"kpiZeroed":true,"kpiZeroedMonths":2,"carriedKpiMonths":0,"kpiAmount":11423062,"kpiResult":0,"terminationRecommended":true}
[2026-02-06 07:43:06] INFO: Penalty applied | {"context":"PenaltyService","penaltyId":5,"employeeId":5,"totalFine":450000,"kpiZeroed":true}
[2026-02-06 07:43:06] DEBUG: Penalty calculated | {"context":"PenaltyService","employeeId":6,"employeeName":"FERUZA SOBIRJONOVA","totalViolations":13,"totalFine":450000,"kpiZeroed":true,"kpiZeroedMonths":2,"carriedKpiMonths":0,"kpiAmount":12659890,"kpiResult":0,"terminationRecommended":true}
[2026-02-06 07:43:06] INFO: Penalty applied | {"context":"PenaltyService","penaltyId":6,"employeeId":6,"totalFine":450000,"kpiZeroed":true}
[2026-02-06 07:43:06] DEBUG: Penalty calculated | {"context":"PenaltyService","employeeId":7,"employeeName":"ANVAR  SHAXARSHAMOV","totalViolations":15,"totalFine":450000,"kpiZeroed":true,"kpiZeroedMonths":2,"carriedKpiMonths":0,"kpiAmount":10590169,"kpiResult":0,"terminationRecommended":true}
[2026-02-06 07:43:06] INFO: Penalty applied | {"context":"PenaltyService","penaltyId":7,"employeeId":7,"totalFine":450000,"kpiZeroed":true}
[2026-02-06 07:43:06] DEBUG: Penalty calculated | {"context":"PenaltyService","employeeId":8,"employeeName":"FERUZA KARIMOVA","totalViolations":15,"totalFine":450000,"kpiZeroed":true,"kpiZeroedMonths":2,"carriedKpiMonths":0,"kpiAmount":12261601,"kpiResult":0,"terminationRecommended":true}
[2026-02-06 07:43:06] INFO: Penalty applied | {"context":"PenaltyService","penaltyId":8,"employeeId":8,"totalFine":450000,"kpiZeroed":true}
[2026-02-06 07:43:06] DEBUG: Penalty calculated | {"context":"PenaltyService","employeeId":9,"employeeName":"SANJAR ABDURAXIMOV","totalViolations":15,"totalFine":450000,"kpiZeroed":true,"kpiZeroedMonths":2,"carriedKpiMonths":0,"kpiAmount":11592344,"kpiResult":0,"terminationRecommended":true}
[2026-02-06 07:43:06] INFO: Penalty applied | {"context":"PenaltyService","penaltyId":9,"employeeId":9,"totalFine":450000,"kpiZeroed":true}
[2026-02-06 07:43:06] DEBUG: Penalty calculated | {"context":"PenaltyService","employeeId":10,"employeeName":"IBROXIM  MAXMUDJONOV","totalViolations":7,"totalFine":450000,"kpiZeroed":true,"kpiZeroedMonths":2,"carriedKpiMonths":0,"kpiAmount":14108875,"kpiResult":0,"terminationRecommended":true}
[2026-02-06 07:43:06] INFO: Penalty applied | {"context":"PenaltyService","penaltyId":10,"employeeId":10,"totalFine":450000,"kpiZeroed":true}
[2026-02-06 07:43:06] DEBUG: Penalty calculated | {"context":"PenaltyService","employeeId":11,"employeeName":"BAXROM  NAZARALIYEV","totalViolations":15,"totalFine":450000,"kpiZeroed":true,"kpiZeroedMonths":2,"carriedKpiMonths":0,"kpiAmount":13393260,"kpiResult":0,"terminationRecommended":true}
[2026-02-06 07:43:06] INFO: Penalty applied | {"context":"PenaltyService","penaltyId":11,"employeeId":11,"totalFine":450000,"kpiZeroed":true}
[2026-02-06 07:43:06] DEBUG: Penalty calculated | {"context":"PenaltyService","employeeId":12,"employeeName":"DILMUROD  BEKMUXAMEDOV","totalViolations":8,"totalFine":450000,"kpiZeroed":true,"kpiZeroedMonths":2,"carriedKpiMonths":0,"kpiAmount":10317434,"kpiResult":0,"terminationRecommended":true}
[2026-02-06 07:43:06] INFO: Penalty applied | {"context":"PenaltyService","penaltyId":12,"employeeId":12,"totalFine":450000,"kpiZeroed":true}
[2026-02-06 07:43:06] DEBUG: Penalty calculated | {"context":"PenaltyService","employeeId":13,"employeeName":"HUSNIDDIN UMARALIYEV","totalViolations":15,"totalFine":450000,"kpiZeroed":true,"kpiZeroedMonths":2,"carriedKpiMonths":0,"kpiAmount":11017412,"kpiResult":0,"terminationRecommended":true}
[2026-02-06 07:43:06] INFO: Penalty applied | {"context":"PenaltyService","penaltyId":13,"employeeId":13,"totalFine":450000,"kpiZeroed":true}
[2026-02-06 07:43:06] DEBUG: Penalty calculated | {"context":"PenaltyService","employeeId":14,"employeeName":"MIRAKROM NIZOMOV","totalViolations":15,"totalFine":450000,"kpiZeroed":true,"kpiZeroedMonths":2,"carriedKpiMonths":0,"kpiAmount":10517127,"kpiResult":0,"terminationRecommended":true}
[2026-02-06 07:43:06] INFO: Penalty applied | {"context":"PenaltyService","penaltyId":14,"employeeId":14,"totalFine":450000,"kpiZeroed":true}
[2026-02-06 07:43:06] DEBUG: Penalty calculated | {"context":"PenaltyService","employeeId":15,"employeeName":"ZULAYXO PAZLIDDINOVA","totalViolations":11,"totalFine":450000,"kpiZeroed":true,"kpiZeroedMonths":2,"carriedKpiMonths":0,"kpiAmount":14300572,"kpiResult":0,"terminationRecommended":true}
[2026-02-06 07:43:06] INFO: Penalty applied | {"context":"PenaltyService","penaltyId":15,"employeeId":15,"totalFine":450000,"kpiZeroed":true}
[2026-02-06 07:43:06] DEBUG: Penalty calculated | {"context":"PenaltyService","employeeId":16,"employeeName":"KSENIYA KIM","totalViolations":15,"totalFine":450000,"kpiZeroed":true,"kpiZeroedMonths":2,"carriedKpiMonths":0,"kpiAmount":13412933,"kpiResult":0,"terminationRecommended":true}
[2026-02-06 07:43:06] INFO: Penalty applied | {"context":"PenaltyService","penaltyId":16,"employeeId":16,"totalFine":450000,"kpiZeroed":true}
[2026-02-06 07:43:06] DEBUG: Penalty calculated | {"context":"PenaltyService","employeeId":17,"employeeName":"MURODJON YAKUBJANOV","totalViolations":15,"totalFine":450000,"kpiZeroed":true,"kpiZeroedMonths":2,"carriedKpiMonths":0,"kpiAmount":14777915,"kpiResult":0,"terminationRecommended":true}
[2026-02-06 07:43:06] INFO: Penalty applied | {"context":"PenaltyService","penaltyId":17,"employeeId":17,"totalFine":450000,"kpiZeroed":true}
[2026-02-06 07:43:06] DEBUG: Penalty calculated | {"context":"PenaltyService","employeeId":18,"employeeName":"RAVSHAN KARIMOV","totalViolations":8,"totalFine":450000,"kpiZeroed":true,"kpiZeroedMonths":2,"carriedKpiMonths":0,"kpiAmount":12111080,"kpiResult":0,"terminationRecommended":true}
[2026-02-06 07:43:06] INFO: Penalty applied | {"context":"PenaltyService","penaltyId":18,"employeeId":18,"totalFine":450000,"kpiZeroed":true}
[2026-02-06 07:43:06] DEBUG: Penalty calculated | {"context":"PenaltyService","employeeId":19,"employeeName":"SEVARA  ABDURAXIMOVA","totalViolations":6,"totalFine":450000,"kpiZeroed":true,"kpiZeroedMonths":2,"carriedKpiMonths":0,"kpiAmount":14099812,"kpiResult":0,"terminationRecommended":true}
[2026-02-06 07:43:06] INFO: Penalty applied | {"context":"PenaltyService","penaltyId":19,"employeeId":19,"totalFine":450000,"kpiZeroed":true}
[2026-02-06 07:43:06] DEBUG: Penalty calculated | {"context":"PenaltyService","employeeId":20,"employeeName":"ELENA SMETOVA","totalViolations":15,"totalFine":450000,"kpiZeroed":true,"kpiZeroedMonths":2,"carriedKpiMonths":0,"kpiAmount":14823957,"kpiResult":0,"terminationRecommended":true}
[2026-02-06 07:43:06] INFO: Penalty applied | {"context":"PenaltyService","penaltyId":20,"employeeId":20,"totalFine":450000,"kpiZeroed":true}
[2026-02-06 07:43:06] DEBUG: Penalty calculated | {"context":"PenaltyService","employeeId":21,"employeeName":"ROBIYA XASANOVA","totalViolations":3,"totalFine":450000,"kpiZeroed":false,"kpiZeroedMonths":0,"carriedKpiMonths":0,"kpiAmount":12639752,"kpiResult":12189752,"terminationRecommended":false}
[2026-02-06 07:43:06] INFO: Penalty applied | {"context":"PenaltyService","penaltyId":21,"employeeId":21,"totalFine":450000,"kpiZeroed":false}
[2026-02-06 07:43:06] DEBUG: Penalty calculated | {"context":"PenaltyService","employeeId":22,"employeeName":"SARDORBEK ABDURAXMONOV","totalViolations":15,"totalFine":450000,"kpiZeroed":true,"kpiZeroedMonths":2,"carriedKpiMonths":0,"kpiAmount":14410655,"kpiResult":0,"terminationRecommended":true}
[2026-02-06 07:43:06] INFO: Penalty applied | {"context":"PenaltyService","penaltyId":22,"employeeId":22,"totalFine":450000,"kpiZeroed":true}
[2026-02-06 07:43:06] DEBUG: Penalty calculated | {"context":"PenaltyService","employeeId":23,"employeeName":"SAIDA SAGDULLAYEVA","totalViolations":8,"totalFine":450000,"kpiZeroed":true,"kpiZeroedMonths":2,"carriedKpiMonths":0,"kpiAmount":11313727,"kpiResult":0,"terminationRecommended":true}
[2026-02-06 07:43:06] INFO: Penalty applied | {"context":"PenaltyService","penaltyId":23,"employeeId":23,"totalFine":450000,"kpiZeroed":true}
[2026-02-06 07:43:06] DEBUG: Penalty calculated | {"context":"PenaltyService","employeeId":24,"employeeName":"SIROJ KADIROV","totalViolations":3,"totalFine":450000,"kpiZeroed":false,"kpiZeroedMonths":0,"carriedKpiMonths":0,"kpiAmount":10247511,"kpiResult":9797511,"terminationRecommended":false}
[2026-02-06 07:43:06] INFO: Penalty applied | {"context":"PenaltyService","penaltyId":24,"employeeId":24,"totalFine":450000,"kpiZeroed":false}
[2026-02-06 07:43:06] DEBUG: Penalty calculated | {"context":"PenaltyService","employeeId":25,"employeeName":"SARVINOZ MAMATKULOVA","totalViolations":7,"totalFine":450000,"kpiZeroed":true,"kpiZeroedMonths":2,"carriedKpiMonths":0,"kpiAmount":13111037,"kpiResult":0,"terminationRecommended":true}
[2026-02-06 07:43:06] INFO: Penalty applied | {"context":"PenaltyService","penaltyId":25,"employeeId":25,"totalFine":450000,"kpiZeroed":true}
[2026-02-06 07:43:06] DEBUG: Penalty calculated | {"context":"PenaltyService","employeeId":26,"employeeName":"VALENTINA TRUSHKOVA","totalViolations":15,"totalFine":450000,"kpiZeroed":true,"kpiZeroedMonths":2,"carriedKpiMonths":0,"kpiAmount":14637634,"kpiResult":0,"terminationRecommended":true}
[2026-02-06 07:43:06] INFO: Penalty applied | {"context":"PenaltyService","penaltyId":26,"employeeId":26,"totalFine":450000,"kpiZeroed":true}
[2026-02-06 07:43:06] DEBUG: Penalty calculated | {"context":"PenaltyService","employeeId":27,"employeeName":"DILMUROD YOQUBOV","totalViolations":5,"totalFine":450000,"kpiZeroed":true,"kpiZeroedMonths":2,"carriedKpiMonths":0,"kpiAmount":14455287,"kpiResult":0,"terminationRecommended":false}
[2026-02-06 07:43:06] INFO: Penalty applied | {"context":"PenaltyService","penaltyId":27,"employeeId":27,"totalFine":450000,"kpiZeroed":true}
[2026-02-06 07:43:06] DEBUG: Penalty calculated | {"context":"PenaltyService","employeeId":28,"employeeName":"ABDULBOSIT TO'YCHIYEV","totalViolations":15,"totalFine":450000,"kpiZeroed":true,"kpiZeroedMonths":2,"carriedKpiMonths":0,"kpiAmount":12825026,"kpiResult":0,"terminationRecommended":true}
[2026-02-06 07:43:06] INFO: Penalty applied | {"context":"PenaltyService","penaltyId":28,"employeeId":28,"totalFine":450000,"kpiZeroed":true}
[2026-02-06 07:43:06] DEBUG: Penalty calculated | {"context":"PenaltyService","employeeId":29,"employeeName":"SANOBARXON ERGASHEVA","totalViolations":15,"totalFine":450000,"kpiZeroed":true,"kpiZeroedMonths":2,"carriedKpiMonths":0,"kpiAmount":14340010,"kpiResult":0,"terminationRecommended":true}
[2026-02-06 07:43:06] INFO: Penalty applied | {"context":"PenaltyService","penaltyId":29,"employeeId":29,"totalFine":450000,"kpiZeroed":true}
[2026-02-06 07:43:06] DEBUG: Penalty calculated | {"context":"PenaltyService","employeeId":30,"employeeName":"KAMOLIDDIN ATAQULOV","totalViolations":6,"totalFine":450000,"kpiZeroed":true,"kpiZeroedMonths":2,"carriedKpiMonths":0,"kpiAmount":12348708,"kpiResult":0,"terminationRecommended":true}
[2026-02-06 07:43:06] INFO: Penalty applied | {"context":"PenaltyService","penaltyId":30,"employeeId":30,"totalFine":450000,"kpiZeroed":true}
[2026-02-06 07:43:06] DEBUG: Penalty calculated | {"context":"PenaltyService","employeeId":31,"employeeName":"MAKSIM GARMASH","totalViolations":15,"totalFine":450000,"kpiZeroed":true,"kpiZeroedMonths":2,"carriedKpiMonths":0,"kpiAmount":10499967,"kpiResult":0,"terminationRecommended":true}
[2026-02-06 07:43:06] INFO: Penalty applied | {"context":"PenaltyService","penaltyId":31,"employeeId":31,"totalFine":450000,"kpiZeroed":true}
[2026-02-06 07:43:06] DEBUG: Penalty calculated | {"context":"PenaltyService","employeeId":32,"employeeName":"KAROLINA ALAKINA","totalViolations":4,"totalFine":450000,"kpiZeroed":true,"kpiZeroedMonths":1,"carriedKpiMonths":0,"kpiAmount":14037580,"kpiResult":0,"terminationRecommended":false}
[2026-02-06 07:43:06] INFO: Penalty applied | {"context":"PenaltyService","penaltyId":32,"employeeId":32,"totalFine":450000,"kpiZeroed":true}
[2026-02-06 07:43:06] DEBUG: Penalty calculated | {"context":"PenaltyService","employeeId":33,"employeeName":"AVAZJON MO'MINJON O'G'L MIRZAYEV","totalViolations":2,"totalFine":250000,"kpiZeroed":false,"kpiZeroedMonths":0,"carriedKpiMonths":0,"kpiAmount":13718310,"kpiResult":13468310,"terminationRecommended":false}
[2026-02-06 07:43:06] INFO: Penalty applied | {"context":"PenaltyService","penaltyId":33,"employeeId":33,"totalFine":250000,"kpiZeroed":false}
[2026-02-06 07:43:06] DEBUG: Penalty calculated | {"context":"PenaltyService","employeeId":34,"employeeName":"SIROJ O'RINBOYEV","totalViolations":9,"totalFine":450000,"kpiZeroed":true,"kpiZeroedMonths":2,"carriedKpiMonths":0,"kpiAmount":13848312,"kpiResult":0,"terminationRecommended":true}
[2026-02-06 07:43:06] INFO: Penalty applied | {"context":"PenaltyService","penaltyId":34,"employeeId":34,"totalFine":450000,"kpiZeroed":true}
[2026-02-06 07:43:06] DEBUG: Penalty calculated | {"context":"PenaltyService","employeeId":35,"employeeName":"FERUZAXON AZIZALIYEVA","totalViolations":7,"totalFine":450000,"kpiZeroed":true,"kpiZeroedMonths":2,"carriedKpiMonths":0,"kpiAmount":11352353,"kpiResult":0,"terminationRecommended":true}
[2026-02-06 07:43:06] INFO: Penalty applied | {"context":"PenaltyService","penaltyId":35,"employeeId":35,"totalFine":450000,"kpiZeroed":true}
[2026-02-06 07:43:06] DEBUG: Penalty calculated | {"context":"PenaltyService","employeeId":36,"employeeName":"PARIZODA FAYZULLAYEVA","totalViolations":16,"totalFine":450000,"kpiZeroed":true,"kpiZeroedMonths":2,"carriedKpiMonths":0,"kpiAmount":12710467,"kpiResult":0,"terminationRecommended":true}
[2026-02-06 07:43:06] INFO: Penalty applied | {"context":"PenaltyService","penaltyId":36,"employeeId":36,"totalFine":450000,"kpiZeroed":true}
[2026-02-06 07:43:06] DEBUG: Penalty calculated | {"context":"PenaltyService","employeeId":37,"employeeName":"ELNORA DANIYAROVA","totalViolations":9,"totalFine":450000,"kpiZeroed":true,"kpiZeroedMonths":2,"carriedKpiMonths":0,"kpiAmount":11948541,"kpiResult":0,"terminationRecommended":true}
[2026-02-06 07:43:06] INFO: Penalty applied | {"context":"PenaltyService","penaltyId":37,"employeeId":37,"totalFine":450000,"kpiZeroed":true}
[2026-02-06 07:43:06] DEBUG: Penalty calculated | {"context":"PenaltyService","employeeId":38,"employeeName":"MADINABONU XAMIDOVA","totalViolations":15,"totalFine":450000,"kpiZeroed":true,"kpiZeroedMonths":2,"carriedKpiMonths":0,"kpiAmount":13527195,"kpiResult":0,"terminationRecommended":true}
[2026-02-06 07:43:06] INFO: Penalty applied | {"context":"PenaltyService","penaltyId":38,"employeeId":38,"totalFine":450000,"kpiZeroed":true}
[2026-02-06 07:43:06] DEBUG: Penalty calculated | {"context":"PenaltyService","employeeId":39,"employeeName":"JAMSHIDBEK ANVAROV","totalViolations":18,"totalFine":450000,"kpiZeroed":true,"kpiZeroedMonths":2,"carriedKpiMonths":0,"kpiAmount":12294386,"kpiResult":0,"terminationRecommended":true}
[2026-02-06 07:43:06] INFO: Penalty applied | {"context":"PenaltyService","penaltyId":39,"employeeId":39,"totalFine":450000,"kpiZeroed":true}
[2026-02-06 07:43:06] DEBUG: Penalty calculated | {"context":"PenaltyService","employeeId":40,"employeeName":"GAVXAR ABDUVALIYEVA","totalViolations":4,"totalFine":450000,"kpiZeroed":true,"kpiZeroedMonths":1,"carriedKpiMonths":0,"kpiAmount":11197983,"kpiResult":0,"terminationRecommended":false}
[2026-02-06 07:43:06] INFO: Penalty applied | {"context":"PenaltyService","penaltyId":40,"employeeId":40,"totalFine":450000,"kpiZeroed":true}
[2026-02-06 07:43:06] DEBUG: Penalty calculated | {"context":"PenaltyService","employeeId":41,"employeeName":"BOBURJON SHOKIROV","totalViolations":6,"totalFine":450000,"kpiZeroed":true,"kpiZeroedMonths":2,"carriedKpiMonths":0,"kpiAmount":13368156,"kpiResult":0,"terminationRecommended":true}
[2026-02-06 07:43:06] INFO: Penalty applied | {"context":"PenaltyService","penaltyId":41,"employeeId":41,"totalFine":450000,"kpiZeroed":true}
[2026-02-06 07:43:06] DEBUG: Penalty calculated | {"context":"PenaltyService","employeeId":42,"employeeName":"ODINA SULTONOVA","totalViolations":15,"totalFine":450000,"kpiZeroed":true,"kpiZeroedMonths":2,"carriedKpiMonths":0,"kpiAmount":12235227,"kpiResult":0,"terminationRecommended":true}
[2026-02-06 07:43:06] INFO: Penalty applied | {"context":"PenaltyService","penaltyId":42,"employeeId":42,"totalFine":450000,"kpiZeroed":true}
[2026-02-06 07:43:06] DEBUG: Penalty calculated | {"context":"PenaltyService","employeeId":43,"employeeName":"MAXIRA USMONOVA","totalViolations":6,"totalFine":450000,"kpiZeroed":true,"kpiZeroedMonths":2,"carriedKpiMonths":0,"kpiAmount":11614694,"kpiResult":0,"terminationRecommended":true}
[2026-02-06 07:43:06] INFO: Penalty applied | {"context":"PenaltyService","penaltyId":43,"employeeId":43,"totalFine":450000,"kpiZeroed":true}
[2026-02-06 07:43:06] DEBUG: Penalty calculated | {"context":"PenaltyService","employeeId":44,"employeeName":"CHAROS SHUKURJONOVA","totalViolations":16,"totalFine":450000,"kpiZeroed":true,"kpiZeroedMonths":2,"carriedKpiMonths":0,"kpiAmount":11717210,"kpiResult":0,"terminationRecommended":true}
[2026-02-06 07:43:06] INFO: Penalty applied | {"context":"PenaltyService","penaltyId":44,"employeeId":44,"totalFine":450000,"kpiZeroed":true}
[2026-02-06 07:43:06] DEBUG: Penalty calculated | {"context":"PenaltyService","employeeId":45,"employeeName":"AZAMAT XODJAYEV","totalViolations":4,"totalFine":450000,"kpiZeroed":true,"kpiZeroedMonths":1,"carriedKpiMonths":0,"kpiAmount":13973468,"kpiResult":0,"terminationRecommended":false}
[2026-02-06 07:43:06] INFO: Penalty applied | {"context":"PenaltyService","penaltyId":45,"employeeId":45,"totalFine":450000,"kpiZeroed":true}
[2026-02-06 07:43:06] DEBUG: Penalty calculated | {"context":"PenaltyService","employeeId":46,"employeeName":"VALERIYA BURXONOVA","totalViolations":7,"totalFine":450000,"kpiZeroed":true,"kpiZeroedMonths":2,"carriedKpiMonths":0,"kpiAmount":13941357,"kpiResult":0,"terminationRecommended":true}
[2026-02-06 07:43:06] INFO: Penalty applied | {"context":"PenaltyService","penaltyId":46,"employeeId":46,"totalFine":450000,"kpiZeroed":true}
[2026-02-06 07:43:06] DEBUG: Penalty calculated | {"context":"PenaltyService","employeeId":47,"employeeName":"SAIDXON QILICHOV","totalViolations":4,"totalFine":450000,"kpiZeroed":true,"kpiZeroedMonths":1,"carriedKpiMonths":0,"kpiAmount":10413980,"kpiResult":0,"terminationRecommended":false}
[2026-02-06 07:43:06] INFO: Penalty applied | {"context":"PenaltyService","penaltyId":47,"employeeId":47,"totalFine":450000,"kpiZeroed":true}
[2026-02-06 07:43:06] DEBUG: Penalty calculated | {"context":"PenaltyService","employeeId":48,"employeeName":"OTABEK BURXONOV","totalViolations":15,"totalFine":450000,"kpiZeroed":true,"kpiZeroedMonths":2,"carriedKpiMonths":0,"kpiAmount":14513983,"kpiResult":0,"terminationRecommended":true}
[2026-02-06 07:43:06] INFO: Penalty applied | {"context":"PenaltyService","penaltyId":48,"employeeId":48,"totalFine":450000,"kpiZeroed":true}
[2026-02-06 07:43:06] DEBUG: Penalty calculated | {"context":"PenaltyService","employeeId":49,"employeeName":"SHOIRA ALLANUROVA","totalViolations":2,"totalFine":250000,"kpiZeroed":false,"kpiZeroedMonths":0,"carriedKpiMonths":0,"kpiAmount":11675674,"kpiResult":11425674,"terminationRecommended":false}
[2026-02-06 07:43:06] INFO: Penalty applied | {"context":"PenaltyService","penaltyId":49,"employeeId":49,"totalFine":250000,"kpiZeroed":false}
[2026-02-06 07:43:06] DEBUG: Penalty calculated | {"context":"PenaltyService","employeeId":50,"employeeName":"ZAMIR BILALOV","totalViolations":8,"totalFine":450000,"kpiZeroed":true,"kpiZeroedMonths":2,"carriedKpiMonths":0,"kpiAmount":13046034,"kpiResult":0,"terminationRecommended":true}
[2026-02-06 07:43:06] INFO: Penalty applied | {"context":"PenaltyService","penaltyId":50,"employeeId":50,"totalFine":450000,"kpiZeroed":true}
[2026-02-06 07:43:06] DEBUG: Penalty calculated | {"context":"PenaltyService","employeeId":51,"employeeName":"VIOLETTA KOZINA","totalViolations":4,"totalFine":450000,"kpiZeroed":true,"kpiZeroedMonths":1,"carriedKpiMonths":0,"kpiAmount":10699162,"kpiResult":0,"terminationRecommended":false}
[2026-02-06 07:43:06] INFO: Penalty applied | {"context":"PenaltyService","penaltyId":51,"employeeId":51,"totalFine":450000,"kpiZeroed":true}
[2026-02-06 07:43:06] DEBUG: Penalty calculated | {"context":"PenaltyService","employeeId":52,"employeeName":"RAXMAT KARIYEV","totalViolations":6,"totalFine":450000,"kpiZeroed":true,"kpiZeroedMonths":2,"carriedKpiMonths":0,"kpiAmount":10894061,"kpiResult":0,"terminationRecommended":true}
[2026-02-06 07:43:06] INFO: Penalty applied | {"context":"PenaltyService","penaltyId":52,"employeeId":52,"totalFine":450000,"kpiZeroed":true}
[2026-02-06 07:43:06] DEBUG: Penalty calculated | {"context":"PenaltyService","employeeId":53,"employeeName":"AZIZ ZAKIROV","totalViolations":16,"totalFine":450000,"kpiZeroed":true,"kpiZeroedMonths":2,"carriedKpiMonths":0,"kpiAmount":12900908,"kpiResult":0,"terminationRecommended":true}
[2026-02-06 07:43:06] INFO: Penalty applied | {"context":"PenaltyService","penaltyId":53,"employeeId":53,"totalFine":450000,"kpiZeroed":true}
[2026-02-06 07:43:06] DEBUG: Penalty calculated | {"context":"PenaltyService","employeeId":54,"employeeName":"YULDUZ XASANOVA","totalViolations":2,"totalFine":250000,"kpiZeroed":false,"kpiZeroedMonths":0,"carriedKpiMonths":0,"kpiAmount":11145625,"kpiResult":10895625,"terminationRecommended":false}
[2026-02-06 07:43:06] INFO: Penalty applied | {"context":"PenaltyService","penaltyId":54,"employeeId":54,"totalFine":250000,"kpiZeroed":false}
[2026-02-06 07:43:06] DEBUG: Penalty calculated | {"context":"PenaltyService","employeeId":55,"employeeName":"FARIDA AYTMURATOVA","totalViolations":2,"totalFine":250000,"kpiZeroed":false,"kpiZeroedMonths":0,"carriedKpiMonths":0,"kpiAmount":13124509,"kpiResult":12874509,"terminationRecommended":false}
[2026-02-06 07:43:06] INFO: Penalty applied | {"context":"PenaltyService","penaltyId":55,"employeeId":55,"totalFine":250000,"kpiZeroed":false}
[2026-02-06 07:43:06] DEBUG: Penalty calculated | {"context":"PenaltyService","employeeId":56,"employeeName":"LAZIZXON MAXAMADJONOV","totalViolations":1,"totalFine":100000,"kpiZeroed":false,"kpiZeroedMonths":0,"carriedKpiMonths":0,"kpiAmount":13738276,"kpiResult":13638276,"terminationRecommended":false}
[2026-02-06 07:43:06] INFO: Penalty applied | {"context":"PenaltyService","penaltyId":56,"employeeId":56,"totalFine":100000,"kpiZeroed":false}
[2026-02-06 07:43:06] DEBUG: Penalty calculated | {"context":"PenaltyService","employeeId":57,"employeeName":"EMIL APPAZOV","totalViolations":8,"totalFine":450000,"kpiZeroed":true,"kpiZeroedMonths":2,"carriedKpiMonths":0,"kpiAmount":14960619,"kpiResult":0,"terminationRecommended":true}
[2026-02-06 07:43:06] INFO: Penalty applied | {"context":"PenaltyService","penaltyId":57,"employeeId":57,"totalFine":450000,"kpiZeroed":true}
[2026-02-06 07:43:06] DEBUG: Penalty calculated | {"context":"PenaltyService","employeeId":58,"employeeName":"RUMIYA GORINA","totalViolations":6,"totalFine":450000,"kpiZeroed":true,"kpiZeroedMonths":2,"carriedKpiMonths":0,"kpiAmount":14088402,"kpiResult":0,"terminationRecommended":true}
[2026-02-06 07:43:06] INFO: Penalty applied | {"context":"PenaltyService","penaltyId":58,"employeeId":58,"totalFine":450000,"kpiZeroed":true}
[2026-02-06 07:43:06] DEBUG: Penalty calculated | {"context":"PenaltyService","employeeId":59,"employeeName":"OLGA PETROVA","totalViolations":2,"totalFine":250000,"kpiZeroed":false,"kpiZeroedMonths":0,"carriedKpiMonths":0,"kpiAmount":10803026,"kpiResult":10553026,"terminationRecommended":false}
[2026-02-06 07:43:07] INFO: Penalty applied | {"context":"PenaltyService","penaltyId":59,"employeeId":59,"totalFine":250000,"kpiZeroed":false}
[2026-02-06 07:43:07] DEBUG: Penalty calculated | {"context":"PenaltyService","employeeId":60,"employeeName":"NIGORA DJURABAYEVA","totalViolations":5,"totalFine":450000,"kpiZeroed":true,"kpiZeroedMonths":2,"carriedKpiMonths":0,"kpiAmount":14344155,"kpiResult":0,"terminationRecommended":false}
[2026-02-06 07:43:07] INFO: Penalty applied | {"context":"PenaltyService","penaltyId":60,"employeeId":60,"totalFine":450000,"kpiZeroed":true}
[2026-02-06 07:43:07] DEBUG: Penalty calculated | {"context":"PenaltyService","employeeId":61,"employeeName":"JAHONGIR SOATOV","totalViolations":2,"totalFine":250000,"kpiZeroed":false,"kpiZeroedMonths":0,"carriedKpiMonths":0,"kpiAmount":12797572,"kpiResult":12547572,"terminationRecommended":false}
[2026-02-06 07:43:07] INFO: Penalty applied | {"context":"PenaltyService","penaltyId":61,"employeeId":61,"totalFine":250000,"kpiZeroed":false}
[2026-02-06 07:43:07] DEBUG: Penalty calculated | {"context":"PenaltyService","employeeId":62,"employeeName":"SHAMSIDDIN JORAYEV","totalViolations":8,"totalFine":450000,"kpiZeroed":true,"kpiZeroedMonths":2,"carriedKpiMonths":0,"kpiAmount":13948088,"kpiResult":0,"terminationRecommended":true}
[2026-02-06 07:43:07] INFO: Penalty applied | {"context":"PenaltyService","penaltyId":62,"employeeId":62,"totalFine":450000,"kpiZeroed":true}
[2026-02-06 07:43:07] DEBUG: Penalty calculated | {"context":"PenaltyService","employeeId":63,"employeeName":"ENVER SULEYMANOV","totalViolations":7,"totalFine":450000,"kpiZeroed":true,"kpiZeroedMonths":2,"carriedKpiMonths":0,"kpiAmount":10429368,"kpiResult":0,"terminationRecommended":true}
[2026-02-06 07:43:07] INFO: Penalty applied | {"context":"PenaltyService","penaltyId":63,"employeeId":63,"totalFine":450000,"kpiZeroed":true}
[2026-02-06 07:43:07] DEBUG: Penalty calculated | {"context":"PenaltyService","employeeId":64,"employeeName":"RUSTAM AXMEDOV","totalViolations":2,"totalFine":250000,"kpiZeroed":false,"kpiZeroedMonths":0,"carriedKpiMonths":0,"kpiAmount":14071163,"kpiResult":13821163,"terminationRecommended":false}
[2026-02-06 07:43:07] INFO: Penalty applied | {"context":"PenaltyService","penaltyId":64,"employeeId":64,"totalFine":250000,"kpiZeroed":false}
[2026-02-06 07:43:07] DEBUG: Penalty calculated | {"context":"PenaltyService","employeeId":65,"employeeName":"ALBERT RINATOVICH","totalViolations":5,"totalFine":450000,"kpiZeroed":true,"kpiZeroedMonths":2,"carriedKpiMonths":0,"kpiAmount":10979569,"kpiResult":0,"terminationRecommended":false}
[2026-02-06 07:43:07] INFO: Penalty applied | {"context":"PenaltyService","penaltyId":65,"employeeId":65,"totalFine":450000,"kpiZeroed":true}
[2026-02-06 07:43:07] DEBUG: Penalty calculated | {"context":"PenaltyService","employeeId":66,"employeeName":"ALESYA STANIKOVA","totalViolations":3,"totalFine":450000,"kpiZeroed":false,"kpiZeroedMonths":0,"carriedKpiMonths":0,"kpiAmount":13680610,"kpiResult":13230610,"terminationRecommended":false}
[2026-02-06 07:43:07] INFO: Penalty applied | {"context":"PenaltyService","penaltyId":66,"employeeId":66,"totalFine":450000,"kpiZeroed":false}
[2026-02-06 07:43:07] DEBUG: Penalty calculated | {"context":"PenaltyService","employeeId":67,"employeeName":"AZIZA KASIMOVA","totalViolations":1,"totalFine":100000,"kpiZeroed":false,"kpiZeroedMonths":0,"carriedKpiMonths":0,"kpiAmount":10470069,"kpiResult":10370069,"terminationRecommended":false}
[2026-02-06 07:43:07] INFO: Penalty applied | {"context":"PenaltyService","penaltyId":67,"employeeId":67,"totalFine":100000,"kpiZeroed":false}
[2026-02-06 07:43:07] DEBUG: Penalty calculated | {"context":"PenaltyService","employeeId":68,"employeeName":"AZIZBEK ORTIQOV","totalViolations":15,"totalFine":450000,"kpiZeroed":true,"kpiZeroedMonths":2,"carriedKpiMonths":0,"kpiAmount":11526425,"kpiResult":0,"terminationRecommended":true}
[2026-02-06 07:43:07] INFO: Penalty applied | {"context":"PenaltyService","penaltyId":68,"employeeId":68,"totalFine":450000,"kpiZeroed":true}
[2026-02-06 07:43:07] DEBUG: Penalty calculated | {"context":"PenaltyService","employeeId":69,"employeeName":"ALEKSANDR KONONSEV","totalViolations":21,"totalFine":450000,"kpiZeroed":true,"kpiZeroedMonths":2,"carriedKpiMonths":0,"kpiAmount":13842180,"kpiResult":0,"terminationRecommended":true}
[2026-02-06 07:43:07] INFO: Penalty applied | {"context":"PenaltyService","penaltyId":69,"employeeId":69,"totalFine":450000,"kpiZeroed":true}
[2026-02-06 07:43:07] DEBUG: Penalty calculated | {"context":"PenaltyService","employeeId":70,"employeeName":"ILSUR XAYRUTDINOV","totalViolations":16,"totalFine":450000,"kpiZeroed":true,"kpiZeroedMonths":2,"carriedKpiMonths":0,"kpiAmount":11434696,"kpiResult":0,"terminationRecommended":true}
[2026-02-06 07:43:07] INFO: Penalty applied | {"context":"PenaltyService","penaltyId":70,"employeeId":70,"totalFine":450000,"kpiZeroed":true}
[2026-02-06 07:43:07] DEBUG: Penalty calculated | {"context":"PenaltyService","employeeId":71,"employeeName":"VLADIMIR ZAYSEV","totalViolations":12,"totalFine":450000,"kpiZeroed":true,"kpiZeroedMonths":2,"carriedKpiMonths":0,"kpiAmount":14273314,"kpiResult":0,"terminationRecommended":true}
[2026-02-06 07:43:07] INFO: Penalty applied | {"context":"PenaltyService","penaltyId":71,"employeeId":71,"totalFine":450000,"kpiZeroed":true}
[2026-02-06 07:43:07] DEBUG: Penalty calculated | {"context":"PenaltyService","employeeId":72,"employeeName":"EZOZA TURGUNOVA","totalViolations":17,"totalFine":450000,"kpiZeroed":true,"kpiZeroedMonths":2,"carriedKpiMonths":0,"kpiAmount":12179092,"kpiResult":0,"terminationRecommended":true}
[2026-02-06 07:43:07] INFO: Penalty applied | {"context":"PenaltyService","penaltyId":72,"employeeId":72,"totalFine":450000,"kpiZeroed":true}
[2026-02-06 07:43:07] DEBUG: Penalty calculated | {"context":"PenaltyService","employeeId":73,"employeeName":"BURXON SAMADOV","totalViolations":15,"totalFine":450000,"kpiZeroed":true,"kpiZeroedMonths":2,"carriedKpiMonths":0,"kpiAmount":10589409,"kpiResult":0,"terminationRecommended":true}
[2026-02-06 07:43:07] INFO: Penalty applied | {"context":"PenaltyService","penaltyId":73,"employeeId":73,"totalFine":450000,"kpiZeroed":true}
[2026-02-06 07:43:07] DEBUG: Penalty calculated | {"context":"PenaltyService","employeeId":74,"employeeName":"AZODA MINGAZITDINOVA","totalViolations":1,"totalFine":100000,"kpiZeroed":false,"kpiZeroedMonths":0,"carriedKpiMonths":0,"kpiAmount":14170545,"kpiResult":14070545,"terminationRecommended":false}
[2026-02-06 07:43:07] INFO: Penalty applied | {"context":"PenaltyService","penaltyId":74,"employeeId":74,"totalFine":100000,"kpiZeroed":false}
[2026-02-06 07:43:07] INFO: Bulk penalty calculation completed | {"context":"PenaltyService","year":2026,"month":1,"totalEmployees":74,"totalFines":30850000,"kpiZeroed":61,"terminations":53}
[2026-02-06 07:43:07] INFO: Penalties calculated | {"context":"PenaltyAPI","year":2026,"month":1,"totalEmployees":74,"employeesWithFines":74,"totalFineAmount":30850000,"kpiZeroedCount":61,"terminationCount":53}
[2026-02-06 07:43:07] INFO: POST /calculate | {"status":200,"duration":"1448ms"}
[2026-02-06 07:43:07] INFO: Applied penalties fetched | {"context":"PenaltyAPI","year":"2026","month":"1","count":74}
[2026-02-06 07:43:07] INFO: GET / | {"status":200,"duration":"9ms","query":{"year":"2026","month":"1"}}
[2026-02-06 07:43:07] INFO: Penalty summary fetched | {"context":"PenaltyAPI","year":"2026","month":"1","totalEmployees":74,"employeesWithFines":74,"totalFineAmount":30850000,"kpiZeroedCount":61,"terminationCount":53}
[2026-02-06 07:43:07] INFO: GET /summary | {"status":304,"duration":"3ms","query":{"year":"2026","month":"1"}}
[2026-02-06 07:43:37] INFO: Compensation records fetched | {"context":"CompensationAPI","count":0,"year":"2026","month":"2"}
[2026-02-06 07:43:37] INFO: GET / | {"status":304,"duration":"3ms","query":{"year":"2026","month":"2"}}
[2026-02-06 07:43:37] INFO: Compensation records fetched | {"context":"CompensationAPI","count":0,"year":"2026","month":"2"}
[2026-02-06 07:43:37] INFO: GET / | {"status":304,"duration":"2ms","query":{"year":"2026","month":"2"}}
[2026-02-06 07:43:40] INFO: GET / | {"status":200,"duration":"4ms","query":{"year":"2026","month":"2"}}
[2026-02-06 07:43:40] INFO: GET / | {"status":304,"duration":"2ms","query":{"year":"2026","month":"2"}}
[2026-02-06 07:43:44] INFO: GET /api/settings | {"status":404,"duration":"2ms"}
[2026-02-06 07:43:44] INFO: GET /api/settings | {"status":404,"duration":"0ms"}
[2026-02-06 07:43:44] INFO: GET /stats | {"status":200,"duration":"3ms"}
[2026-02-06 07:43:44] INFO: GET /stats | {"status":304,"duration":"3ms"}
[2026-02-06 07:43:50] INFO: PUT /api/settings/lunch_break_minutes | {"status":404,"duration":"0ms"}
[2026-02-06 07:43:50] INFO: PUT /api/settings/max_salary_deduction_percent | {"status":404,"duration":"1ms"}
[2026-02-06 07:43:55] INFO: GET / | {"status":304,"duration":"1ms","query":{"year":"2026","month":"2"}}
[2026-02-06 07:43:55] INFO: GET / | {"status":304,"duration":"1ms","query":{"year":"2026","month":"2"}}
[2026-02-06 07:43:58] INFO: GET / | {"status":200,"duration":"1ms","query":{"year":"2026","month":"1"}}
[2026-02-06 07:44:00] INFO: POST /calculate | {"status":500,"duration":"19ms"}
[2026-02-06 07:46:08] DEBUG: Getting list of all tables | {"context":"DBExplorerAPI"}
[2026-02-06 07:46:08] INFO: GET /tables | {"status":200,"duration":"7ms"}
[2026-02-06 07:46:08] DEBUG: Getting list of all tables | {"context":"DBExplorerAPI"}
[2026-02-06 07:46:08] INFO: GET /tables | {"status":304,"duration":"6ms"}
[2026-02-06 07:46:11] DEBUG: Getting table data | {"context":"DBExplorerAPI","tableName":"work_schedules","limit":50,"offset":0}
[2026-02-06 07:46:11] INFO: GET /tables/work_schedules | {"status":200,"duration":"4ms","query":{"limit":"50","offset":"0"}}
[2026-02-06 07:46:27] DEBUG: Getting table data | {"context":"DBExplorerAPI","tableName":"schedule_exceptions","limit":50,"offset":0}
[2026-02-06 07:46:27] INFO: GET /tables/schedule_exceptions | {"status":200,"duration":"3ms","query":{"limit":"50","offset":"0"}}
[2026-02-06 07:46:39] INFO: GET / | {"status":304,"duration":"3ms"}
[2026-02-06 07:46:39] INFO: GET / | {"status":304,"duration":"1ms"}
[2026-02-06 07:46:39] INFO: GET / | {"status":304,"duration":"2ms"}
[2026-02-06 07:46:39] INFO: GET / | {"status":304,"duration":"1ms"}
[2026-02-06 07:46:39] INFO: GET / | {"status":304,"duration":"6ms","query":{"limit":"1000"}}
[2026-02-06 07:46:39] INFO: GET / | {"status":304,"duration":"5ms","query":{"limit":"1000"}}
[2026-02-06 07:46:39] INFO: GET /exceptions/list | {"status":304,"duration":"2ms"}
[2026-02-06 07:46:39] INFO: GET /exceptions/list | {"status":304,"duration":"1ms"}
[2026-02-06 07:46:39] INFO: GET /calculation | {"status":200,"duration":"1ms"}
[2026-02-06 07:46:39] INFO: GET /calculation | {"status":304,"duration":"1ms"}
[2026-02-06 07:47:38] INFO: Schedule created | {"context":"SchedulesAPI","id":0,"targetType":"employee","targetId":15,"workStart":"09:00","workEnd":"13:01","workDays":[1,2,3,4,5]}
[2026-02-06 07:47:38] INFO: POST / | {"status":201,"duration":"7ms"}
[2026-02-06 07:47:38] INFO: GET / | {"status":200,"duration":"2ms"}
[2026-02-06 07:47:38] INFO: GET / | {"status":304,"duration":"1ms"}
[2026-02-06 07:47:38] INFO: GET / | {"status":304,"duration":"5ms","query":{"limit":"1000"}}
[2026-02-06 07:47:38] INFO: GET /exceptions/list | {"status":304,"duration":"1ms"}
[2026-02-06 07:47:38] INFO: GET /calculation | {"status":304,"duration":"1ms"}
[2026-02-06 07:48:04] INFO: Schedule updated | {"context":"SchedulesAPI","id":"1","updates":{"workStart":"09:00","workEnd":"18:00","lateTolerance":5,"workDays":[1,2,3,4,5],"validFrom":"2025-12-31","validTo":"2027-02-07"}}
[2026-02-06 07:48:04] INFO: PUT /1 | {"status":200,"duration":"11ms"}
[2026-02-06 07:48:04] INFO: GET / | {"status":200,"duration":"2ms"}
[2026-02-06 07:48:04] INFO: GET / | {"status":304,"duration":"1ms"}
[2026-02-06 07:48:04] INFO: GET / | {"status":304,"duration":"5ms","query":{"limit":"1000"}}
[2026-02-06 07:48:04] INFO: GET /exceptions/list | {"status":304,"duration":"1ms"}
[2026-02-06 07:48:04] INFO: GET /calculation | {"status":304,"duration":"1ms"}
[2026-02-06 07:56:34] DEBUG: Getting list of all tables | {"context":"DBExplorerAPI"}
[2026-02-06 07:56:34] INFO: GET /tables | {"status":200,"duration":"4ms"}
[2026-02-06 07:56:34] DEBUG: Getting list of all tables | {"context":"DBExplorerAPI"}
[2026-02-06 07:56:34] INFO: GET /tables | {"status":304,"duration":"3ms"}
[2026-02-06 07:57:08] DEBUG: Getting table data | {"context":"DBExplorerAPI","tableName":"work_schedules","limit":50,"offset":0}
[2026-02-06 07:57:08] INFO: GET /tables/work_schedules | {"status":200,"duration":"2ms","query":{"limit":"50","offset":"0"}}
